/*
SQLyog Ultimate v12.5.0 (64 bit)
MySQL - 8.0.11 : Database - zdtg_test
*********************************************************************
*/

/*!40101 SET NAMES utf8 */;

/*!40101 SET SQL_MODE=''*/;

/*!40014 SET @OLD_UNIQUE_CHECKS=@@UNIQUE_CHECKS, UNIQUE_CHECKS=0 */;
/*!40014 SET @OLD_FOREIGN_KEY_CHECKS=@@FOREIGN_KEY_CHECKS, FOREIGN_KEY_CHECKS=0 */;
/*!40101 SET @OLD_SQL_MODE=@@SQL_MODE, SQL_MODE='NO_AUTO_VALUE_ON_ZERO' */;
/*!40111 SET @OLD_SQL_NOTES=@@SQL_NOTES, SQL_NOTES=0 */;
CREATE DATABASE /*!32312 IF NOT EXISTS*/`zdtg_test` /*!40100 DEFAULT CHARACTER SET utf8 */;

USE `zdtg_test`;

/*Table structure for table `abnormal_out_img` */

DROP TABLE IF EXISTS `abnormal_out_img`;

CREATE TABLE `abnormal_out_img` (
  `id` int(11) unsigned NOT NULL AUTO_INCREMENT,
  `fileName` varchar(50) CHARACTER SET utf8mb4 COLLATE utf8mb4_bin DEFAULT NULL,
  `create_time` timestamp NULL DEFAULT CURRENT_TIMESTAMP,
  `deleted` bit(1) DEFAULT b'0',
  `store_id` int(11) DEFAULT NULL,
  `car_number` varchar(10) CHARACTER SET utf8mb4 COLLATE utf8mb4_bin DEFAULT NULL,
  `camera_id` int(11) DEFAULT NULL,
  PRIMARY KEY (`id`)
) ENGINE=InnoDB AUTO_INCREMENT=221 DEFAULT CHARSET=utf8mb4 COLLATE=utf8mb4_bin;

/*Data for the table `abnormal_out_img` */

insert  into `abnormal_out_img`(`id`,`fileName`,`create_time`,`deleted`,`store_id`,`car_number`,`camera_id`) values 
(1,'南屏镇/进场/1542155466309.jpg','2018-11-23 09:56:15','',5,NULL,17),
(2,'英华雷克萨斯/2018年12月21日/出场/1545360543372bccf.jpg','2018-12-21 10:49:03','\0',5,'京N895W9',21),
(3,'英华雷克萨斯/2018年12月21日/出场/154536054477226e9.jpg','2018-12-21 10:49:05','\0',5,'京N895W9',21),
(4,'英华雷克萨斯/2018年12月21日/出场/154536081851034be.jpg','2018-12-21 10:53:38','\0',5,'京QCC805',21),
(5,'英华雷克萨斯/2018年12月21日/出场/15453608204753615.jpg','2018-12-21 10:53:41','\0',5,'京QCC805',21),
(6,'英华雷克萨斯/2018年12月21日/出场/1545360821824968e.jpg','2018-12-21 10:53:42','\0',5,'京QCC805',21),
(7,'英华雷克萨斯/2018年12月21日/出场/1545360866959f092.jpg','2018-12-21 10:54:27','\0',5,'京Q22LQ0',21),
(8,'英华雷克萨斯/2018年12月21日/出场/154536086845785c2.jpg','2018-12-21 10:54:29','\0',5,'京Q22LQ0',21),
(9,'英华雷克萨斯/2018年12月21日/出场/15453612067474590.jpg','2018-12-21 11:00:07','\0',5,'京N90K27',21),
(20,'英华雷克萨斯/2018年12月21日/出场/1545361538690d843.jpg','2018-12-21 11:05:38','\0',5,'京Q9ME23',21),
(21,'英华雷克萨斯/2018年12月21日/出场/1545361539405b09d.jpg','2018-12-21 11:05:39','\0',5,'京Q9ME23',21),
(22,'英华雷克萨斯/2018年12月21日/出场/1545361540893ff68.jpg','2018-12-21 11:05:41','\0',5,'京Q9ME23',21),
(23,'英华雷克萨斯/2018年12月21日/出场/15453615423077ef7.jpg','2018-12-21 11:05:42','\0',5,'京Q9ME23',21),
(24,'英华雷克萨斯/2018年12月21日/出场/154536169847888ab.jpg','2018-12-21 11:08:18','\0',5,'京N936B2',21),
(25,'英华雷克萨斯/2018年12月21日/出场/1545361699693d985.jpg','2018-12-21 11:08:19','\0',5,'京N936B2',21),
(26,'英华雷克萨斯/2018年12月21日/出场/1545361701254c9ba.jpg','2018-12-21 11:08:21','\0',5,'京N936B2',21),
(27,'英华雷克萨斯/2018年12月21日/出场/15453619047221ad8.jpg','2018-12-21 11:11:44','\0',5,'湘A1J83N',21),
(28,'英华雷克萨斯/2018年12月21日/出场/15453619060635c5c.jpg','2018-12-21 11:11:46','\0',5,'湘A1J83N',21),
(29,'英华雷克萨斯/2018年12月21日/出场/154536190744682a2.jpg','2018-12-21 11:11:47','\0',5,'湘A1J83N',21),
(31,'英华雷克萨斯/2018年12月21日/出场/1545362063270e73f.jpg','2018-12-21 11:14:23','\0',5,'京N936B2',21),
(32,'英华雷克萨斯/2018年12月21日/出场/1545362064766cac6.jpg','2018-12-21 11:14:25','\0',5,'京N936B2',21),
(33,'英华雷克萨斯/2018年12月21日/出场/15453620661890a00.jpg','2018-12-21 11:14:26','\0',5,'京N936B2',21),
(37,'英华雷克萨斯/2018年12月21日/出场/15453628052779a2d.jpg','2018-12-21 11:26:45','\0',5,'京LT2896',21),
(38,'英华雷克萨斯/2018年12月21日/出场/1545362806687ca84.jpg','2018-12-21 11:26:47','\0',5,'京LT2896',21),
(39,'英华雷克萨斯/2018年12月21日/出场/15453628081429e97.jpg','2018-12-21 11:26:48','\0',5,'京LT2896',21),
(40,'英华雷克萨斯/2018年12月21日/出场/154536302332447c5.jpg','2018-12-21 11:30:23','\0',5,'京N936B2',21),
(41,'英华雷克萨斯/2018年12月21日/出场/1545363024792190f.jpg','2018-12-21 11:30:25','\0',5,'京N936B2',21),
(42,'英华雷克萨斯/2018年12月21日/出场/1545363026214875e.jpg','2018-12-21 11:30:26','\0',5,'京N936B2',21),
(43,'英华雷克萨斯/2018年12月21日/出场/15453632121292cff.jpg','2018-12-21 11:33:32','\0',5,'京NK9388',21),
(44,'英华雷克萨斯/2018年12月21日/出场/1545363213401c9f2.jpg','2018-12-21 11:33:33','\0',5,'京NK9388',21),
(45,'英华雷克萨斯/2018年12月21日/出场/1545363296789130a.jpg','2018-12-21 11:34:57','\0',5,'京N936B2',21),
(46,'英华雷克萨斯/2018年12月21日/出场/15453633903941f9d.jpg','2018-12-21 11:36:30','\0',5,'京N936B2',21),
(47,'英华雷克萨斯/2018年12月21日/出场/1545363391818d660.jpg','2018-12-21 11:36:32','\0',5,'京N936B2',21),
(48,'英华雷克萨斯/2018年12月21日/出场/15453633929240a85.jpg','2018-12-21 11:36:33','\0',5,'京N936B2',21),
(49,'英华雷克萨斯/2018年12月21日/出场/154536343336922d1.jpg','2018-12-21 11:37:13','\0',5,'京N936B2',21),
(54,'英华雷克萨斯/2018年12月21日/出场/15453638987569d08.jpg','2018-12-21 11:44:58','\0',5,'京QD88T5',21),
(55,'英华雷克萨斯/2018年12月21日/出场/1545363899985a872.jpg','2018-12-21 11:45:01','\0',5,'京QD88T5',21),
(56,'英华雷克萨斯/2018年12月21日/出场/1545364152782c42f.jpg','2018-12-21 11:49:13','\0',5,'晋BNQ260',21),
(57,NULL,'2018-12-21 11:49:14','\0',5,'晋BNQ260',21),
(58,'英华雷克萨斯/2018年12月21日/出场/1545364155984a96d.jpg','2018-12-21 11:49:16','\0',5,'晋BNQ260',21),
(59,'英华雷克萨斯/2018年12月21日/出场/15453641571007de0.jpg','2018-12-21 11:49:17','\0',5,'晋BNQ260',21),
(60,'英华雷克萨斯/2018年12月21日/出场/154536421457341f2.jpg','2018-12-21 11:50:14','\0',5,'鄂A23C5G',21),
(61,'英华雷克萨斯/2018年12月21日/出场/1545364215666e131.jpg','2018-12-21 11:50:15','\0',5,'鄂A23C5G',21),
(62,'英华雷克萨斯/2018年12月21日/出场/1545364277333dae9.jpg','2018-12-21 11:51:17','\0',5,'京N80J35',21),
(63,'英华雷克萨斯/2018年12月21日/出场/15453642786982688.jpg','2018-12-21 11:51:19','\0',5,'京N80J35',21),
(64,'英华雷克萨斯/2018年12月21日/出场/15453645684286ee3.jpg','2018-12-21 11:56:08','\0',5,'京N936B2',21),
(65,'英华雷克萨斯/2018年12月21日/出场/1545365651356af9e.jpg','2018-12-21 12:14:11','\0',5,'冀R7H1L7',21),
(66,'英华雷克萨斯/2018年12月21日/出场/15453656538327707.jpg','2018-12-21 12:14:14','\0',5,'冀R7H1L7',21),
(67,'英华雷克萨斯/2018年12月21日/出场/15453660025787be2.jpg','2018-12-21 12:20:03','\0',5,'京JBC805',21),
(68,'英华雷克萨斯/2018年12月21日/出场/15453660049636c6b.jpg','2018-12-21 12:20:05','\0',5,'京JBC805',21),
(69,'英华雷克萨斯/2018年12月21日/出场/15453662306391a07.jpg','2018-12-21 12:23:50','\0',5,'京N055E9',21),
(70,'英华雷克萨斯/2018年12月21日/出场/15453670539245275.jpg','2018-12-21 12:37:34','\0',5,'京QP7823',21),
(71,'英华雷克萨斯/2018年12月21日/出场/154536717255061d5.jpg','2018-12-21 12:39:32','\0',5,'京PHU358',21),
(72,'英华雷克萨斯/2018年12月21日/出场/154536717382554a9.jpg','2018-12-21 12:39:33','\0',5,'京PHU358',21),
(73,'英华雷克萨斯/2018年12月21日/出场/1545368242644e7b2.jpg','2018-12-21 12:57:23','\0',5,'京L06599',21),
(74,'英华雷克萨斯/2018年12月21日/出场/15453682441016b97.jpg','2018-12-21 12:57:24','\0',5,'京L06599',21),
(75,'英华雷克萨斯/2018年12月21日/出场/1545368869803a7e0.jpg','2018-12-21 13:07:50','\0',5,'京MH8783',21),
(76,'英华雷克萨斯/2018年12月21日/出场/15453688713759870.jpg','2018-12-21 13:07:51','\0',5,'京MH8783',21),
(77,'英华雷克萨斯/2018年12月21日/出场/1545369839005fcd4.jpg','2018-12-21 13:23:59','\0',5,'京QD09T9',21),
(78,'英华雷克萨斯/2018年12月21日/出场/1545369963424e3bb.jpg','2018-12-21 13:26:03','\0',5,'京NT80B8',21),
(79,'英华雷克萨斯/2018年12月21日/出场/1545370176402e24e.jpg','2018-12-21 13:29:36','\0',5,'京JFQ866',21),
(80,'英华雷克萨斯/2018年12月21日/出场/1545370210659b6dc.jpg','2018-12-21 13:30:10','\0',5,'京N3M7P0',21),
(81,'英华雷克萨斯/2018年12月21日/出场/15453716084844641.jpg','2018-12-21 13:53:28','\0',5,'京NF54A3',21),
(82,'英华雷克萨斯/2018年12月21日/出场/15453716095011bfc.jpg','2018-12-21 13:53:29','\0',5,'京NF54A3',21),
(83,'英华雷克萨斯/2018年12月21日/出场/154537163394064ce.jpg','2018-12-21 13:53:54','\0',5,'京NVL219',21),
(84,'英华雷克萨斯/2018年12月21日/出场/15453716353376519.jpg','2018-12-21 13:53:55','\0',5,'京NVL219',21),
(85,'英华雷克萨斯/2018年12月21日/出场/1545371636686d662.jpg','2018-12-21 13:53:56','\0',5,'京NVL219',21),
(89,'英华雷克萨斯/2018年12月21日/出场/1545372345462b1a6.jpg','2018-12-21 14:05:45','\0',5,'京PF5Q35',21),
(90,'英华雷克萨斯/2018年12月21日/出场/15453723465595220.jpg','2018-12-21 14:05:46','\0',5,'京PF5Q35',21),
(91,'英华雷克萨斯/2018年12月21日/出场/15453723988263b37.jpg','2018-12-21 14:06:39','\0',5,'京NN76X8',21),
(92,'英华雷克萨斯/2018年12月21日/出场/1545372759518c1aa.jpg','2018-12-21 14:12:39','\0',5,'京Q55WR8',21),
(93,'英华雷克萨斯/2018年12月21日/出场/1545372760640148b.jpg','2018-12-21 14:12:41','\0',5,'京Q55WR8',21),
(94,'英华雷克萨斯/2018年12月21日/出场/154537284501071c7.jpg','2018-12-21 14:14:05','\0',5,'京NS9D69',21),
(95,'英华雷克萨斯/2018年12月21日/出场/1545372846452ab36.jpg','2018-12-21 14:14:06','\0',5,'京NS9D69',21),
(96,'英华雷克萨斯/2018年12月21日/出场/1545372854725af59.jpg','2018-12-21 14:14:14','\0',5,'京QS1J20',21),
(97,'英华雷克萨斯/2018年12月21日/出场/15453728556957e26.jpg','2018-12-21 14:14:16','\0',5,'京QS1J20',21),
(98,'英华雷克萨斯/2018年12月21日/出场/154537290619145a2.jpg','2018-12-21 14:15:06','\0',5,'京N936B2',21),
(99,'英华雷克萨斯/2018年12月21日/出场/1545372907195dffc.jpg','2018-12-21 14:15:07','\0',5,'京N936B2',21),
(100,'英华雷克萨斯/2018年12月21日/出场/15453733225463750.jpg','2018-12-21 14:22:02','\0',5,'京LEH688',21),
(101,'英华雷克萨斯/2018年12月21日/出场/1545373323931bcd6.jpg','2018-12-21 14:22:03','\0',5,'京LEH688',21),
(102,'英华雷克萨斯/2018年12月21日/出场/1545373325078d8b8.jpg','2018-12-21 14:22:05','\0',5,'京LEH688',21),
(103,'英华雷克萨斯/2018年12月21日/出场/15453733418415079.jpg','2018-12-21 14:22:22','\0',5,'冀R3H2Q4',21),
(104,'英华雷克萨斯/2018年12月21日/出场/15453733427289830.jpg','2018-12-21 14:22:23','\0',5,'冀R3H2Q4',21),
(105,'英华雷克萨斯/2018年12月21日/出场/1545373626196b11c.jpg','2018-12-21 14:27:06','\0',5,'陕A3W2Q7',21),
(106,'英华雷克萨斯/2018年12月21日/出场/154537362907863ad.jpg','2018-12-21 14:27:09','\0',5,'京CBV562',21),
(107,'英华雷克萨斯/2018年12月21日/出场/1545374551021b2c5.jpg','2018-12-21 14:42:31','\0',5,'冀RZD060',21),
(108,'英华雷克萨斯/2018年12月21日/出场/154537466796140d8.jpg','2018-12-21 14:44:28','\0',5,'京Q6M118',21),
(109,'英华雷克萨斯/2018年12月21日/出场/1545374669347cb1b.jpg','2018-12-21 14:44:29','\0',5,'京Q6M118',21),
(112,'英华雷克萨斯/2018年12月21日/出场/15453749559209d39.jpg','2018-12-21 14:49:16','\0',5,'京P26827',21),
(113,'英华雷克萨斯/2018年12月21日/出场/15453749574011563.jpg','2018-12-21 14:49:17','\0',5,'京P26827',21),
(114,'英华雷克萨斯/2018年12月21日/出场/1545375624161a157.jpg','2018-12-21 15:00:24','\0',5,'京YY9999',21),
(115,'英华雷克萨斯/2018年12月21日/出场/15453756254867a36.jpg','2018-12-21 15:00:25','\0',5,'京YY9999',21),
(116,'英华雷克萨斯/2018年12月21日/出场/15453757226912c89.jpg','2018-12-21 15:02:03','\0',5,'京LY0578',21),
(119,'英华雷克萨斯/2018年12月21日/出场/15453761511622001.jpg','2018-12-21 15:09:11','\0',5,'京KZ9693',21),
(120,'英华雷克萨斯/2018年12月21日/出场/1545376152136dbec.jpg','2018-12-21 15:09:12','\0',5,'京KZ9693',21),
(121,'英华雷克萨斯/2018年12月21日/出场/15453761532347b10.jpg','2018-12-21 15:09:13','\0',5,'京KZ9693',21),
(122,'英华雷克萨斯/2018年12月21日/出场/15453761552114637.jpg','2018-12-21 15:09:15','\0',5,'京KZ9693',21),
(123,'英华雷克萨斯/2018年12月21日/出场/15453763962330d90.jpg','2018-12-21 15:13:16','\0',5,'京NP9M58',21),
(124,'英华雷克萨斯/2018年12月21日/出场/1545376397912dbcf.jpg','2018-12-21 15:13:17','\0',5,'京NP9M58',21),
(125,'英华雷克萨斯/2018年12月21日/出场/1545376472327b3ae.jpg','2018-12-21 15:14:32','\0',5,'京Q62FX9',21),
(126,'英华雷克萨斯/2018年12月21日/出场/15453766864206092.jpg','2018-12-21 15:18:06','\0',5,'京PGE359',21),
(127,'英华雷克萨斯/2018年12月21日/出场/1545376687512be2d.jpg','2018-12-21 15:18:08','\0',5,'京PGE359',21),
(128,'英华雷克萨斯/2018年12月21日/出场/1545376989859d6cf.jpg','2018-12-21 15:23:10','\0',5,'冀R82E88',21),
(129,'英华雷克萨斯/2018年12月21日/出场/1545377587080bb83.jpg','2018-12-21 15:33:07','\0',5,'冀RN4N25',21),
(130,'英华雷克萨斯/2018年12月21日/出场/15453775894921b45.jpg','2018-12-21 15:33:09','\0',5,'冀RN4N25',21),
(131,'英华雷克萨斯/2018年12月21日/出场/15453775941642edf.jpg','2018-12-21 15:33:14','\0',5,'冀RNJ795',21),
(132,'英华雷克萨斯/2018年12月21日/出场/15453775956602f6c.jpg','2018-12-21 15:33:15','\0',5,'冀RNJ795',21),
(133,'英华雷克萨斯/2018年12月21日/出场/154537760721117b5.jpg','2018-12-21 15:33:27','\0',5,'京BU7488',21),
(135,'英华雷克萨斯/2018年12月21日/出场/15453778000873439.jpg','2018-12-21 15:36:40','\0',5,'京LT5712',21),
(136,'英华雷克萨斯/2018年12月21日/出场/154537780166792f9.jpg','2018-12-21 15:36:42','\0',5,'京LT5712',21),
(137,'英华雷克萨斯/2018年12月21日/出场/1545378004744d00d.jpg','2018-12-21 15:40:04','\0',5,'宁A6K635',21),
(138,'英华雷克萨斯/2018年12月21日/出场/15453780061262d69.jpg','2018-12-21 15:40:06','\0',5,'宁A6K635',21),
(139,'英华雷克萨斯/2018年12月21日/出场/154537830048354b2.jpg','2018-12-21 15:45:00','\0',5,'京QC3637',21),
(140,'英华雷克萨斯/2018年12月21日/出场/1545378311486ce14.jpg','2018-12-21 15:45:11','\0',5,'京QC3637',21),
(141,'英华雷克萨斯/2018年12月21日/出场/1545379099880ff6e.jpg','2018-12-21 15:58:19','\0',5,'京ACH337',21),
(142,'英华雷克萨斯/2018年12月21日/出场/154537910528123df.jpg','2018-12-21 15:58:25','\0',5,'京ACL561',21),
(143,'英华雷克萨斯/2018年12月21日/出场/1545379143469e542.jpg','2018-12-21 15:59:03','\0',5,'京NTQ033',21),
(144,'英华雷克萨斯/2018年12月21日/出场/15453791447715725.jpg','2018-12-21 15:59:04','\0',5,'京NTQ033',21),
(145,'英华雷克萨斯/2018年12月21日/出场/1545379435815503f.jpg','2018-12-21 16:03:55','\0',5,'京EBF050',21),
(146,'英华雷克萨斯/2018年12月21日/出场/1545379437123b607.jpg','2018-12-21 16:03:57','\0',5,'京EBF050',21),
(147,'英华雷克萨斯/2018年12月21日/出场/15453795676119aa9.jpg','2018-12-21 16:06:07','\0',5,'京NN76X8',21),
(148,'英华雷克萨斯/2018年12月25日/出场/15457086436117b2b.jpg','2018-12-25 11:30:43','\0',5,'京LEL527',21),
(149,'英华雷克萨斯/2018年12月25日/出场/15457087964905c61.jpg','2018-12-25 11:33:17','\0',5,'京N428N8',21),
(150,'英华雷克萨斯/2018年12月25日/出场/15457089658284d57.jpg','2018-12-25 11:36:06','',5,'京QC3760',21),
(151,NULL,'2018-12-25 11:36:07','\0',5,'京QC3760',21),
(152,'英华雷克萨斯/2018年12月25日/出场/15457092201971014.jpg','2018-12-25 11:40:20','\0',5,'琼BB6572',21),
(153,'英华雷克萨斯/2018年12月25日/出场/1545709220976a1ff.jpg','2018-12-25 11:40:21','\0',5,'琼BB6572',21),
(154,'英华雷克萨斯/2018年12月25日/出场/15457092642404722.jpg','2018-12-25 11:41:04','\0',5,'京JBQ536',21),
(155,'英华雷克萨斯/2018年12月25日/出场/1545709266729fcb0.jpg','2018-12-25 11:41:06','\0',5,'京JBQ536',21),
(156,'英华雷克萨斯/2018年12月25日/出场/1545709268340b4ff.jpg','2018-12-25 11:41:08','\0',5,'京JBQ536',21),
(157,'英华雷克萨斯/2018年12月25日/出场/1545709278694638a.jpg','2018-12-25 11:41:18','\0',5,'京JBQ536',21),
(158,'英华雷克萨斯/2018年12月25日/出场/154570927969586e1.jpg','2018-12-25 11:41:19','\0',5,'京JBQ536',21),
(159,'英华雷克萨斯/2018年12月25日/出场/154570928073997e3.jpg','2018-12-25 11:41:21','\0',5,'京JBQ536',21),
(160,'英华雷克萨斯/2018年12月25日/出场/154571037449960d9.jpg','2018-12-25 11:59:34','\0',5,'京PJ5805',21),
(161,'英华雷克萨斯/2018年12月25日/出场/1545710375837156d.jpg','2018-12-25 11:59:36','\0',5,'京PJ5805',21),
(162,'英华雷克萨斯/2018年12月25日/出场/1545710377747fb1b.jpg','2018-12-25 11:59:37','\0',5,'京PJ5805',21),
(163,'英华雷克萨斯/2018年12月25日/出场/1545710378955c004.jpg','2018-12-25 11:59:39','\0',5,'京PJ5805',21),
(164,'英华雷克萨斯/2018年12月25日/出场/1545710457300ca73.jpg','2018-12-25 12:00:57','\0',5,'京KR8896',21),
(165,'英华雷克萨斯/2018年12月25日/出场/15457104582121c0d.jpg','2018-12-25 12:00:58','\0',5,'京KR8896',21),
(166,'英华雷克萨斯/2018年12月25日/出场/1545710467611715a.jpg','2018-12-25 12:01:07','\0',5,'京FW1011',21),
(167,'英华雷克萨斯/2018年12月25日/出场/154571062619553e5.jpg','2018-12-25 12:03:46','\0',5,'京NFY521',21),
(169,'英华雷克萨斯/2018年12月25日/出场/154571104028826aa.jpg','2018-12-25 12:10:40','\0',5,'京QWM129',21),
(170,'英华雷克萨斯/2018年12月25日/出场/1545711145191a17f.jpg','2018-12-25 12:12:25','\0',5,'京NS9D69',21),
(171,'英华雷克萨斯/2018年12月25日/出场/15457111468580f38.jpg','2018-12-25 12:12:26','\0',5,'京NS9D69',21),
(172,'英华雷克萨斯/2018年12月25日/出场/15457111482635212.jpg','2018-12-25 12:12:28','\0',5,'京NS9D69',21),
(173,'英华雷克萨斯/2018年12月25日/出场/15457111861149af6.jpg','2018-12-25 12:13:06','\0',5,'京QH5D32',21),
(174,'英华雷克萨斯/2018年12月25日/出场/15457112673905a6c.jpg','2018-12-25 12:14:27','\0',5,'京QS7J25',21),
(175,'英华雷克萨斯/2018年12月25日/出场/1545711270344f6fc.jpg','2018-12-25 12:14:30','\0',5,'京P708G5',21),
(176,'英华雷克萨斯/2018年12月25日/出场/1545711271713b42e.jpg','2018-12-25 12:14:31','\0',5,'京P708G5',21),
(177,'英华雷克萨斯/2018年12月25日/出场/1545711348376c7df.jpg','2018-12-25 12:15:49','\0',5,'辽B1F6K7',21),
(178,'英华雷克萨斯/2018年12月25日/出场/1545711760149405d.jpg','2018-12-25 12:22:40','\0',5,'京N3G532',21),
(179,NULL,'2018-12-25 12:22:41','\0',5,'京N3G532',21),
(180,'英华雷克萨斯/2018年12月25日/出场/15457117933947ef1.jpg','2018-12-25 12:23:13','\0',5,'京PFY622',21),
(181,'英华雷克萨斯/2018年12月25日/出场/154571241229424ca.jpg','2018-12-25 12:33:32','\0',5,'京NTT290',21),
(182,'英华雷克萨斯/2018年12月25日/出场/15457124140086cd2.jpg','2018-12-25 12:33:34','\0',5,'京NTT290',21),
(183,'英华雷克萨斯/2018年12月25日/出场/1545712742661ad83.jpg','2018-12-25 12:39:03','\0',5,'冀B7LQ06',21),
(184,'英华雷克萨斯/2018年12月25日/出场/1545712744235a93e.jpg','2018-12-25 12:39:04','\0',5,'冀B7LQ06',21),
(185,'英华雷克萨斯/2018年12月25日/出场/15457127459833f06.jpg','2018-12-25 12:39:06','\0',5,'冀B7LQ06',21),
(186,'英华雷克萨斯/2018年12月25日/出场/15457128427138975.jpg','2018-12-25 12:40:43','\0',5,'京CG2266',21),
(187,'英华雷克萨斯/2018年12月25日/出场/15457128513239d52.jpg','2018-12-25 12:40:51','\0',5,'京N8F0X9',21),
(188,'英华雷克萨斯/2018年12月25日/出场/1545712853236a205.jpg','2018-12-25 12:40:53','',5,'京N8F0X9',21),
(189,'英华雷克萨斯/2018年12月25日/出场/15457137057637ce5.jpg','2018-12-25 12:55:06','\0',5,'冀C7866M',21),
(192,'英华雷克萨斯/2018年12月25日/出场/1545714411056b55f.jpg','2018-12-25 13:06:51','\0',5,'京QLX867',21),
(193,'英华雷克萨斯/2018年12月25日/出场/15457149788958c47.jpg','2018-12-25 13:16:19','\0',5,'京LB7589',21),
(194,'英华雷克萨斯/2018年12月25日/出场/15457149827479429.jpg','2018-12-25 13:16:23','\0',5,'京Q88LY1',21),
(198,'英华雷克萨斯/2018年12月25日/出场/1545715374018df26.jpg','2018-12-25 13:22:54','\0',5,'京QQ2J66',21),
(199,'英华雷克萨斯/2018年12月25日/出场/1545715375592ea45.jpg','2018-12-25 13:22:55','\0',5,'京QQ2J66',21),
(200,'英华雷克萨斯/2018年12月25日/出场/15457154147478c8e.jpg','2018-12-25 13:23:34','\0',5,'蒙DHA897',21),
(201,'英华雷克萨斯/2018年12月25日/出场/1545715416100b736.jpg','2018-12-25 13:23:36','\0',5,'蒙DHA897',21),
(202,'英华雷克萨斯/2018年12月25日/出场/1545715483436967e.jpg','2018-12-25 13:24:43','',5,'京JAN018',21),
(203,'英华雷克萨斯/2018年12月25日/出场/1545715686581b61a.jpg','2018-12-25 13:28:07','\0',5,'京E64552',21),
(204,'英华雷克萨斯/2018年12月25日/出场/1545715688089d51f.jpg','2018-12-25 13:28:08','\0',5,'京E64552',21),
(205,'英华雷克萨斯/2018年12月25日/出场/1545716078258850f.jpg','2018-12-25 13:34:38','\0',5,'京N1LE41',21),
(206,'英华雷克萨斯/2018年12月25日/出场/1545716079633c549.jpg','2018-12-25 13:34:40','\0',5,'京N1LE41',21),
(207,'英华雷克萨斯/2018年12月25日/出场/1545716081250dbc3.jpg','2018-12-25 13:34:41','\0',5,'京N1LE41',21),
(209,'英华雷克萨斯/2018年12月25日/出场/1545716280751eb39.jpg','2018-12-25 13:38:01','\0',5,'京LB7589',21),
(210,'英华雷克萨斯/2018年12月25日/出场/1545716292197e1c5.jpg','2018-12-25 13:38:12','\0',5,'京Q1FR19',21),
(211,'英华雷克萨斯/2018年12月25日/出场/1545716442336755a.jpg','2018-12-25 13:40:42','\0',5,'京MFA365',21),
(212,'英华雷克萨斯/2018年12月25日/出场/1545716448637529a.jpg','2018-12-25 13:40:49','\0',5,'京ADW872',21),
(213,'英华雷克萨斯/2018年12月25日/出场/1545716452194a02e.jpg','2018-12-25 13:40:52','\0',5,'京ADW872',21),
(217,'英华雷克萨斯/2018年12月25日/出场/1545717340600398c.jpg','2018-12-25 13:55:41','\0',5,'京NQ6K18',21),
(218,'英华雷克萨斯/2018年12月25日/出场/15457173423449189.jpg','2018-12-25 13:55:42','\0',5,'京NQ6K18',21),
(219,'英华雷克萨斯/2018年12月25日/出场/1545717409732c55c.jpg','2018-12-25 13:56:50','\0',5,'京E85564',21),
(220,'英华雷克萨斯/2018年12月25日/出场/154571741172680d9.jpg','2018-12-25 13:56:52','\0',5,'京E85564',21);

/*Table structure for table `bx_city` */

DROP TABLE IF EXISTS `bx_city`;

CREATE TABLE `bx_city` (
  `city_code` varchar(20) NOT NULL COMMENT '城市CODE',
  `city_name` varchar(30) NOT NULL COMMENT '城市名称',
  PRIMARY KEY (`city_code`)
) ENGINE=InnoDB DEFAULT CHARSET=utf8 COMMENT='城市表';

/*Data for the table `bx_city` */

insert  into `bx_city`(`city_code`,`city_name`) values 
('110100','北京市');

/*Table structure for table `bx_ic_account` */

DROP TABLE IF EXISTS `bx_ic_account`;

CREATE TABLE `bx_ic_account` (
  `id` int(11) NOT NULL AUTO_INCREMENT,
  `account` varchar(50) DEFAULT NULL COMMENT '保险公司出单账号',
  `password` varchar(20) DEFAULT NULL COMMENT '保险公司密码',
  `store_id` int(11) DEFAULT NULL COMMENT '门店名称，关联cms_store的id',
  `ic_code` varchar(11) DEFAULT NULL COMMENT '保险公司代码，关联bx_ic_info的ic_code',
  `bind_login_url` varchar(50) DEFAULT NULL COMMENT '选择平安时,必填',
  `mac` varchar(50) DEFAULT NULL COMMENT '账号登录绑定机器mac地址',
  `ip` varchar(50) DEFAULT NULL COMMENT '账号登录绑定ip地址',
  `create_time` timestamp NOT NULL DEFAULT CURRENT_TIMESTAMP COMMENT '账号记录创建日期',
  `create_user` int(11) DEFAULT NULL COMMENT '账号记创建人',
  `update_time` timestamp NULL DEFAULT NULL COMMENT '账号记录修改日期',
  `agency_code` varchar(50) DEFAULT NULL COMMENT '机构代码',
  `remark` varchar(100) DEFAULT NULL COMMENT '备注',
  `sync_state` int(2) DEFAULT '0' COMMENT '同步状态： 0-未同步 1-已同步 2-无效',
  PRIMARY KEY (`id`)
) ENGINE=InnoDB AUTO_INCREMENT=37 DEFAULT CHARSET=utf8 COMMENT='店保险公司账号管理';

/*Data for the table `bx_ic_account` */

insert  into `bx_ic_account`(`id`,`account`,`password`,`store_id`,`ic_code`,`bind_login_url`,`mac`,`ip`,`create_time`,`create_user`,`update_time`,`agency_code`,`remark`,`sync_state`) values 
(6,'BJFYQC-00001','RYPAIC-001',8,'cpicn',NULL,'3C:2B:00:25:33:4V','192.169.2.2','2019-03-08 17:04:54',1,NULL,'15000T03','火咖数据',-1),
(7,'BJFYQC-00088','RYPAIC-088',14,'cpicn','产险业务新核心系统AB','3C:2B:00:25:33:4V','192.169.2.2','2019-03-08 17:04:56',1,'2019-03-04 17:27:16','15000T03','火咖数据',-1),
(8,'BJFYQC-00003','RYPAIC-003',6,'ccic','产险业务新核心系统3','3C:2B:00:25:33:4V','192.169.2.2','2019-03-08 17:04:58',1,NULL,'15000T03','火咖数据',-1),
(35,'BJFYQC-00007','RYPAIC-007',5,'ccic','产险业务新核心系统3','3C:2B:00:25:33:4V','192.169.2.2','2019-03-09 17:17:41',1,'2019-03-09 17:32:04','15000T03','火咖数据',0),
(36,'1243','1235',1,'pingan','产险合作伙伴交易服务平台','12345','12345','2019-03-09 13:41:49',1,'2019-03-09 13:41:49','','12345',1);

/*Table structure for table `bx_ic_info` */

DROP TABLE IF EXISTS `bx_ic_info`;

CREATE TABLE `bx_ic_info` (
  `id` int(11) NOT NULL AUTO_INCREMENT,
  `ic_code` varchar(30) DEFAULT NULL COMMENT '保险公司简称，字母代码',
  `ic_name` varchar(60) DEFAULT NULL COMMENT '保险公司中文名称',
  `ic_shortname` varchar(60) DEFAULT NULL COMMENT '保险公司中文简称',
  PRIMARY KEY (`id`)
) ENGINE=InnoDB AUTO_INCREMENT=33 DEFAULT CHARSET=utf8 COMMENT='保险公司表';

/*Data for the table `bx_ic_info` */

insert  into `bx_ic_info`(`id`,`ic_code`,`ic_name`,`ic_shortname`) values 
(1,'acic','安诚保险','安诚'),
(2,'axatp','安盛天平车险','安盛天平'),
(3,'axic','安心保险','安心'),
(4,'boci','中银','中银'),
(5,'bpic','渤海财险','渤海'),
(6,'caic','长安保险','长安'),
(7,'ccic','大地车险','大地'),
(8,'chac','诚泰','诚泰'),
(9,'cicp','中华联合','中华联合'),
(10,'cpicn','太平洋保险(新)','太平洋'),
(11,'dhic','鼎和','鼎和'),
(12,'ecpic','太平洋保险','太平洋'),
(13,'epicc','人保车险','人保'),
(14,'gpic','国寿财车险','国寿财'),
(15,'gyic','国元农业','国元农业'),
(16,'haic','华安保险','华安'),
(17,'hhbx','华海保险','华海'),
(18,'lbic','利宝车险','利宝'),
(19,'pingan','平安车险','平安'),
(20,'slic','富德车险','富德'),
(21,'taic','天安','天安'),
(22,'taiping','中国太平保险','中国太平'),
(23,'tsbx','泰山保险','泰山'),
(24,'upic','合众车险','合众'),
(25,'yaicn','永安车险','永安'),
(26,'ydcx','英大财险','英大'),
(27,'ygic','阳光保险','阳光'),
(28,'ytcx','亚太财险','亚太'),
(29,'ytic','亚太财险','亚太'),
(30,'yzic','燕赵财险','燕赵'),
(31,'zfic','珠峰车险','珠峰'),
(32,'zmbx','中煤保险','中煤');

/*Table structure for table `bx_ic_temporary` */

DROP TABLE IF EXISTS `bx_ic_temporary`;

CREATE TABLE `bx_ic_temporary` (
  `id` int(11) NOT NULL AUTO_INCREMENT,
  `user_id` int(11) DEFAULT NULL COMMENT 'sys_user的userid',
  `insured_name` varchar(16) DEFAULT NULL COMMENT '临时被保人',
  `certificate` varchar(2) DEFAULT NULL COMMENT '证件类型:01-身份证;02-护照;07-组织机构代码;09-统一社会信用代码;11-营业执照号',
  `certificate_number` varchar(32) DEFAULT NULL COMMENT '证件号码',
  `insured_mobile` varchar(15) DEFAULT NULL COMMENT '手机号码',
  `insured_email` varchar(40) DEFAULT NULL COMMENT '电子邮箱',
  `account_type` varchar(2) DEFAULT NULL COMMENT '账号类型：01-个人;02-公户',
  `create_time` timestamp NOT NULL DEFAULT CURRENT_TIMESTAMP COMMENT '创建时间',
  `update_time` timestamp NULL DEFAULT NULL COMMENT '更新操作时间',
  PRIMARY KEY (`id`)
) ENGINE=InnoDB AUTO_INCREMENT=16 DEFAULT CHARSET=utf8 COMMENT='设置临时投保人信息';

/*Data for the table `bx_ic_temporary` */

insert  into `bx_ic_temporary`(`id`,`user_id`,`insured_name`,`certificate`,`certificate_number`,`insured_mobile`,`insured_email`,`account_type`,`create_time`,`update_time`) values 
(14,1,'嗡12','01','130602199501010633','18812345678','invented@gmail.com','01','2019-03-15 13:57:12','2019-03-15 14:15:57'),
(15,1,'北京斌晨科技有限公司','07','1335689335448','18812345678','invented@gmail.com','02','2019-03-15 14:07:13','2019-03-15 14:18:06');

/*Table structure for table `bx_quote` */

DROP TABLE IF EXISTS `bx_quote`;

CREATE TABLE `bx_quote` (
  `id` int(11) NOT NULL AUTO_INCREMENT,
  `licenseplate` varchar(20) DEFAULT NULL COMMENT '车牌号',
  `engine_no` varchar(20) DEFAULT NULL COMMENT '发动机号',
  `vin` varchar(20) DEFAULT NULL COMMENT '车架号',
  `owner_name` varchar(20) DEFAULT NULL COMMENT '车主姓名',
  `quote_date` date DEFAULT NULL COMMENT '报价日期',
  `quete_user` int(11) DEFAULT NULL COMMENT '报价人ID',
  `quote_user_name` varchar(50) DEFAULT NULL COMMENT '报价人名称',
  `store_id` int(11) DEFAULT NULL COMMENT '门店ID',
  `create_time` timestamp NULL DEFAULT CURRENT_TIMESTAMP,
  `vehicle_id` int(11) DEFAULT NULL COMMENT '车档ID',
  PRIMARY KEY (`id`)
) ENGINE=InnoDB AUTO_INCREMENT=61 DEFAULT CHARSET=utf8 COMMENT='报价汇总记录';

/*Data for the table `bx_quote` */

insert  into `bx_quote`(`id`,`licenseplate`,`engine_no`,`vin`,`owner_name`,`quote_date`,`quete_user`,`quote_user_name`,`store_id`,`create_time`,`vehicle_id`) values 
(4,'冀RP7P83','161910155','LSGBC5348GG169183','罗承裕','2019-03-09',1,'admin',1,NULL,NULL),
(5,'冀RP7P83','161910155','LSGBC5348GG169183','罗承裕','2019-03-09',1,'admin',1,NULL,NULL),
(6,'冀RP7P83','161910155','LSGBC5348GG169183','罗承裕','2019-03-09',1,'admin',1,NULL,NULL),
(7,'冀RP7P83','161910155','LSGBC5348GG169183','罗承裕','2019-03-09',1,'admin',1,NULL,NULL),
(8,'冀RP7P83','161910155','LSGBC5348GG169183','罗承裕','2019-03-09',1,'admin',1,NULL,NULL),
(9,'冀RP7P83','161910155','LSGBC5348GG169183','罗承裕','2019-03-09',1,'admin',1,'2019-03-09 16:50:51',NULL),
(10,'冀RP7P83','161910155','LSGBC5348GG169183','罗承裕','2019-03-09',1,'admin',1,'2019-03-09 16:52:21',NULL),
(11,'冀RP7P83','161910155','LSGBC5348GG169183','罗承裕','2019-03-09',1,'admin',1,'2019-03-09 18:07:38',183),
(12,'京NGF788','108228D','LGBM4DE41ED003524','方斌','2019-03-09',1,'admin',1,'2019-03-09 18:19:04',NULL),
(13,'冀RP7P83','161910155',NULL,'罗承裕','2019-03-09',1,'admin',1,'2019-03-09 18:47:47',NULL),
(14,'冀RP7P83','161910155','LSGBC5348GG169183','罗承裕','2019-03-09',1,'admin',1,'2019-03-09 19:58:20',NULL),
(15,'冀RP7P83','161910155','LSGBC5348GG169183','罗承裕','2019-03-09',1,'admin',1,'2019-03-09 19:59:41',NULL),
(16,'京P3WP50','1003782',NULL,'李秀凤','2019-03-11',1,'admin',1,'2019-03-11 13:08:08',NULL),
(17,'冀D031B3','Q187556','LVGBJE737HG208220','赵鹏飞','2019-03-11',1,'admin',1,'2019-03-11 13:11:23',NULL),
(18,'京Q997Y2','E1097632',NULL,'郭晨','2019-03-11',1,'admin',1,'2019-03-11 13:13:02',NULL),
(19,'京QT87K9','Z62181','LFV2A21K5E4215478','姜楠','2019-03-11',1,'admin',1,'2019-03-11 13:19:55',NULL),
(20,'冀RP7P83','161910155','LSGBC5348GG169183','罗承裕','2019-03-11',1,'admin',1,'2019-03-11 13:50:30',183),
(21,'京QFP137','9318241',NULL,'深圳市康乐菲装饰工程有限公司北京分公司','2019-03-11',1,'admin',1,'2019-03-11 14:19:02',NULL),
(22,'京HV0475','1015190',NULL,'林红','2019-03-11',1,'admin',1,'2019-03-11 14:21:16',NULL),
(23,'冀RP7P83','161910155','LSGBC5348GG169183','罗承裕','2019-03-11',1,'admin',1,'2019-03-11 15:10:30',183),
(24,'冀D031B3','Q187556','LVGBJE737HG208220','赵鹏飞','2019-03-12',1,'admin',1,'2019-03-12 14:42:06',188),
(25,'京NWP848','C869259',NULL,'王铁','2019-03-12',1,'admin',1,'2019-03-12 16:53:55',209),
(26,'京NGF788','108228D','LGBM4DE41ED003524','方斌','2019-03-12',1,'admin',1,'2019-03-12 18:59:07',185),
(27,'冀E21L67','666758','LSVWA2185GN281388','张运涛','2019-03-12',1,'admin',1,'2019-03-12 19:00:57',186),
(28,'冀RP7P83','161910155',NULL,'罗承裕','2019-03-12',1,'admin',1,'2019-03-12 19:02:46',27),
(29,'冀RP7P83','161910155','LSGBC5348GG169183','罗承裕','2019-03-12',1,'admin',1,'2019-03-12 19:03:57',183),
(30,'冀RP7P83','161910155','LSGBC5348GG169183','罗承裕','2019-03-12',1,'admin',1,'2019-03-12 19:05:35',183),
(31,'冀RP7P83','161910155','LSGBC5348GG169183','罗承裕','2019-03-12',1,'admin',1,'2019-03-12 19:06:59',183),
(32,'京NGF788','108228D','LGBM4DE41ED003524','方斌','2019-03-12',1,'admin',1,'2019-03-12 19:33:13',185),
(33,'京NGF788','108228D','LGBM4DE41ED003524','方斌','2019-03-12',1,'admin',1,'2019-03-12 19:41:40',185),
(34,'冀E21L67','666758',NULL,'张运涛','2019-03-13',1,'admin',1,'2019-03-13 10:32:40',363),
(35,'冀E21L67','666758','LSVWA2185GN281388','张运涛','2019-03-13',1,'admin',1,'2019-03-13 10:39:12',186),
(36,'冀E21L67','666758','LSVWA2185GN281388','张运涛','2019-03-13',1,'admin',1,'2019-03-13 10:40:44',186),
(37,'冀E21L67','666758','LSVWA2185GN281388','张运涛','2019-03-13',1,'admin',1,'2019-03-13 10:43:12',186),
(38,'京NGF788','108228D',NULL,'方斌','2019-03-13',1,'admin',1,'2019-03-13 10:59:16',368),
(39,'冀RP7P83','161910155',NULL,'罗承裕','2019-03-14',1,'admin',1,'2019-03-14 13:54:21',982),
(40,'冀RP7P83','161910155',NULL,'罗承裕','2019-03-14',1,'admin',1,'2019-03-14 13:58:12',982),
(41,'冀RP7P83','161910155',NULL,'罗承裕','2019-03-14',1,'admin',1,'2019-03-14 13:59:12',982),
(42,'冀RP7P83','161910155','LSGBC5348GG169183','罗承裕','2019-03-14',1,'admin',1,'2019-03-14 14:09:38',183),
(43,'冀RP7P83','161910155','LSGBC5348GG169183','罗承裕','2019-03-14',1,'admin',1,'2019-03-14 16:57:41',183),
(44,'京Q755J0','PE30519114','JM7KE8971D0139249','王思扬','2019-03-14',1,'admin',1,'2019-03-14 16:59:27',215),
(45,'京Q755J0','PE30519114','JM7KE8971D0139249','王思扬','2019-03-14',1,'admin',1,'2019-03-14 17:00:11',215),
(46,'京Q755J0','PE30519114','JM7KE8971D0139249','王思扬','2019-03-14',1,'admin',1,'2019-03-14 17:01:17',215),
(47,'京Q755J0','PE30519114','JM7KE8971D0139249','王思扬','2019-03-14',1,'admin',1,'2019-03-14 17:23:08',215),
(48,'京Q755J0','PE30519114','JM7KE8971D0139249','王思扬','2019-03-14',1,'admin',1,'2019-03-14 17:29:22',215),
(49,'京Q755J0','PE30519114','JM7KE8971D0139249','王思扬','2019-03-14',1,'admin',1,'2019-03-14 17:30:36',215),
(50,'京Q755J0','PE30519114','JM7KE8971D0139249','王思扬','2019-03-14',1,'admin',1,'2019-03-14 17:33:08',215),
(51,'京Q755J0','PE30519114','JM7KE8971D0139249','王思扬','2019-03-14',1,'admin',1,'2019-03-14 17:35:05',215),
(52,'京Q755J0','PE30519114','JM7KE8971D0139249','王思扬','2019-03-14',1,'admin',1,'2019-03-14 17:39:04',215),
(53,'京Q755J0','PE30519114','JM7KE8971D0139249','王思扬','2019-03-14',1,'admin',1,'2019-03-14 17:41:08',215),
(54,'京Q755J0','PE30519114','JM7KE8971D0139249','王思扬','2019-03-14',1,'admin',1,'2019-03-14 17:41:53',215),
(55,'京Q755J0','PE30519114','JM7KE8971D0139249','王思扬','2019-03-14',1,'admin',1,'2019-03-14 17:46:39',215),
(56,'京Q755J0','PE30519114','JM7KE8971D0139249','王思扬','2019-03-14',1,'admin',1,'2019-03-14 17:56:15',215),
(57,'京Q755J0','PE30519114','JM7KE8971D0139249','王思扬','2019-03-14',1,'admin',1,'2019-03-14 17:59:31',215),
(58,'京Q755J0','PE30519114','JM7KE8971D0139249','王思扬','2019-03-14',1,'admin',1,'2019-03-14 18:04:01',215),
(59,'京Q755J0','PE30519114','JM7KE8971D0139249','王思扬','2019-03-14',1,'admin',1,'2019-03-14 18:06:53',215),
(60,'冀RP7P83','161910155','LSGBC5348GG169183','罗承裕','2019-03-15',1,'admin',1,'2019-03-15 11:54:23',987);

/*Table structure for table `bx_quote_record` */

DROP TABLE IF EXISTS `bx_quote_record`;

CREATE TABLE `bx_quote_record` (
  `id` int(11) NOT NULL AUTO_INCREMENT,
  `licenseplate` varchar(20) DEFAULT NULL COMMENT '车牌号',
  `owner_name` varchar(20) DEFAULT NULL COMMENT '车主姓名',
  `vin` varchar(20) DEFAULT NULL COMMENT '车架号',
  `engine_no` varchar(20) DEFAULT NULL COMMENT '发动机号',
  `ic_code` varchar(100) DEFAULT NULL COMMENT '报价保险公司',
  `ic_name` varchar(100) DEFAULT NULL COMMENT '报价保险公司',
  `money` decimal(10,2) DEFAULT NULL COMMENT '报价金额',
  `quote_status` tinyint(1) DEFAULT NULL COMMENT '报价状态 true=报价成功 false=报价失败',
  `verify_status` tinyint(1) DEFAULT NULL COMMENT '核保状态 true=已核保 false=未核保',
  `create_time` timestamp NULL DEFAULT CURRENT_TIMESTAMP,
  `vehicle_id` int(11) DEFAULT NULL COMMENT '车档ID',
  `city_code` varchar(20) DEFAULT NULL COMMENT '城市CODE',
  `msg` text COMMENT '提示信息',
  `total` decimal(10,2) DEFAULT NULL COMMENT '总保费',
  `biz_total` decimal(10,2) DEFAULT NULL COMMENT '商业险保费',
  `force_premium` decimal(10,2) DEFAULT NULL COMMENT '交强险保费',
  `force_tax` decimal(10,2) DEFAULT NULL COMMENT '车船税',
  `force_start_date` date DEFAULT NULL COMMENT '交强险起保日期',
  `biz_start_date` date DEFAULT NULL COMMENT '商业险起保日期',
  `quote_id` int(11) DEFAULT NULL COMMENT '报价ID',
  `quote_date` date DEFAULT NULL COMMENT '报价日期',
  `quete_user` int(11) DEFAULT NULL COMMENT '报价人ID',
  `quote_user_name` varchar(50) DEFAULT NULL COMMENT '报价人名称',
  `store_id` int(11) DEFAULT NULL COMMENT '门店ID',
  PRIMARY KEY (`id`)
) ENGINE=InnoDB AUTO_INCREMENT=61 DEFAULT CHARSET=utf8 COMMENT='报价保险公司记录';

/*Data for the table `bx_quote_record` */

insert  into `bx_quote_record`(`id`,`licenseplate`,`owner_name`,`vin`,`engine_no`,`ic_code`,`ic_name`,`money`,`quote_status`,`verify_status`,`create_time`,`vehicle_id`,`city_code`,`msg`,`total`,`biz_total`,`force_premium`,`force_tax`,`force_start_date`,`biz_start_date`,`quote_id`,`quote_date`,`quete_user`,`quote_user_name`,`store_id`) values 
(8,'冀RP7P83','罗承裕','LSGBC5348GG169183','161910155','pingan','平安车险',NULL,1,NULL,'2019-03-09 16:44:57',NULL,'110100','申请报价完成并保存报价单成功，子询价单号:Q015000390001581144190',2000.00,2108.96,0.00,0.00,NULL,'2019-03-10',8,'2019-03-09',1,'admin',1),
(9,'冀R77777','李强','LSGBC887878869183','160810356','cpicn','太平洋车险',NULL,1,NULL,'2019-03-09 16:51:06',NULL,'110100','申请报价完成并保存报价单成功，子询价单号:Q015000390001581156122',3458.09,3458.09,0.00,0.00,NULL,'2019-03-10',9,'2019-03-09',1,'admin',1),
(10,'冀RP5989','张飞','LSGBC5348GG169154','161910155','pingan','平安车险',NULL,1,NULL,'2019-03-09 16:52:36',NULL,'110100','申请报价完成并保存报价单成功，子询价单号:Q015000390001581158915',4080.60,2108.96,0.00,0.00,NULL,'2019-03-10',10,'2019-03-09',1,'admin',1),
(11,'冀RP7P83','罗承裕','LSGBC5348GG169183','161910155','pingan','平安车险',NULL,1,NULL,'2019-03-09 18:08:07',11,'110100','申请报价完成并保存报价单成功，子询价单号:Q015000390001581263097',2000.00,2108.96,0.00,0.00,NULL,'2019-03-10',11,'2019-03-09',1,'admin',1),
(12,'京NGF788','方斌','LGBM4DE41ED003524','108228D','pingan','平安车险',NULL,NULL,NULL,'2019-03-09 18:20:05',NULL,'110100','未知错误',NULL,NULL,NULL,NULL,NULL,'2020-02-02',12,'2019-03-09',1,'admin',1),
(13,'冀RP7P83','罗承裕',NULL,'161910155','pingan','平安车险',NULL,NULL,NULL,'2019-03-09 18:47:47',NULL,'110100','操作失败！车架号非法',NULL,NULL,NULL,NULL,'2019-03-09','2019-03-09',13,'2019-03-09',1,'admin',1),
(14,'冀RP7P83','罗承裕','LSGBC5348GG169183','161910155','pingan','平安车险',NULL,0,NULL,'2019-03-09 19:58:32',NULL,'110100','Request Time-out',NULL,0.00,0.00,0.00,'2019-03-09','2019-03-09',14,'2019-03-09',1,'admin',1),
(15,'冀RP7P83','罗承裕','LSGBC5348GG169183','161910155','pingan','平安车险',NULL,0,NULL,'2019-03-09 19:59:57',NULL,'110100','申请报价异常',NULL,0.00,0.00,0.00,'2019-03-09','2019-03-09',15,'2019-03-09',1,'admin',1),
(16,'京P3WP50','李秀凤',NULL,'1003782','pingan','平安车险',NULL,NULL,NULL,'2019-03-11 13:08:09',NULL,'110100','操作失败！车架号非法',NULL,NULL,NULL,NULL,'2016-05-29','2016-05-29',16,'2019-03-11',1,'admin',1),
(17,'冀D031B3','赵鹏飞','LVGBJE737HG208220','Q187556','pingan','平安车险',NULL,0,NULL,'2019-03-11 13:11:29',NULL,'110100','登录失败',NULL,0.00,0.00,0.00,'2019-03-11','2019-08-31',17,'2019-03-11',1,'admin',1),
(18,'京Q997Y2','郭晨',NULL,'E1097632','pingan','平安车险',NULL,NULL,NULL,'2019-03-11 13:13:02',NULL,'110100','操作失败！车架号非法',NULL,NULL,NULL,NULL,'2019-05-14','2019-05-14',18,'2019-03-11',1,'admin',1),
(19,'京QT87K9','姜楠','LFV2A21K5E4215478','Z62181','pingan','平安车险',NULL,0,NULL,'2019-03-11 13:20:09',NULL,'110100','平台返回信息:商业险险种{1}保险起期超过提前投保最大天数90天！\n商业险险种{2}保险起期超过提前投保最大天数90天！\n',NULL,0.00,0.00,0.00,NULL,'2019-11-27',19,'2019-03-11',1,'admin',1),
(20,'冀RP7P83','罗承裕','LSGBC5348GG169183','161910155','pingan','平安车险',NULL,0,NULL,'2019-03-11 13:50:49',183,'110100','申请报价异常',NULL,0.00,0.00,0.00,'2019-03-12','2019-03-12',20,'2019-03-11',1,'admin',1),
(21,'京QFP137','深圳市康乐菲装饰工程有限公司北京分公司',NULL,'9318241','pingan','平安车险',NULL,NULL,NULL,'2019-03-11 14:19:02',NULL,'110100','操作失败！车主身份证772591701：格式错误',NULL,NULL,NULL,NULL,'2017-03-20','2017-03-20',21,'2019-03-11',1,'admin',1),
(22,'京HV0475','林红',NULL,'1015190','pingan','平安车险',NULL,NULL,NULL,'2019-03-11 14:21:16',NULL,'110100','操作失败！车架号非法',NULL,NULL,NULL,NULL,'2019-04-05','2019-04-05',22,'2019-03-11',1,'admin',1),
(23,'冀RP7P83','罗承裕','LSGBC5348GG169183','161910155','pingan','平安车险',NULL,0,NULL,'2019-03-11 15:10:47',183,'110100','申请报价异常',NULL,0.00,0.00,0.00,'2019-03-12','2019-03-12',23,'2019-03-11',1,'admin',1),
(24,'冀D031B3','赵鹏飞','LVGBJE737HG208220','Q187556','pingan','平安车险',NULL,0,NULL,'2019-03-12 14:42:12',188,'110100','登录失败',0.00,0.00,0.00,0.00,'2019-03-13','2019-08-31',24,'2019-03-12',1,'admin',1),
(25,'京NWP848','王铁',NULL,'C869259','pingan','平安车险',NULL,NULL,NULL,'2019-03-12 16:53:55',209,'110100','操作失败！车架号非法',NULL,NULL,NULL,NULL,'2012-03-28','2012-03-28',25,'2019-03-12',1,'admin',1),
(26,'京NGF788','方斌','LGBM4DE41ED003524','108228D','pingan','平安车险',NULL,0,NULL,'2019-03-12 18:59:26',185,'110100','平台返回信息:商业险险种{1}保险起期超过提前投保最大天数90天！\n商业险险种{2}保险起期超过提前投保最大天数90天！\n',0.00,0.00,0.00,0.00,NULL,'2020-02-02',26,'2019-03-12',1,'admin',1),
(27,'冀E21L67','张运涛','LSVWA2185GN281388','666758','pingan','平安车险',NULL,0,NULL,'2019-03-12 19:01:13',186,'110100','平台返回信息:商业险险种{1}保险起期超过提前投保最大天数90天！\n商业险险种{2}保险起期超过提前投保最大天数90天！\n',0.00,0.00,0.00,0.00,NULL,'2019-09-05',27,'2019-03-12',1,'admin',1),
(28,'冀RP7P83','罗承裕',NULL,'161910155','pingan','平安车险',NULL,NULL,NULL,'2019-03-12 19:02:46',27,'110100','操作失败！车架号非法',NULL,NULL,NULL,NULL,'2019-03-13','2019-03-13',28,'2019-03-12',1,'admin',1),
(29,'冀RP7P83','罗承裕','LSGBC5348GG169183','161910155','pingan','平安车险',NULL,0,NULL,'2019-03-12 19:04:19',183,'110100','申请报价异常',0.00,0.00,0.00,0.00,'2019-03-13','2019-03-13',29,'2019-03-12',1,'admin',1),
(30,'冀RP7P83','罗承裕','LSGBC5348GG169183','161910155','pingan','平安车险',NULL,0,NULL,'2019-03-12 19:05:49',183,'110100','报价失败：\n	险别组合不符合核保政策，请尝试变更险别组合，或联系对口核保人通融承保\n报价建议：\n	险别组合不符合核保政策，请尝试变更险别组合，或联系对口核保人通融承保\n',0.00,0.00,0.00,0.00,NULL,'2019-03-13',30,'2019-03-12',1,'admin',1),
(31,'冀RP7P83','罗承裕','LSGBC5348GG169183','161910155','pingan','平安车险',NULL,1,NULL,'2019-03-12 19:07:16',183,'110100','申请报价完成并保存报价单成功，子询价单号:Q015000390001587221026',3120.47,3120.47,0.00,0.00,NULL,'2019-03-13',31,'2019-03-12',1,'admin',1),
(32,'京NGF788','方斌','LGBM4DE41ED003524','108228D','pingan','平安车险',NULL,0,NULL,'2019-03-12 19:33:29',185,'110100','平台返回信息:商业险险种{1}保险起期超过提前投保最大天数90天！\n商业险险种{2}保险起期超过提前投保最大天数90天！\n',0.00,0.00,0.00,0.00,NULL,'2020-02-02',32,'2019-03-12',1,'admin',1),
(33,'京NGF788','方斌','LGBM4DE41ED003524','108228D','pingan','平安车险',NULL,0,NULL,'2019-03-12 19:41:54',185,'110100','平台返回信息:商业险险种{1}保险起期超过提前投保最大天数90天！\n商业险险种{2}保险起期超过提前投保最大天数90天！\n',0.00,0.00,0.00,0.00,NULL,'2020-02-02',33,'2019-03-12',1,'admin',1),
(34,'冀E21L67','张运涛',NULL,'666758','pingan','平安车险',NULL,NULL,NULL,'2019-03-13 10:32:40',363,'110100','操作失败！车架号非法',NULL,NULL,NULL,NULL,NULL,'2019-09-05',34,'2019-03-13',1,'admin',1),
(35,'冀E21L67','张运涛','LSVWA2185GN281388','666758','pingan','平安车险',NULL,0,NULL,'2019-03-13 10:39:25',186,'110100','Request Time-out',0.00,0.00,0.00,0.00,NULL,'2019-09-05',35,'2019-03-13',1,'admin',1),
(36,'冀E21L67','张运涛','LSVWA2185GN281388','666758','pingan','平安车险',NULL,0,NULL,'2019-03-13 10:40:50',186,'110100','登录失败',0.00,0.00,0.00,0.00,NULL,'2019-09-05',36,'2019-03-13',1,'admin',1),
(37,'冀E21L67','张运涛','LSVWA2185GN281388','666758','pingan','平安车险',NULL,0,NULL,'2019-03-13 10:43:29',186,'110100','平台返回信息:商业险险种{1}保险起期超过提前投保最大天数90天！\n商业险险种{2}保险起期超过提前投保最大天数90天！\n',0.00,0.00,0.00,0.00,NULL,'2019-09-05',37,'2019-03-13',1,'admin',1),
(38,'京NGF788','方斌',NULL,'108228D','pingan','平安车险',NULL,NULL,NULL,'2019-03-13 10:59:16',368,'110100','操作失败！车架号非法',NULL,NULL,NULL,NULL,NULL,'2020-02-02',38,'2019-03-13',1,'admin',1),
(39,'冀RP7P83','罗承裕',NULL,'161910155','pingan','平安车险',NULL,NULL,NULL,'2019-03-14 13:54:21',982,'110100','操作失败！车架号非法',NULL,NULL,NULL,NULL,'2019-03-15','2019-03-15',39,'2019-03-14',1,'admin',1),
(40,'冀RP7P83','罗承裕',NULL,'161910155','pingan','平安车险',NULL,NULL,NULL,'2019-03-14 13:58:12',982,'110100','操作失败！车架号非法',NULL,NULL,NULL,NULL,'2019-03-15','2019-03-15',40,'2019-03-14',1,'admin',1),
(41,'冀RP7P83','罗承裕',NULL,'161910155','pingan','平安车险',NULL,NULL,NULL,'2019-03-14 13:59:12',982,'110100','操作失败！车架号非法',NULL,NULL,NULL,NULL,'2019-03-15','2019-03-15',41,'2019-03-14',1,'admin',1),
(42,'冀RP7P83','罗承裕','LSGBC5348GG169183','161910155','pingan','平安车险',NULL,1,NULL,'2019-03-14 14:10:02',183,'110100','申请报价完成并保存报价单成功，子询价单号:Q015000390001591343891',2864.96,2864.96,0.00,0.00,NULL,'2019-03-15',42,'2019-03-14',1,'admin',1),
(43,'冀RP7P83','罗承裕','LSGBC5348GG169183','161910155','pingan','平安车险',NULL,0,NULL,'2019-03-14 16:58:28',183,'110100','申请报价异常',0.00,0.00,0.00,0.00,'2019-03-15','2019-03-15',43,'2019-03-14',1,'admin',1),
(44,'京Q755J0','王思扬','JM7KE8971D0139249','PE30519114','pingan','平安车险',NULL,0,NULL,'2019-03-14 16:59:46',215,'110100','申请报价异常',0.00,0.00,0.00,0.00,'2019-04-18','2019-04-18',44,'2019-03-14',1,'admin',1),
(45,'京Q755J0','王思扬','JM7KE8971D0139249','PE30519114','pingan','平安车险',NULL,1,NULL,'2019-03-14 17:00:28',215,'110100','申请报价完成并保存报价单成功，子询价单号:Q015000390001592224037',3064.04,3064.04,0.00,0.00,NULL,'2019-04-18',45,'2019-03-14',1,'admin',1),
(46,'京Q755J0','王思扬','JM7KE8971D0139249','PE30519114','pingan','平安车险',NULL,0,NULL,'2019-03-14 17:01:30',215,'110100','申请报价异常',0.00,0.00,0.00,0.00,'2019-04-18','2019-04-18',46,'2019-03-14',1,'admin',1),
(47,'京Q755J0','王思扬','JM7KE8971D0139249','PE30519114','pingan','平安车险',NULL,0,NULL,'2019-03-14 17:23:26',215,'110100','申请报价异常',0.00,0.00,0.00,0.00,'2019-04-18','2019-04-18',47,'2019-03-14',1,'admin',1),
(48,'京Q755J0','王思扬','JM7KE8971D0139249','PE30519114','pingan','平安车险',NULL,0,NULL,'2019-03-14 17:29:38',215,'110100','申请报价异常',0.00,0.00,0.00,0.00,'2019-04-18','2019-04-18',48,'2019-03-14',1,'admin',1),
(49,'京Q755J0','王思扬','JM7KE8971D0139249','PE30519114','pingan','平安车险',NULL,0,NULL,'2019-03-14 17:31:26',215,'110100','申请报价异常',0.00,0.00,0.00,0.00,'2019-04-18','2019-04-18',49,'2019-03-14',1,'admin',1),
(50,'京Q755J0','王思扬','JM7KE8971D0139249','PE30519114','pingan','平安车险',NULL,0,NULL,'2019-03-14 17:33:48',215,'110100','申请报价异常',0.00,0.00,0.00,0.00,'2019-04-18','2019-04-18',50,'2019-03-14',1,'admin',1),
(51,'京Q755J0','王思扬','JM7KE8971D0139249','PE30519114','pingan','平安车险',NULL,0,NULL,'2019-03-14 17:35:26',215,'110100','申请报价异常',0.00,0.00,0.00,0.00,'2019-04-18','2019-04-18',51,'2019-03-14',1,'admin',1),
(52,'京Q755J0','王思扬','JM7KE8971D0139249','PE30519114','pingan','平安车险',NULL,0,NULL,'2019-03-14 17:39:23',215,'110100','申请报价异常',0.00,0.00,0.00,0.00,'2019-04-18','2019-04-18',52,'2019-03-14',1,'admin',1),
(53,'京Q755J0','王思扬','JM7KE8971D0139249','PE30519114','pingan','平安车险',NULL,0,NULL,'2019-03-14 17:41:09',215,'110100','登录失败',0.00,0.00,0.00,0.00,'2019-04-18','2019-04-18',53,'2019-03-14',1,'admin',1),
(54,'京Q755J0','王思扬','JM7KE8971D0139249','PE30519114','pingan','平安车险',NULL,0,NULL,'2019-03-14 17:42:08',215,'110100','申请报价异常',0.00,0.00,0.00,0.00,'2019-04-18','2019-04-18',54,'2019-03-14',1,'admin',1),
(55,'京Q755J0','王思扬','JM7KE8971D0139249','PE30519114','pingan','平安车险',NULL,0,NULL,'2019-03-14 17:46:39',215,'110100','登录失败',0.00,0.00,0.00,0.00,'2019-04-18','2019-04-18',55,'2019-03-14',1,'admin',1),
(56,'京Q755J0','王思扬','JM7KE8971D0139249','PE30519114','pingan','平安车险',NULL,0,NULL,'2019-03-14 17:57:07',215,'110100','申请报价异常',0.00,0.00,0.00,0.00,'2019-04-18','2019-04-18',56,'2019-03-14',1,'admin',1),
(57,'京Q755J0','王思扬','JM7KE8971D0139249','PE30519114','pingan','平安车险',NULL,0,NULL,'2019-03-14 17:59:49',215,'110100','申请报价异常',0.00,0.00,0.00,0.00,'2019-04-18','2019-04-18',57,'2019-03-14',1,'admin',1),
(58,'京Q755J0','王思扬','JM7KE8971D0139249','PE30519114','pingan','平安车险',NULL,0,NULL,'2019-03-14 18:04:20',215,'110100','申请报价异常',0.00,0.00,0.00,0.00,'2019-04-18','2019-04-18',58,'2019-03-14',1,'admin',1),
(59,'京Q755J0','王思扬','JM7KE8971D0139249','PE30519114','pingan','平安车险',NULL,0,NULL,'2019-03-14 18:07:11',215,'110100','申请报价异常',0.00,0.00,0.00,0.00,'2019-04-18','2019-04-18',59,'2019-03-14',1,'admin',1),
(60,'冀RP7P83','罗承裕','LSGBC5348GG169183','161910155','pingan','平安车险',NULL,0,NULL,'2019-03-15 11:54:41',987,'110100','申请报价异常',0.00,0.00,0.00,0.00,'2019-03-16','2019-03-16',60,'2019-03-15',1,'admin',1);

/*Table structure for table `bx_quote_record_selections` */

DROP TABLE IF EXISTS `bx_quote_record_selections`;

CREATE TABLE `bx_quote_record_selections` (
  `id` int(11) NOT NULL AUTO_INCREMENT,
  `record_id` int(11) DEFAULT '0' COMMENT '报价ID',
  `coverage_code` varchar(50) DEFAULT NULL COMMENT '险种CODE',
  `coverage_name` varchar(50) DEFAULT NULL COMMENT '险种名称',
  `amount` decimal(10,2) DEFAULT NULL COMMENT '保额',
  `premium` decimal(10,2) DEFAULT NULL COMMENT '保费',
  `create_time` timestamp NULL DEFAULT CURRENT_TIMESTAMP,
  PRIMARY KEY (`id`)
) ENGINE=InnoDB AUTO_INCREMENT=37 DEFAULT CHARSET=utf8 COMMENT='报价险种明细';

/*Data for the table `bx_quote_record_selections` */

insert  into `bx_quote_record_selections`(`id`,`record_id`,`coverage_code`,`coverage_name`,`amount`,`premium`,`create_time`) values 
(1,4,'damage','机动车辆损失险',104924.60,1311.28,NULL),
(2,4,'third','第三者责任险',500000.00,797.68,NULL),
(3,5,'damage','机动车辆损失险',104924.60,1311.28,NULL),
(4,5,'third','第三者责任险',500000.00,797.68,NULL),
(5,6,'damage','机动车辆损失险',104924.60,1311.28,NULL),
(6,6,'third','第三者责任险',500000.00,797.68,NULL),
(7,7,'damage','机动车辆损失险',104924.60,1311.28,NULL),
(8,7,'third','第三者责任险',500000.00,797.68,NULL),
(9,8,'damage','机动车辆损失险',104924.60,1311.28,NULL),
(10,8,'third','第三者责任险',500000.00,797.68,NULL),
(11,9,'damage','机动车辆损失险',104924.60,1311.28,NULL),
(12,9,'third','第三者责任险',500000.00,797.68,NULL),
(13,10,'damage','机动车辆损失险',104924.60,1311.28,'2019-03-09 16:52:36'),
(14,10,'third','第三者责任险',500000.00,797.68,'2019-03-09 16:52:36'),
(15,11,'damage','机动车辆损失险',104924.60,1311.28,'2019-03-09 18:08:07'),
(16,11,'third','第三者责任险',500000.00,797.68,'2019-03-09 18:08:07'),
(17,31,'damage','机动车辆损失险',104924.60,1311.28,'2019-03-12 19:07:16'),
(18,31,'third','第三者责任险',500000.00,797.68,'2019-03-12 19:07:16'),
(19,31,'pilfer','盗抢险',104924.60,366.38,'2019-03-12 19:07:16'),
(20,31,'driver','司机险',100000.00,222.18,'2019-03-12 19:07:16'),
(21,31,'exempt_damage','机动车辆损失险不计免赔',1.00,196.69,'2019-03-12 19:07:16'),
(22,31,'exempt_third','第三者责任险不计免赔',1.00,119.65,'2019-03-12 19:07:17'),
(23,31,'exempt_pilfer','盗抢险不计免赔',1.00,73.28,'2019-03-12 19:07:17'),
(24,31,'exempt_driver','司机险不计免赔',1.00,33.33,'2019-03-12 19:07:17'),
(25,42,'damage','机动车辆损失险',104924.60,1311.28,'2019-03-14 14:10:02'),
(26,42,'third','第三者责任险',500000.00,797.68,'2019-03-14 14:10:02'),
(27,42,'pilfer','盗抢险',104924.60,366.38,'2019-03-14 14:10:02'),
(28,42,'exempt_damage','机动车辆损失险不计免赔',1.00,196.69,'2019-03-14 14:10:02'),
(29,42,'exempt_third','第三者责任险不计免赔',1.00,119.65,'2019-03-14 14:10:02'),
(30,42,'exempt_pilfer','盗抢险不计免赔',1.00,73.28,'2019-03-14 14:10:02'),
(31,45,'damage','机动车辆损失险',141344.80,1602.68,'2019-03-14 17:00:28'),
(32,45,'third','第三者责任险',500000.00,656.95,'2019-03-14 17:00:28'),
(33,45,'pilfer','盗抢险',141344.80,387.89,'2019-03-14 17:00:28'),
(34,45,'exempt_damage','机动车辆损失险不计免赔',1.00,240.40,'2019-03-14 17:00:28'),
(35,45,'exempt_third','第三者责任险不计免赔',1.00,98.54,'2019-03-14 17:00:28'),
(36,45,'exempt_pilfer','盗抢险不计免赔',1.00,77.58,'2019-03-14 17:00:28');

/*Table structure for table `bx_share_record` */

DROP TABLE IF EXISTS `bx_share_record`;

CREATE TABLE `bx_share_record` (
  `id` varchar(50) NOT NULL,
  `record_id` int(11) DEFAULT NULL,
  `context` text,
  `create_time` timestamp NULL DEFAULT CURRENT_TIMESTAMP,
  PRIMARY KEY (`id`)
) ENGINE=InnoDB DEFAULT CHARSET=utf8;

/*Data for the table `bx_share_record` */

insert  into `bx_share_record`(`id`,`record_id`,`context`,`create_time`) values 
('3910670d30fcf30cddfaeb9be480f23',NULL,'{\"recordId\":11,\"ownerName\":\"罗承裕\",\"vehicleName\":\"1.49手自一体 领先型 国Ⅴ\",\"bizStartDate\":1552147200000,\"forceStartDate\":null,\"forcePremium\":0,\"forceTax\":0,\"bizTotal\":2108.96,\"selections\":[{\"name\":\"机动车辆损失险\",\"amount\":104924.6},{\"name\":\"第三者责任险\",\"amount\":500000}],\"carCode\":\"冀RP7P83\",\"insCompany\":\"平安车险\",\"ins1\":\"交强险:0元，车船税:0元，商业险:2108.96（商业险包含：机动车辆损失险104924.6元、第三者责任险500000元）\",\"count\":2000,\"sale\":null,\"price\":null,\"saName\":\"系统\",\"saPhone\":\"\",\"tel\":\"\",\"mobile\":null}','2019-03-15 20:11:00'),
('6b98aef37ec692be1f4fc681cc309eb6',NULL,'{\"recordId\":11,\"ownerName\":\"罗承裕\",\"vehicleName\":\"1.49手自一体 领先型 国Ⅴ\",\"bizStartDate\":1552147200000,\"forceStartDate\":null,\"forcePremium\":0,\"forceTax\":0,\"bizTotal\":2108.96,\"selections\":[{\"name\":\"机动车辆损失险\",\"amount\":104924.6},{\"name\":\"第三者责任险\",\"amount\":500000}],\"carCode\":\"冀RP7P83\",\"insCompany\":\"平安车险\",\"ins1\":\"交强险:0元，车船税:0元，商业险:2108.96（商业险包含：机动车辆损失险104924.6元、第三者责任险500000元）\",\"count\":2000,\"sale\":null,\"price\":null,\"saName\":\"系统\",\"saPhone\":\"\",\"tel\":\"\",\"mobile\":null}','2019-03-15 20:15:58'),
('94c794aac86b8a7f26def682ad3e2f97',NULL,'{\"recordId\":11,\"ownerName\":\"罗承裕\",\"vehicleName\":\"1.49手自一体 领先型 国Ⅴ\",\"bizStartDate\":1552147200000,\"forceStartDate\":null,\"forcePremium\":0,\"forceTax\":0,\"bizTotal\":2108.96,\"selections\":[{\"name\":\"机动车辆损失险\",\"amount\":104924.6},{\"name\":\"第三者责任险\",\"amount\":500000}],\"carCode\":\"冀RP7P83\",\"insCompany\":\"平安车险\",\"ins1\":\"交强险:0元，车船税:0元，商业险:2108.96（商业险包含：机动车辆损失险104924.6元、第三者责任险500000元）\",\"count\":2000,\"sale\":null,\"price\":null,\"saName\":\"系统\",\"saPhone\":\"\",\"tel\":\"\",\"mobile\":null}','2019-03-15 20:15:00'),
('95785ac65016aab53f2da4adf9a0d57d',NULL,'{\"recordId\":11,\"ownerName\":\"罗承裕\",\"vehicleName\":\"1.49手自一体 领先型 国Ⅴ\",\"bizStartDate\":1552147200000,\"forceStartDate\":null,\"forcePremium\":0,\"forceTax\":0,\"bizTotal\":2108.96,\"selections\":[{\"name\":\"机动车辆损失险\",\"amount\":104924.6},{\"name\":\"第三者责任险\",\"amount\":500000}],\"carCode\":\"冀RP7P83\",\"insCompany\":\"平安车险\",\"ins1\":\"交强险:0元，车船税:0元，商业险:2108.96（商业险包含：机动车辆损失险104924.6元、第三者责任险500000元）\",\"count\":2000,\"sale\":null,\"price\":null,\"saName\":\"系统\",\"saPhone\":\"\",\"tel\":\"\",\"mobile\":null}','2019-03-15 20:13:49'),
('a1bec8452ae836ec29c059f03dbdf2e8',NULL,'{\"recordId\":11,\"ownerName\":\"罗承裕\",\"vehicleName\":\"1.49手自一体 领先型 国Ⅴ\",\"bizStartDate\":1552147200000,\"forceStartDate\":null,\"forcePremium\":0,\"forceTax\":0,\"bizTotal\":2108.96,\"selections\":[{\"name\":\"机动车辆损失险\",\"amount\":104924.6},{\"name\":\"第三者责任险\",\"amount\":500000}],\"carCode\":\"冀RP7P83\",\"insCompany\":\"平安车险\",\"ins1\":\"交强险:0元，车船税:0元，商业险:2108.96（商业险包含：机动车辆损失险104924.6元、第三者责任险500000元）\",\"count\":2000,\"sale\":null,\"price\":null,\"saName\":\"系统\",\"saPhone\":\"\",\"tel\":\"\",\"mobile\":null}','2019-03-15 19:59:36'),
('a4dfb4df32d1afc0522d6e234adae43f',NULL,'{\"recordId\":11,\"ownerName\":\"罗承裕\",\"vehicleName\":\"1.49手自一体 领先型 国Ⅴ\",\"bizStartDate\":1552147200000,\"forceStartDate\":null,\"forcePremium\":0,\"forceTax\":0,\"bizTotal\":2108.96,\"selections\":[{\"name\":\"机动车辆损失险\",\"amount\":104924.6},{\"name\":\"第三者责任险\",\"amount\":500000}],\"carCode\":\"冀RP7P83\",\"insCompany\":\"平安车险\",\"ins1\":\"交强险:0元，车船税:0元，商业险:2108.96（商业险包含：机动车辆损失险104924.6元、第三者责任险500000元）\",\"count\":2000,\"sale\":null,\"price\":null,\"saName\":\"系统\",\"saPhone\":\"\",\"tel\":\"\",\"mobile\":null}','2019-03-15 19:56:35'),
('C33649D0B5A81BFAB304B98F1ED9D5AD',NULL,'晓涛','2019-03-15 19:17:31'),
('e90869b26287d04ece28fdad704c0296',NULL,'{\"recordId\":11,\"ownerName\":\"罗承裕\",\"vehicleName\":\"1.49手自一体 领先型 国Ⅴ\",\"bizStartDate\":1552147200000,\"forceStartDate\":null,\"forcePremium\":0,\"forceTax\":0,\"bizTotal\":2108.96,\"selections\":[{\"name\":\"机动车辆损失险\",\"amount\":104924.6},{\"name\":\"第三者责任险\",\"amount\":500000}],\"carCode\":\"冀RP7P83\",\"insCompany\":\"平安车险\",\"ins1\":\"交强险:0元，车船税:0元，商业险:2108.96（商业险包含：机动车辆损失险104924.6元、第三者责任险500000元）\",\"count\":2000,\"sale\":null,\"price\":null,\"saName\":\"系统\",\"saPhone\":\"\",\"tel\":\"\",\"mobile\":null}','2019-03-15 20:15:04');

/*Table structure for table `bx_sms_record` */

DROP TABLE IF EXISTS `bx_sms_record`;

CREATE TABLE `bx_sms_record` (
  `id` int(11) NOT NULL AUTO_INCREMENT,
  `record_id` int(11) DEFAULT NULL COMMENT '报价ID',
  `car_code` varchar(20) DEFAULT NULL COMMENT '车牌号',
  `ins_company` varchar(30) DEFAULT NULL COMMENT '保险公司',
  `ins1` text COMMENT '险种明细',
  `count` decimal(10,2) DEFAULT NULL COMMENT '总计',
  `sale` decimal(10,2) DEFAULT NULL COMMENT '优惠',
  `price` decimal(10,2) DEFAULT NULL COMMENT '优惠价格',
  `tel` varchar(50) DEFAULT NULL COMMENT '发送人信息',
  `mobile` varchar(20) DEFAULT NULL COMMENT '发送手机号',
  `status` tinyint(1) DEFAULT NULL,
  `create_user` int(11) DEFAULT NULL,
  `create_time` timestamp NULL DEFAULT CURRENT_TIMESTAMP,
  PRIMARY KEY (`id`)
) ENGINE=InnoDB AUTO_INCREMENT=3 DEFAULT CHARSET=utf8;

/*Data for the table `bx_sms_record` */

insert  into `bx_sms_record`(`id`,`record_id`,`car_code`,`ins_company`,`ins1`,`count`,`sale`,`price`,`tel`,`mobile`,`status`,`create_user`,`create_time`) values 
(1,31,'冀RP7P83','平安车险','交强险:0元，车船税:0元，商业险:3120.47（商业险包含：机动车辆损失险104924.6元、第三者责任险500000元、盗抢险104924.6元、司机险100000元、机动车辆损失险不计免赔1元、第三者责任险不计免赔1元、盗抢险不计免赔1元、司机险不计免赔1元）',3120.47,1000.00,2120.47,'系统13331104287（微信同步）','18810965675',1,1,'2019-03-12 19:14:38'),
(2,NULL,'冀RP7P83','平安车险','交强险:0元，车船税:0元，商业险:2108.96（商业险包含：机动车辆损失险104924.6元、第三者责任险500000元）',2000.00,0.00,0.00,'',NULL,0,1,'2019-03-15 19:24:54');

/*Table structure for table `bx_vehicle` */

DROP TABLE IF EXISTS `bx_vehicle`;

CREATE TABLE `bx_vehicle` (
  `id` int(11) NOT NULL AUTO_INCREMENT,
  `store_id` int(11) DEFAULT NULL COMMENT '门店ID',
  `licenseplate` varchar(20) DEFAULT NULL COMMENT '车牌号',
  `owner_name` varchar(20) DEFAULT NULL COMMENT '车主姓名',
  `owner_phone` varchar(20) DEFAULT NULL COMMENT '车主手机号',
  `brand` varchar(50) DEFAULT NULL COMMENT '品牌',
  `vin` varchar(20) DEFAULT NULL COMMENT '车架号',
  `engine_no` varchar(20) DEFAULT NULL COMMENT '发动机号',
  `ic_name` varchar(20) DEFAULT NULL COMMENT '上年投保公司',
  `biz_end_date` date DEFAULT NULL COMMENT '商业险到期日',
  `force_end_date` date DEFAULT NULL COMMENT '交强险到期日',
  `last_shop_time` timestamp NULL DEFAULT NULL COMMENT '上次进店时间',
  `sa_name` varchar(20) DEFAULT NULL COMMENT '服务顾问',
  `sa_phone` varchar(20) DEFAULT NULL COMMENT '服务顾问手机号',
  `create_user` int(11) DEFAULT NULL,
  `create_time` timestamp NULL DEFAULT CURRENT_TIMESTAMP,
  `update_user` int(11) DEFAULT NULL,
  `update_time` timestamp NULL DEFAULT NULL ON UPDATE CURRENT_TIMESTAMP,
  `enroll_date` date DEFAULT NULL COMMENT '注册日期',
  `vehicle_name` varchar(50) DEFAULT NULL COMMENT '型号',
  `biz_total` decimal(10,2) DEFAULT NULL COMMENT '商业险合计',
  `force_total` decimal(10,2) DEFAULT NULL COMMENT '交强险合计',
  `biz_start_date` date DEFAULT NULL COMMENT '商业险开始时间',
  `force_start_date` date DEFAULT NULL COMMENT '交强险开始时间',
  `ic_code` varchar(20) DEFAULT NULL COMMENT '保险公司code',
  `biz_policy_no` varchar(30) DEFAULT NULL COMMENT '商业险保单号',
  `force_policy_no` varchar(30) DEFAULT NULL COMMENT '交强险保单号',
  `owner_document_type` varchar(10) DEFAULT NULL COMMENT '车主证件类型',
  `owner_document_no` varchar(20) DEFAULT NULL COMMENT '车主证件号码',
  `owner_address` varchar(30) DEFAULT NULL COMMENT '车主地址',
  `applicant_name` varchar(30) DEFAULT NULL COMMENT '投保人姓名',
  `applicant_document_type` varchar(10) DEFAULT NULL COMMENT '投保人证件类型',
  `applicant_document_no` varchar(20) DEFAULT NULL COMMENT '投保人证件号码',
  `applicant_address` varchar(30) DEFAULT NULL COMMENT '投保人地址',
  `insuranct_name` varchar(30) DEFAULT NULL COMMENT '被保险人姓名',
  `insuranct_document_type` varchar(10) DEFAULT NULL COMMENT '被保险人证件类型',
  `insuranct_document_no` varchar(20) DEFAULT NULL COMMENT '被保险人证件号码',
  `insuranct_address` varchar(30) DEFAULT NULL COMMENT '被保险人地址',
  `vehicle_date_id` varchar(50) DEFAULT NULL COMMENT '车型id',
  PRIMARY KEY (`id`),
  UNIQUE KEY `unique` (`store_id`,`licenseplate`)
) ENGINE=InnoDB AUTO_INCREMENT=218 DEFAULT CHARSET=utf8;

/*Data for the table `bx_vehicle` */

insert  into `bx_vehicle`(`id`,`store_id`,`licenseplate`,`owner_name`,`owner_phone`,`brand`,`vin`,`engine_no`,`ic_name`,`biz_end_date`,`force_end_date`,`last_shop_time`,`sa_name`,`sa_phone`,`create_user`,`create_time`,`update_user`,`update_time`,`enroll_date`,`vehicle_name`,`biz_total`,`force_total`,`biz_start_date`,`force_start_date`,`ic_code`,`biz_policy_no`,`force_policy_no`,`owner_document_type`,`owner_document_no`,`owner_address`,`applicant_name`,`applicant_document_type`,`applicant_document_no`,`applicant_address`,`insuranct_name`,`insuranct_document_type`,`insuranct_document_no`,`insuranct_address`,`vehicle_date_id`) values 
(1,3,'京N0L6L1','张三','15501111111','奔驰','67890','12345',NULL,NULL,NULL,NULL,NULL,NULL,NULL,'2019-02-15 22:57:17',NULL,'2019-02-28 19:35:11',NULL,NULL,NULL,NULL,NULL,NULL,NULL,NULL,NULL,NULL,NULL,NULL,NULL,NULL,NULL,NULL,NULL,NULL,NULL,NULL,NULL),
(2,3,'京QEW435','李四','15612345781','奔驰','SD784743',NULL,'平安',NULL,NULL,NULL,'啦啦','',1,'2019-02-17 18:30:51',NULL,'2019-02-28 19:35:12',NULL,NULL,NULL,NULL,NULL,NULL,NULL,NULL,NULL,NULL,NULL,NULL,NULL,NULL,NULL,NULL,NULL,NULL,NULL,NULL,NULL),
(3,1,'京QEW436','李五','15612345782','奥迪','SD784744',NULL,'平安',NULL,NULL,NULL,'啦啦','',1,'2019-02-17 18:31:54',NULL,'2019-02-28 20:38:12',NULL,NULL,NULL,NULL,NULL,NULL,NULL,NULL,NULL,NULL,NULL,NULL,NULL,NULL,NULL,NULL,NULL,NULL,NULL,NULL,NULL),
(4,1,'京QEW345','张四','15612345789','宝马','SD784',NULL,'平安',NULL,NULL,NULL,'啦啦','15501256148',1,'2019-02-17 18:39:54',1,'2019-02-28 20:39:05',NULL,NULL,NULL,NULL,NULL,NULL,NULL,NULL,NULL,NULL,NULL,NULL,NULL,NULL,NULL,NULL,NULL,NULL,NULL,NULL,NULL),
(5,3,'123456',NULL,NULL,'','',NULL,NULL,NULL,NULL,NULL,NULL,NULL,1,'2019-02-28 20:39:51',NULL,NULL,NULL,NULL,NULL,NULL,NULL,NULL,NULL,NULL,NULL,NULL,NULL,NULL,NULL,NULL,NULL,NULL,NULL,NULL,NULL,NULL,NULL),
(6,5,'NGF788',NULL,NULL,'尼桑','SDF4654SDBAAS455',NULL,NULL,NULL,NULL,NULL,NULL,NULL,1,'2019-02-28 20:41:31',NULL,NULL,NULL,NULL,NULL,NULL,NULL,NULL,NULL,NULL,NULL,NULL,NULL,NULL,NULL,NULL,NULL,NULL,NULL,NULL,NULL,NULL,NULL),
(7,5,'KB1025',NULL,NULL,'大众','sadgasdj',NULL,NULL,NULL,NULL,NULL,NULL,NULL,1,'2019-02-28 20:43:46',NULL,NULL,NULL,NULL,NULL,NULL,NULL,NULL,NULL,NULL,NULL,NULL,NULL,NULL,NULL,NULL,NULL,NULL,NULL,NULL,NULL,NULL,NULL),
(8,5,'kb2222','123','123','123','123',NULL,'123','2019-02-14','2019-02-13',NULL,'123','123',1,'2019-02-28 20:46:38',NULL,NULL,NULL,NULL,NULL,NULL,NULL,NULL,NULL,NULL,NULL,NULL,NULL,NULL,NULL,NULL,NULL,NULL,NULL,NULL,NULL,NULL,NULL),
(9,6,'冀R88883','王五','13800888994','别克AA','LSN332324255Bd3',NULL,'人保',NULL,NULL,NULL,NULL,NULL,1,'2019-03-02 13:22:44',1,'2019-03-02 13:31:50',NULL,NULL,NULL,NULL,NULL,NULL,NULL,NULL,NULL,NULL,NULL,NULL,NULL,NULL,NULL,NULL,NULL,NULL,NULL,NULL,NULL),
(10,5,'京NGF788','方斌','13331104287','东风日产DFL6461VEL5','LGBM4DE41ED003524','108228D','平安车险','2020-02-01','2020-02-01',NULL,NULL,'13331104287',22,'2019-03-02 16:28:26',22,'2019-03-15 15:45:19','2015-02-13','CVT XL 四驱领先版 国Ⅴ',4357.18,861.24,'2019-02-01','2019-02-01','pingan','10135003900607602408','10135003900607602410','01','330327198103116153','北京市北京市西城区14街道146号','方**','01','33032719810311****','方**','方**','01','33032719810311****','方**','9295d1ca28f447b489234f6b5f8bd659'),
(17,5,'冀E21L67','张运涛',NULL,'大众汽车SVW71617AM轿车','LSVWA2185GN281388','666758','国寿财车险','2019-09-04','2019-09-04',NULL,NULL,NULL,22,'2019-03-03 15:33:47',22,'2019-03-04 18:46:08','2016-09-04','手动档 舒适版 国Ⅴ',0.00,0.00,'2018-09-04','2018-09-04','gpic',NULL,NULL,'01','130531199309102630','1',NULL,NULL,NULL,NULL,NULL,NULL,NULL,NULL,'d9182936ddf34004b61a362b80bc0129'),
(157,1,'京N1234','张三','13110333225','大众','Sn323249803','En99232-4243','渤海财险','2019-05-30','2019-05-29',NULL,NULL,NULL,1,'2019-03-08 21:08:05',NULL,'2019-03-09 13:32:46',NULL,NULL,NULL,NULL,NULL,NULL,'bpic',NULL,NULL,NULL,NULL,NULL,NULL,NULL,NULL,NULL,NULL,NULL,NULL,NULL,NULL),
(158,1,'京P1DQ17','汤玲','13942222322','奥迪','dsa32323329kfafaf','33af3r2rr2r-323','中华联合','2019-07-01','2019-03-02',NULL,NULL,NULL,1,'2019-03-08 21:08:05',NULL,'2019-03-09 13:32:46',NULL,NULL,NULL,NULL,NULL,NULL,'cicp',NULL,NULL,NULL,NULL,NULL,NULL,NULL,NULL,NULL,NULL,NULL,NULL,NULL,NULL),
(159,1,'京NLV627','吕宝川','18610343323','宝马','53453ge3344rqf','agagaafag','人保车险','2019-06-01','2019-03-04',NULL,NULL,NULL,1,'2019-03-08 21:08:05',NULL,'2019-03-09 13:32:46',NULL,NULL,NULL,NULL,NULL,NULL,'epicc',NULL,NULL,NULL,NULL,NULL,NULL,NULL,NULL,NULL,NULL,NULL,NULL,NULL,NULL),
(160,1,'京QL1871','贾宁','13702392322','奔驰','sfafv23233222','fsfafgbhtet','平安车险','2019-06-13','2019-03-03',NULL,NULL,NULL,1,'2019-03-08 21:08:05',NULL,'2019-03-09 13:32:46',NULL,NULL,NULL,NULL,NULL,NULL,'pingan',NULL,NULL,NULL,NULL,NULL,NULL,NULL,NULL,NULL,NULL,NULL,NULL,NULL,NULL),
(161,1,'京Q95FP8','孙文德','18905663344','宝马','23232332233223200','agagag33443','中国太平保险','2019-06-17','2019-03-05',NULL,NULL,NULL,1,'2019-03-08 21:08:05',NULL,'2019-03-09 13:32:46',NULL,NULL,NULL,NULL,NULL,NULL,'taiping',NULL,NULL,NULL,NULL,NULL,NULL,NULL,NULL,NULL,NULL,NULL,NULL,NULL,NULL),
(183,1,'冀RP7P83','罗承裕','18810965675','别克SGM7152DAAA轿车','LSGBC5348GG169183','161910155',NULL,NULL,NULL,NULL,NULL,NULL,1,'2019-03-09 18:44:58',1,'2019-03-15 11:53:55','2016-07-26','1.49手自一体 领先型 国Ⅴ',0.00,0.00,NULL,NULL,NULL,NULL,NULL,'01','44082219801218555X','北京市北京市西城区11街道111号','罗承裕','01','44082219801218555X',NULL,'罗承裕','01','44082219801218555X',NULL,'8db6b0e90f764ba897c98c2b3e2e04a5'),
(185,1,'京NGF788','方斌',NULL,'东风日产DFL6461VEL5','LGBM4DE41ED003524','108228D','平安车险','2020-02-01','2020-02-01',NULL,NULL,'13331104287',1,'2019-03-09 19:31:14',1,'2019-03-15 15:47:53','2015-02-13','CVT XL 四驱领先版 国Ⅴ',4357.18,861.24,'2019-02-01','2019-02-01','pingan','10135003900607602408','10135003900607602410','01','330327198103116153','北京市北京市西城区42街道428号','方**','01','33032719810311****','','方**','01','33032719810311****','','9295d1ca28f447b489234f6b5f8bd659'),
(186,1,'冀E21L67','张运涛',NULL,'大众汽车SVW71617AM轿车','LSVWA2185GN281388','666758','国寿财车险','2019-09-04','2019-09-04',NULL,NULL,NULL,1,'2019-03-09 19:34:57',1,'2019-03-13 10:32:13','2016-09-04','手动档 舒适版 国Ⅴ',0.00,0.00,'2018-09-04','2018-09-04','gpic',NULL,NULL,'01','130531199309102630','北京市北京市西城区56街道570号','张运涛','01','130531199309102630',NULL,'张运涛','01','130531199309102630',NULL,'d9182936ddf34004b61a362b80bc0129'),
(187,1,'京QT87K9','姜楠',NULL,'大众FV7146FBDBG轿车','LFV2A21K5E4215478','Z62181','人保车险','2019-11-26','2019-11-26',NULL,NULL,NULL,1,'2019-03-11 10:55:21',NULL,NULL,'2014-11-27','双离合 时尚型 国Ⅴ',0.00,0.00,'2018-11-26','2018-11-26','epicc',NULL,NULL,'01','110104198301293023',NULL,NULL,NULL,NULL,NULL,NULL,NULL,NULL,NULL,'6d21a1531adc45c2a467163ccb8473b2'),
(188,1,'冀D031B3','赵鹏飞',NULL,'丰田GTM7150YCE','LVGBJE737HG208220','Q187556','人保车险','2019-08-30',NULL,NULL,NULL,NULL,1,'2019-03-11 11:18:28',1,'2019-03-12 13:12:25','2017-08-30','CVT 炫动版 国Ⅴ',2227.86,0.00,'2018-08-30',NULL,'epicc','PDAA201811020000239203',NULL,'01','130481198707291370','北京市北京市西城区74街道755号','赵鹏飞','01','130481198707291370','河北省武安市邑城镇南峭河村100号','赵鹏飞','01','130481198707291370','河北省武安市邑城镇南峭河村100号','f6200fd92dea4f4aaa4d9a1f29ca8dbc'),
(189,1,'京Q9V136','牛惠芬',NULL,'奥迪FV6461HBQWG多用途乘用车','LFV3B28R9D3073001','274436','人保车险','2019-11-10','2019-11-10',NULL,NULL,NULL,1,'2019-03-11 13:00:55',NULL,NULL,'2013-11-13','手自一体 进取型 京5国Ⅳ',0.00,0.00,'2018-11-10','2018-11-10','epicc',NULL,NULL,'01','130524197808150028',NULL,NULL,NULL,NULL,NULL,NULL,NULL,NULL,NULL,'c9e23db2c4224938b52f6a4fa0d79c6d'),
(190,1,'京N8U173','',NULL,'奥迪FV7183TCVTG轿车','LFV3A28E783003938','050840',NULL,NULL,NULL,NULL,NULL,NULL,1,'2019-03-11 13:01:39',NULL,NULL,'2008-03-26','CVT 舒适型 涡轮增压 国Ⅳ',0.00,0.00,NULL,NULL,NULL,NULL,NULL,NULL,NULL,NULL,NULL,NULL,NULL,NULL,NULL,NULL,NULL,NULL,'6680bd3d0b7f40e09080efa5b2b081ec'),
(191,1,'京N3H893','张佰桓',NULL,'锋范HG7154CBASV轿车','LHGGM2675D2003995','5009171','人保车险','2019-04-09','2019-04-09',NULL,NULL,NULL,1,'2019-03-11 13:02:01',NULL,NULL,'2013-04-12','自动档 旗舰版 京5国Ⅳ',0.00,0.00,'2018-04-09','2018-04-09','epicc',NULL,NULL,'01','230202198107300330',NULL,NULL,NULL,NULL,NULL,NULL,NULL,NULL,NULL,'87f9302b09f24b0ea5ed79b3e493ee7b'),
(192,1,'京N37C55','金永焕',NULL,'奔驰BENZ A160轿车','WDDNG5EB3DA522605','27294632086317','人保车险','2019-09-22','2018-07-24',NULL,NULL,NULL,1,'2019-03-11 13:02:15',NULL,NULL,'2013-07-16','1.498CVT',0.00,0.00,'2018-09-22','2017-07-24','epicc',NULL,NULL,'01','231011196505141512',NULL,NULL,NULL,NULL,NULL,NULL,NULL,NULL,NULL,'09911536ef454690a2b51a2e9fbcb582'),
(193,1,'京P3WP50','李桂红',NULL,'歌诗图HG7240EAA轿车','LHGTF385XD8003756','1003782','人保车险','2017-05-28','2017-05-28',NULL,NULL,NULL,1,'2019-03-11 13:05:14',NULL,NULL,'2012-07-05','自动档 豪华版 国Ⅳ',0.00,0.00,'2016-05-28','2016-05-28','epicc',NULL,NULL,'01','',NULL,NULL,NULL,NULL,NULL,NULL,NULL,NULL,NULL,'141bcd2fc4154ebb879c3da01c350e42'),
(194,1,'京N7XA56','张进朝',NULL,'宝马BMW7200HL(BMW320Li)轿车','LBV8V3101GMF41274','2085C849','平安车险','2020-03-14','2020-03-14',NULL,NULL,NULL,1,'2019-03-11 13:08:41',NULL,NULL,'2016-03-21','手自一体 进取型 长轴距版 国Ⅴ',0.00,0.00,'2019-03-14','2019-03-14','pingan',NULL,NULL,'01','61040319811102****',NULL,NULL,NULL,NULL,NULL,NULL,NULL,NULL,NULL,'1e254e4f4f5142a3b99ca3a67d57f2e9'),
(195,1,'京Q997Y2','郭晨',NULL,'起亚YQZ7167AE5轿车','LJDLAA22XE0362583','E1097632','平安车险','2019-05-13','2019-05-13',NULL,NULL,NULL,1,'2019-03-11 13:09:46',NULL,NULL,'2014-05-19','自动档 Premium 国Ⅴ',0.00,0.00,'2018-05-13','2018-05-13','pingan',NULL,NULL,NULL,'110222198901135510',NULL,NULL,NULL,NULL,NULL,NULL,NULL,NULL,NULL,'82e7aa49bf2a4bb2baf1ff25a4836adc'),
(196,1,'京QY82F3','贾久旭',NULL,'奥迪FV7183TFCVT轿车','LFV3A28E163000773','018562','人保车险','2019-04-13','2019-04-13',NULL,NULL,NULL,1,'2019-03-11 13:12:49',NULL,NULL,'2006-03-06','CVT 舒适型 涡轮增压 国Ⅲ不带OBD(原欧Ⅲ200712)',0.00,0.00,'2018-04-13','2018-04-13','epicc',NULL,NULL,'01','132529198003213819',NULL,NULL,NULL,NULL,NULL,NULL,NULL,NULL,NULL,'291add67dd9444848eca98b1c50974af'),
(199,1,'京NMK235','董蕾',NULL,'梅赛德斯-奔驰BJ6466G4E','LE40G4GB6HL116916','10609913','太平洋保险(新)','2019-03-16','2019-03-16',NULL,NULL,NULL,1,'2019-03-11 13:57:25',NULL,NULL,'2017-03-31','梅赛德斯 手自一体 动感型 全时四驱 国Ⅴ',8259.62,844.59,'2018-03-16','2018-03-16','cpicn','ABEJ050Y1418B016063K','ABEJ050CTP18B017047Q','01','110108198112295789','北京市崇文区西唐街57号','董蕾','01','110108198112295789','北京市崇文区西唐街57号','董蕾','01','110108198112295789','北京市崇文区西唐街57号','b88c7a3038f14035af44e9f0af7ec27a'),
(200,1,'京Q7Y6A8','王义东',NULL,'宝马BMW7200HL(BMW320Li)轿车','LBV8V3106GMF40492','2019C847','人保车险','2020-02-25','2020-02-25',NULL,NULL,NULL,1,'2019-03-11 14:02:05',NULL,NULL,'2016-03-01','手自一体 进取型 长轴距版 国Ⅴ',0.00,0.00,'2019-02-25','2019-02-25','epicc',NULL,NULL,'01','220524198201151012',NULL,NULL,NULL,NULL,NULL,NULL,NULL,NULL,NULL,'1e254e4f4f5142a3b99ca3a67d57f2e9'),
(201,1,'京QFP137','深圳市康乐菲装饰工程有限公司北京分公司',NULL,'雅阁HG7203BBV轿车','LHGCP1628D8004141','9318241','平安车险','2019-03-19','2019-03-19',NULL,NULL,NULL,1,'2019-03-11 14:11:31',1,'2019-03-12 14:07:23','2013-02-27','雅阁2.0L AT PE',3834.84,915.93,'2018-03-19','2018-03-19','pingan','10121003900388598819','10121003900388598820','07','772591701','','深圳市康乐菲装饰工程有限公司北京分公司',NULL,'77259****','','深圳市康乐菲装饰工程有限公司北京分公司',NULL,'77259****','','e4119034688048bfbf682ab5a53be8a1'),
(202,1,'京HV0475','林红',NULL,'思威DHW6453R4ASD多用途乘用车','LVHRM4852C5015201','1015190','平安车险','2019-04-04','2019-04-04',NULL,NULL,NULL,1,'2019-03-11 14:20:40',NULL,NULL,'2012-04-17','思威CR-V 2.4L AT四驱豪华版',2007.02,581.49,'2018-04-04','2018-04-04','pingan','10121003900401146883','10121003900401146884','01','110101195403152560','','吴**','01','42011219751002****','','吴**','01','42011219751002****','','3d8211ca7e2a4e0ea25a03204053b4d7'),
(203,1,'京N9Z827','包全来',NULL,'奥迪AUDI TT 2.0TFSI COUPE跑车','TRUAFB8J8C1003292','CES015301','平安车险','2013-03-11','2013-03-11',NULL,NULL,NULL,1,'2019-03-11 14:27:12',NULL,NULL,'2012-03-12','奥迪TT COUPE 2.0TFSI',13073.57,950.00,'2012-03-11','2012-03-11','pingan','10137001900033257531','10137001900033257528','01','11010819581003761X','','包全**','01','11010819581003****','','包全**','01','11010819581003****','','9195542e169f4881bbdda352f7f7fcc5'),
(209,1,'京NWP848','王铁',NULL,'丰田GTM7240HQ混合动力轿车','LVGBB40K7AG002328','C869259','平安车险','2013-03-27','2013-03-27',NULL,NULL,NULL,1,'2019-03-12 16:51:53',NULL,'2019-03-12 16:53:55','2011-04-08','丰田GTM7240HQ混合动力轿车',4691.59,849.81,'2012-03-27','2012-03-27','pingan','10127001900031633474','10127001900031633455','01','110101199003077272','王铁','王铁','01','110101199003077272','','王铁','01','110101199003077272','','b0d5d687e2a74610ae47732ce1d6a337'),
(215,1,'京Q755J0','王思扬','13331104287','马自达MAZDA CX-5 2.0L','JM7KE8971D0139249','PE30519114','国寿财车险','2019-04-17','2019-04-17',NULL,NULL,'13331104287',1,'2019-03-14 16:57:26',NULL,'2019-03-15 17:04:20','2014-04-22','手自一体 舒适版 两驱',0.00,0.00,'2018-04-17','2018-04-17','gpic',NULL,NULL,'01','110105196502050818','北京市北京市西城区25街道252号','王思扬','01','110105196502050818',NULL,'王思扬','01','110105196502050818',NULL,'92073a3594b644e7aaf8350b4ea001d0');

/*Table structure for table `bx_vehicle_import` */

DROP TABLE IF EXISTS `bx_vehicle_import`;

CREATE TABLE `bx_vehicle_import` (
  `id` int(11) NOT NULL AUTO_INCREMENT,
  `store_id` int(11) DEFAULT NULL COMMENT 'cms_store_id',
  `import_time` datetime DEFAULT NULL COMMENT '导入日期',
  `data_count` int(11) DEFAULT NULL COMMENT '导入总数',
  `file_size` int(11) DEFAULT NULL COMMENT '文件大小 单位 字节b',
  `vehicle_succ` int(11) DEFAULT NULL COMMENT '车档导入成功数',
  `vehicle_fail` int(11) DEFAULT NULL COMMENT '车档导入失败数',
  `create_user` varchar(64) DEFAULT NULL COMMENT '创建人',
  `create_user_id` int(11) DEFAULT NULL COMMENT '创建人id',
  `vehicle_file_ids` text COMMENT 'bx_vehicle表id 格式 id1,id2,id3',
  PRIMARY KEY (`id`)
) ENGINE=InnoDB AUTO_INCREMENT=35 DEFAULT CHARSET=utf8 COMMENT='基盘导入表';

/*Data for the table `bx_vehicle_import` */

insert  into `bx_vehicle_import`(`id`,`store_id`,`import_time`,`data_count`,`file_size`,`vehicle_succ`,`vehicle_fail`,`create_user`,`create_user_id`,`vehicle_file_ids`) values 
(20,1,'2019-03-06 13:38:14',4,22528,4,0,'系统',1,'99,100,101'),
(21,1,'2019-03-07 13:45:55',6,23040,6,0,'系统',1,'102,103,104,105,106'),
(22,1,'2019-03-08 14:03:49',6,23040,6,0,'系统',1,'107,108,109,110,111'),
(23,1,'2019-03-08 14:06:25',6,23040,6,0,'系统',1,'112,113,114,115,116'),
(24,1,'2019-03-04 14:11:26',6,23040,6,0,'系统',1,'117,118,119,120,121'),
(25,1,'2019-03-08 14:14:47',6,23040,6,0,'系统',1,'122,123,124,125,126'),
(26,1,'2019-02-26 14:20:54',6,23040,6,0,'系统',1,'127,128,129,130,131'),
(28,1,'2019-03-08 14:23:02',6,23040,6,0,'系统',1,'137,138,139,140,141'),
(29,1,'2019-03-03 15:19:33',6,23040,6,0,'系统',1,'143,144,145,146,147'),
(30,1,'2019-03-08 15:21:04',6,23040,6,0,'系统',1,'148,149,150,151,152'),
(31,1,'2019-03-08 21:08:05',6,23040,6,0,'系统',1,'157,158,159,160,161'),
(32,1,'2019-03-08 21:12:01',6,23040,6,0,'系统',1,'0,0,0,0,0'),
(33,1,'2019-03-09 13:29:45',6,23040,6,0,'系统',1,'0,0,0,0,0'),
(34,1,'2019-03-09 13:32:45',6,23040,6,0,'系统',1,'33,33,33,33,33');

/*Table structure for table `bx_vehicle_models` */

DROP TABLE IF EXISTS `bx_vehicle_models`;

CREATE TABLE `bx_vehicle_models` (
  `vehicle_date_id` varchar(50) DEFAULT NULL COMMENT '车型id',
  `brand_name` varchar(50) DEFAULT NULL COMMENT '品牌',
  `family_name` varchar(50) DEFAULT NULL COMMENT '型号',
  `price_p` decimal(10,2) DEFAULT NULL COMMENT '新车购置价',
  `price_t` decimal(10,2) DEFAULT NULL COMMENT '新车购置价含税',
  `vehicle_seat` int(11) DEFAULT NULL COMMENT '座位数',
  `vehicle_class` varchar(50) DEFAULT NULL COMMENT '车辆类型',
  `remark` varchar(50) DEFAULT NULL COMMENT '备注',
  `create_time` timestamp NULL DEFAULT CURRENT_TIMESTAMP,
  `update_time` timestamp NULL DEFAULT NULL,
  `vin` varchar(20) DEFAULT NULL,
  UNIQUE KEY `vehicle_date_id` (`vehicle_date_id`)
) ENGINE=InnoDB DEFAULT CHARSET=utf8;

/*Data for the table `bx_vehicle_models` */

insert  into `bx_vehicle_models`(`vehicle_date_id`,`brand_name`,`family_name`,`price_p`,`price_t`,`vehicle_seat`,`vehicle_class`,`remark`,`create_time`,`update_time`,`vin`) values 
('9295d1ca28f447b489234f6b5f8bd659','东风日产DFL6461VEL5','CVT XL 四驱领先版 国Ⅴ',199800.00,0.00,5,NULL,'CVT XL 四驱领先版 国Ⅴ','2019-03-02 18:33:38','2019-03-15 14:57:59','LGBM4DE41ED003524'),
('d9182936ddf34004b61a362b80bc0129','大众汽车SVW71617AM轿车','手动档 舒适版 国Ⅴ',104900.00,0.00,5,NULL,'手动档 舒适版 国Ⅴ','2019-03-04 15:21:23','2019-03-13 10:32:12','LSVWA2185GN281388'),
('f92e6245719a4e76a571ff3ff1ae4012','东风日产DFL6461VEL5','CVT XL ITS 四驱豪华版 国Ⅴ',209800.00,0.00,5,NULL,NULL,'2019-03-04 22:29:10',NULL,'LGBM4DE41ED003524'),
('475097ed22c44c48a6e9ac193c262468','东风日产DFL6461VEL5','CVT XL ITS NAVI 四驱尊享版 国Ⅴ',221800.00,0.00,5,NULL,NULL,'2019-03-04 22:29:10',NULL,'LGBM4DE41ED003524'),
('8db6b0e90f764ba897c98c2b3e2e04a5','别克SGM7152DAAA轿车','1.49手自一体 领先型 国Ⅴ',128900.00,0.00,5,NULL,'1.49手自一体 领先型 国Ⅴ','2019-03-08 16:52:46','2019-03-15 11:53:55','LSGBC5348GG169183'),
('6d21a1531adc45c2a467163ccb8473b2','大众FV7146FBDBG轿车','双离合 时尚型 国Ⅴ',147800.00,0.00,5,NULL,'双离合 时尚型 国Ⅴ','2019-03-11 10:55:21',NULL,'LFV2A21K5E4215478'),
('f6200fd92dea4f4aaa4d9a1f29ca8dbc','丰田GTM7150YCE','CVT 炫动版 国Ⅴ',90800.00,0.00,5,NULL,'CVT 炫动版 国Ⅴ','2019-03-11 11:18:28','2019-03-12 13:12:25','LVGBJE737HG208220'),
('c9e23db2c4224938b52f6a4fa0d79c6d','奥迪FV6461HBQWG多用途乘用车','手自一体 进取型 京5国Ⅳ',345240.00,0.00,5,NULL,'手自一体 进取型 京5国Ⅳ','2019-03-11 13:00:55',NULL,'LFV3B28R9D3073001'),
('6680bd3d0b7f40e09080efa5b2b081ec','奥迪FV7183TCVTG轿车','CVT 舒适型 涡轮增压 国Ⅳ',256300.00,0.00,5,NULL,'CVT 舒适型 涡轮增压 国Ⅳ','2019-03-11 13:01:39',NULL,'LFV3A28E783003938'),
('87f9302b09f24b0ea5ed79b3e493ee7b','锋范HG7154CBASV轿车','自动档 旗舰版 京5国Ⅳ',94800.00,0.00,5,NULL,'自动档 旗舰版 京5国Ⅳ','2019-03-11 13:02:01',NULL,'LHGGM2675D2003995'),
('09911536ef454690a2b51a2e9fbcb582','奔驰BENZ A160轿车','1.498CVT',180000.00,0.00,5,NULL,'1.498CVT','2019-03-11 13:02:15',NULL,'WDDNG5EB3DA522605'),
('141bcd2fc4154ebb879c3da01c350e42','歌诗图HG7240EAA轿车','自动档 豪华版 国Ⅳ',236100.00,0.00,5,NULL,'自动档 豪华版 国Ⅳ','2019-03-11 13:05:13',NULL,'LHGTF385XD8003756'),
('1e254e4f4f5142a3b99ca3a67d57f2e9','宝马BMW7200HL(BMW320Li)轿车','手自一体 进取型 长轴距版 国Ⅴ',259800.00,0.00,5,NULL,'手自一体 进取型 长轴距版 国Ⅴ','2019-03-11 13:08:41','2019-03-11 14:02:05','LBV8V3106GMF40492'),
('82e7aa49bf2a4bb2baf1ff25a4836adc','起亚YQZ7167AE5轿车','自动档 Premium 国Ⅴ',87900.00,0.00,5,NULL,'自动档 Premium 国Ⅴ','2019-03-11 13:09:46',NULL,'LJDLAA22XE0362583'),
('291add67dd9444848eca98b1c50974af','奥迪FV7183TFCVT轿车','CVT 舒适型 涡轮增压 国Ⅲ不带OBD(原欧Ⅲ200712)',243400.00,0.00,5,NULL,'CVT 舒适型 涡轮增压 国Ⅲ不带OBD(原欧Ⅲ200712)','2019-03-11 13:12:49',NULL,'LFV3A28E163000773'),
('b88c7a3038f14035af44e9f0af7ec27a','梅赛德斯-奔驰BJ6466G4E','梅赛德斯 手自一体 动感型 全时四驱 国Ⅴ',426000.00,0.00,5,NULL,'梅赛德斯 手自一体 动感型 全时四驱 国Ⅴ','2019-03-11 13:57:25',NULL,'LE40G4GB6HL116916'),
('1d41fda2a3ef4030a12eabfb32a2f111','雅阁HG7203BBV轿车','自动档 LX 京5国Ⅳ',153800.00,0.00,5,NULL,'自动档 LX 京5国Ⅳ','2019-03-11 14:11:31',NULL,'LHGCP1628D8004141'),
('3d8211ca7e2a4e0ea25a03204053b4d7','思威DHW6453R4ASD多用途乘用车','思威CR-V 2.4L AT四驱豪华版',219800.00,238600.00,5,NULL,'思威CR-V 2.4L AT四驱豪华版','2019-03-11 14:20:40',NULL,'LVHRM4852C5015201'),
('9195542e169f4881bbdda352f7f7fcc5','奥迪AUDI TT 2.0TFSI COUPE跑车','奥迪TT COUPE 2.0TFSI',412600.00,447865.00,4,NULL,'奥迪TT COUPE 2.0TFSI','2019-03-11 14:27:12',NULL,'TRUAFB8J8C1003292'),
('e4119034688048bfbf682ab5a53be8a1','雅阁HG7203BBV轿车','雅阁2.0L AT PE',173800.00,188700.00,5,NULL,'雅阁2.0L AT PE','2019-03-12 14:07:23',NULL,'LHGCP1628D8004141'),
('b0d5d687e2a74610ae47732ce1d6a337','丰田GTM7240HQ混合动力轿车','',0.00,0.00,5,NULL,'丰田GTM7240HQ混合动力轿车','2019-03-12 16:51:53',NULL,'LVGBB40K7AG002328'),
('92073a3594b644e7aaf8350b4ea001d0','马自达MAZDA CX-5 2.0L','手自一体 舒适版 两驱',213800.00,0.00,5,NULL,'手自一体 舒适版 两驱','2019-03-14 16:57:26',NULL,'JM7KE8971D0139249');

/*Table structure for table `bx_vehicle_selections` */

DROP TABLE IF EXISTS `bx_vehicle_selections`;

CREATE TABLE `bx_vehicle_selections` (
  `id` int(11) NOT NULL AUTO_INCREMENT,
  `licenseplate` varchar(20) DEFAULT NULL COMMENT '车牌号',
  `coverage_code` varchar(50) DEFAULT NULL COMMENT '险种CODE',
  `coverage_name` varchar(50) DEFAULT NULL COMMENT '险种名称',
  `amount` decimal(10,2) DEFAULT NULL COMMENT '保额',
  `premium` decimal(10,2) DEFAULT NULL COMMENT '保费',
  `create_time` timestamp NULL DEFAULT CURRENT_TIMESTAMP,
  `del_flag` int(11) DEFAULT NULL,
  `update_time` timestamp NULL DEFAULT NULL ON UPDATE CURRENT_TIMESTAMP,
  PRIMARY KEY (`id`)
) ENGINE=InnoDB AUTO_INCREMENT=392 DEFAULT CHARSET=utf8 COMMENT='车辆上年险种表';

/*Data for the table `bx_vehicle_selections` */

insert  into `bx_vehicle_selections`(`id`,`licenseplate`,`coverage_code`,`coverage_name`,`amount`,`premium`,`create_time`,`del_flag`,`update_time`) values 
(1,'京NGF788','force','交强险',122000.00,861.24,'2019-03-04 14:21:54',1,'2019-03-04 14:22:16'),
(2,'京NGF788','damage','机动车辆损失险',143456.40,0.00,'2019-03-04 14:21:54',1,'2019-03-04 14:22:16'),
(3,'京NGF788','third','第三者责任险',500000.00,0.00,'2019-03-04 14:21:55',1,'2019-03-04 14:22:16'),
(4,'京NGF788','exempt_damage','机动车辆损失险不计免赔',1.00,0.00,'2019-03-04 14:21:55',1,'2019-03-04 14:22:16'),
(5,'京NGF788','exempt_third','第三者责任险不计免赔',1.00,0.00,'2019-03-04 14:21:55',1,'2019-03-04 14:22:16'),
(6,'京NGF788','force','交强险',122000.00,861.24,'2019-03-04 14:22:16',1,'2019-03-04 14:39:54'),
(7,'京NGF788','damage','机动车辆损失险',143456.40,0.00,'2019-03-04 14:22:16',1,'2019-03-04 14:39:54'),
(8,'京NGF788','third','第三者责任险',500000.00,0.00,'2019-03-04 14:22:16',1,'2019-03-04 14:39:54'),
(9,'京NGF788','exempt_damage','机动车辆损失险不计免赔',1.00,0.00,'2019-03-04 14:22:17',1,'2019-03-04 14:39:54'),
(10,'京NGF788','exempt_third','第三者责任险不计免赔',1.00,0.00,'2019-03-04 14:22:17',1,'2019-03-04 14:39:54'),
(11,'京NGF788','force','交强险',122000.00,861.24,'2019-03-04 14:39:54',1,'2019-03-04 21:59:50'),
(12,'京NGF788','damage','机动车辆损失险',143456.40,0.00,'2019-03-04 14:39:54',1,'2019-03-04 21:59:50'),
(13,'京NGF788','third','第三者责任险',500000.00,0.00,'2019-03-04 14:39:54',1,'2019-03-04 21:59:50'),
(14,'京NGF788','exempt_damage','机动车辆损失险不计免赔',1.00,0.00,'2019-03-04 14:39:54',1,'2019-03-04 21:59:50'),
(15,'京NGF788','exempt_third','第三者责任险不计免赔',1.00,0.00,'2019-03-04 14:39:54',1,'2019-03-04 21:59:50'),
(16,'冀E21L67','damage','机动车辆损失险',90423.80,0.00,'2019-03-04 15:21:23',1,'2019-03-04 15:22:48'),
(17,'冀E21L67','third','第三者责任险',1000000.00,0.00,'2019-03-04 15:21:23',1,'2019-03-04 15:22:48'),
(18,'冀E21L67','driver','司机险',20000.00,0.00,'2019-03-04 15:21:23',1,'2019-03-04 15:22:48'),
(19,'冀E21L67','passenger','乘客险',10000.00,0.00,'2019-03-04 15:21:23',1,'2019-03-04 15:22:48'),
(20,'冀E21L67','exempt_damage','机动车辆损失险不计免赔',1.00,0.00,'2019-03-04 15:21:23',1,'2019-03-04 15:22:48'),
(21,'冀E21L67','exempt_third','第三者责任险不计免赔',1.00,0.00,'2019-03-04 15:21:23',1,'2019-03-04 15:22:48'),
(22,'冀E21L67','exempt_passenger','乘客险不计免赔',1.00,0.00,'2019-03-04 15:21:23',1,'2019-03-04 15:22:48'),
(23,'冀E21L67','exempt_driver','司机险不计免赔',1.00,0.00,'2019-03-04 15:21:23',1,'2019-03-04 15:22:48'),
(24,'冀E21L67','third_party','机动车损失保险无法找到第三方特约险',1.00,0.00,'2019-03-04 15:21:23',1,'2019-03-04 15:22:48'),
(25,'冀E21L67','new_equipment','新增设备损失险',1.00,0.00,'2019-03-04 15:21:23',1,'2019-03-04 15:22:48'),
(26,'冀E21L67','exempt_new_equipment','新增加设备不计免赔',1.00,0.00,'2019-03-04 15:21:23',1,'2019-03-04 15:22:48'),
(27,'冀E21L67',NULL,NULL,1.00,0.00,'2019-03-04 15:21:23',1,'2019-03-04 15:22:48'),
(28,'冀E21L67','damage','机动车辆损失险',90423.80,0.00,'2019-03-04 15:22:48',1,'2019-03-04 15:28:13'),
(29,'冀E21L67','third','第三者责任险',1000000.00,0.00,'2019-03-04 15:22:48',1,'2019-03-04 15:28:13'),
(30,'冀E21L67','driver','司机险',20000.00,0.00,'2019-03-04 15:22:48',1,'2019-03-04 15:28:13'),
(31,'冀E21L67','passenger','乘客险',10000.00,0.00,'2019-03-04 15:22:48',1,'2019-03-04 15:28:13'),
(32,'冀E21L67','exempt_damage','机动车辆损失险不计免赔',1.00,0.00,'2019-03-04 15:22:48',1,'2019-03-04 15:28:13'),
(33,'冀E21L67','exempt_third','第三者责任险不计免赔',1.00,0.00,'2019-03-04 15:22:48',1,'2019-03-04 15:28:13'),
(34,'冀E21L67','exempt_passenger','乘客险不计免赔',1.00,0.00,'2019-03-04 15:22:48',1,'2019-03-04 15:28:13'),
(35,'冀E21L67','exempt_driver','司机险不计免赔',1.00,0.00,'2019-03-04 15:22:48',1,'2019-03-04 15:28:13'),
(36,'冀E21L67','third_party','机动车损失保险无法找到第三方特约险',1.00,0.00,'2019-03-04 15:22:48',1,'2019-03-04 15:28:13'),
(37,'冀E21L67','new_equipment','新增设备损失险',1.00,0.00,'2019-03-04 15:22:48',1,'2019-03-04 15:28:13'),
(38,'冀E21L67','exempt_new_equipment','新增加设备不计免赔',1.00,0.00,'2019-03-04 15:22:48',1,'2019-03-04 15:28:13'),
(39,'冀E21L67',NULL,NULL,1.00,0.00,'2019-03-04 15:22:48',1,'2019-03-04 15:28:13'),
(40,'冀E21L67','damage','机动车辆损失险',90423.80,0.00,'2019-03-04 15:28:13',1,'2019-03-04 15:33:47'),
(41,'冀E21L67','third','第三者责任险',1000000.00,0.00,'2019-03-04 15:28:13',1,'2019-03-04 15:33:47'),
(42,'冀E21L67','driver','司机险',20000.00,0.00,'2019-03-04 15:28:13',1,'2019-03-04 15:33:47'),
(43,'冀E21L67','passenger','乘客险',10000.00,0.00,'2019-03-04 15:28:13',1,'2019-03-04 15:33:47'),
(44,'冀E21L67','exempt_damage','机动车辆损失险不计免赔',1.00,0.00,'2019-03-04 15:28:13',1,'2019-03-04 15:33:47'),
(45,'冀E21L67','exempt_third','第三者责任险不计免赔',1.00,0.00,'2019-03-04 15:28:13',1,'2019-03-04 15:33:47'),
(46,'冀E21L67','exempt_passenger','乘客险不计免赔',1.00,0.00,'2019-03-04 15:28:13',1,'2019-03-04 15:33:47'),
(47,'冀E21L67','exempt_driver','司机险不计免赔',1.00,0.00,'2019-03-04 15:28:13',1,'2019-03-04 15:33:47'),
(48,'冀E21L67','third_party','机动车损失保险无法找到第三方特约险',1.00,0.00,'2019-03-04 15:28:13',1,'2019-03-04 15:33:47'),
(49,'冀E21L67','new_equipment','新增设备损失险',1.00,0.00,'2019-03-04 15:28:13',1,'2019-03-04 15:33:47'),
(50,'冀E21L67','exempt_new_equipment','新增加设备不计免赔',1.00,0.00,'2019-03-04 15:28:13',1,'2019-03-04 15:33:47'),
(51,'冀E21L67',NULL,NULL,1.00,0.00,'2019-03-04 15:28:13',1,'2019-03-04 15:33:47'),
(52,'冀E21L67','damage','机动车辆损失险',90423.80,0.00,'2019-03-04 15:33:47',1,'2019-03-04 16:09:04'),
(53,'冀E21L67','third','第三者责任险',1000000.00,0.00,'2019-03-04 15:33:47',1,'2019-03-04 16:09:04'),
(54,'冀E21L67','driver','司机险',20000.00,0.00,'2019-03-04 15:33:47',1,'2019-03-04 16:09:04'),
(55,'冀E21L67','passenger','乘客险',10000.00,0.00,'2019-03-04 15:33:47',1,'2019-03-04 16:09:04'),
(56,'冀E21L67','exempt_damage','机动车辆损失险不计免赔',1.00,0.00,'2019-03-04 15:33:47',1,'2019-03-04 16:09:04'),
(57,'冀E21L67','exempt_third','第三者责任险不计免赔',1.00,0.00,'2019-03-04 15:33:47',1,'2019-03-04 16:09:04'),
(58,'冀E21L67','exempt_passenger','乘客险不计免赔',1.00,0.00,'2019-03-04 15:33:47',1,'2019-03-04 16:09:04'),
(59,'冀E21L67','exempt_driver','司机险不计免赔',1.00,0.00,'2019-03-04 15:33:47',1,'2019-03-04 16:09:04'),
(60,'冀E21L67','third_party','机动车损失保险无法找到第三方特约险',1.00,0.00,'2019-03-04 15:33:47',1,'2019-03-04 16:09:04'),
(61,'冀E21L67','new_equipment','新增设备损失险',1.00,0.00,'2019-03-04 15:33:47',1,'2019-03-04 16:09:04'),
(62,'冀E21L67','exempt_new_equipment','新增加设备不计免赔',1.00,0.00,'2019-03-04 15:33:47',1,'2019-03-04 16:09:04'),
(63,'冀E21L67',NULL,NULL,1.00,0.00,'2019-03-04 15:33:47',1,'2019-03-04 16:09:04'),
(64,'冀E21L67','damage','机动车辆损失险',90423.80,0.00,'2019-03-04 16:09:04',1,'2019-03-04 18:46:08'),
(65,'冀E21L67','third','第三者责任险',1000000.00,0.00,'2019-03-04 16:09:04',1,'2019-03-04 18:46:08'),
(66,'冀E21L67','driver','司机险',20000.00,0.00,'2019-03-04 16:09:04',1,'2019-03-04 18:46:08'),
(67,'冀E21L67','passenger','乘客险',10000.00,0.00,'2019-03-04 16:09:04',1,'2019-03-04 18:46:08'),
(68,'冀E21L67','exempt_damage','机动车辆损失险不计免赔',1.00,0.00,'2019-03-04 16:09:04',1,'2019-03-04 18:46:08'),
(69,'冀E21L67','exempt_third','第三者责任险不计免赔',1.00,0.00,'2019-03-04 16:09:04',1,'2019-03-04 18:46:08'),
(70,'冀E21L67','exempt_passenger','乘客险不计免赔',1.00,0.00,'2019-03-04 16:09:04',1,'2019-03-04 18:46:08'),
(71,'冀E21L67','exempt_driver','司机险不计免赔',1.00,0.00,'2019-03-04 16:09:04',1,'2019-03-04 18:46:08'),
(72,'冀E21L67','third_party','机动车损失保险无法找到第三方特约险',1.00,0.00,'2019-03-04 16:09:04',1,'2019-03-04 18:46:08'),
(73,'冀E21L67','new_equipment','新增设备损失险',1.00,0.00,'2019-03-04 16:09:04',1,'2019-03-04 18:46:08'),
(74,'冀E21L67','exempt_new_equipment','新增加设备不计免赔',1.00,0.00,'2019-03-04 16:09:04',1,'2019-03-04 18:46:08'),
(75,'冀E21L67','third_quota_double','机动车第三者责任保险附加法定节假日限额翻倍险',1.00,0.00,'2019-03-04 16:09:04',1,'2019-03-04 18:46:08'),
(76,'冀E21L67','damage','机动车辆损失险',90423.80,0.00,'2019-03-04 18:46:08',1,'2019-03-09 19:34:57'),
(77,'冀E21L67','third','第三者责任险',1000000.00,0.00,'2019-03-04 18:46:08',1,'2019-03-09 19:34:57'),
(78,'冀E21L67','driver','司机险',20000.00,0.00,'2019-03-04 18:46:08',1,'2019-03-09 19:34:57'),
(79,'冀E21L67','passenger','乘客险',10000.00,0.00,'2019-03-04 18:46:08',1,'2019-03-09 19:34:57'),
(80,'冀E21L67','exempt_damage','机动车辆损失险不计免赔',1.00,0.00,'2019-03-04 18:46:08',1,'2019-03-09 19:34:57'),
(81,'冀E21L67','exempt_third','第三者责任险不计免赔',1.00,0.00,'2019-03-04 18:46:08',1,'2019-03-09 19:34:57'),
(82,'冀E21L67','exempt_passenger','乘客险不计免赔',1.00,0.00,'2019-03-04 18:46:08',1,'2019-03-09 19:34:57'),
(83,'冀E21L67','exempt_driver','司机险不计免赔',1.00,0.00,'2019-03-04 18:46:08',1,'2019-03-09 19:34:57'),
(84,'冀E21L67','third_party','机动车损失保险无法找到第三方特约险',1.00,0.00,'2019-03-04 18:46:08',1,'2019-03-09 19:34:57'),
(85,'冀E21L67','new_equipment','新增设备损失险',1.00,0.00,'2019-03-04 18:46:08',1,'2019-03-09 19:34:57'),
(86,'冀E21L67','exempt_new_equipment','新增加设备不计免赔',1.00,0.00,'2019-03-04 18:46:08',1,'2019-03-09 19:34:57'),
(87,'冀E21L67','third_quota_double','机动车第三者责任保险附加法定节假日限额翻倍险',1.00,0.00,'2019-03-04 18:46:08',1,'2019-03-09 19:34:57'),
(88,'京NGF788','force','交强险',122000.00,861.24,'2019-03-04 21:59:50',1,'2019-03-05 12:29:15'),
(89,'京NGF788','damage','机动车辆损失险',143456.40,0.00,'2019-03-04 21:59:50',1,'2019-03-05 12:29:15'),
(90,'京NGF788','third','第三者责任险',500000.00,0.00,'2019-03-04 21:59:50',1,'2019-03-05 12:29:15'),
(91,'京NGF788','exempt_damage','机动车辆损失险不计免赔',1.00,0.00,'2019-03-04 21:59:50',1,'2019-03-05 12:29:15'),
(92,'京NGF788','exempt_third','第三者责任险不计免赔',1.00,0.00,'2019-03-04 21:59:50',1,'2019-03-05 12:29:15'),
(93,'京NGF788','force','交强险',122000.00,861.24,'2019-03-05 12:29:15',1,'2019-03-06 10:44:28'),
(94,'京NGF788','damage','机动车辆损失险',143456.40,0.00,'2019-03-05 12:29:15',1,'2019-03-06 10:44:28'),
(95,'京NGF788','third','第三者责任险',500000.00,0.00,'2019-03-05 12:29:15',1,'2019-03-06 10:44:28'),
(96,'京NGF788','exempt_damage','机动车辆损失险不计免赔',1.00,0.00,'2019-03-05 12:29:15',1,'2019-03-06 10:44:28'),
(97,'京NGF788','exempt_third','第三者责任险不计免赔',1.00,0.00,'2019-03-05 12:29:15',1,'2019-03-06 10:44:28'),
(98,'京NGF788','force','交强险',122000.00,861.24,'2019-03-06 10:44:28',1,'2019-03-07 13:03:56'),
(99,'京NGF788','damage','机动车辆损失险',143456.40,0.00,'2019-03-06 10:44:28',1,'2019-03-07 13:03:56'),
(100,'京NGF788','third','第三者责任险',500000.00,0.00,'2019-03-06 10:44:28',1,'2019-03-07 13:03:56'),
(101,'京NGF788','exempt_damage','机动车辆损失险不计免赔',1.00,0.00,'2019-03-06 10:44:28',1,'2019-03-07 13:03:56'),
(102,'京NGF788','exempt_third','第三者责任险不计免赔',1.00,0.00,'2019-03-06 10:44:28',1,'2019-03-07 13:03:56'),
(103,'京NGF788','force','交强险',122000.00,861.24,'2019-03-07 13:03:56',1,'2019-03-08 14:27:35'),
(104,'京NGF788','damage','机动车辆损失险',143456.40,0.00,'2019-03-07 13:03:56',1,'2019-03-08 14:27:35'),
(105,'京NGF788','third','第三者责任险',500000.00,0.00,'2019-03-07 13:03:56',1,'2019-03-08 14:27:35'),
(106,'京NGF788','exempt_damage','机动车辆损失险不计免赔',1.00,0.00,'2019-03-07 13:03:56',1,'2019-03-08 14:27:35'),
(107,'京NGF788','exempt_third','第三者责任险不计免赔',1.00,0.00,'2019-03-07 13:03:56',1,'2019-03-08 14:27:35'),
(108,'京NGF788','force','交强险',122000.00,861.24,'2019-03-08 14:27:35',1,'2019-03-09 00:13:40'),
(109,'京NGF788','damage','机动车辆损失险',143456.40,0.00,'2019-03-08 14:27:35',1,'2019-03-09 00:13:40'),
(110,'京NGF788','third','第三者责任险',500000.00,0.00,'2019-03-08 14:27:35',1,'2019-03-09 00:13:40'),
(111,'京NGF788','exempt_damage','机动车辆损失险不计免赔',1.00,0.00,'2019-03-08 14:27:35',1,'2019-03-09 00:13:40'),
(112,'京NGF788','exempt_third','第三者责任险不计免赔',1.00,0.00,'2019-03-08 14:27:35',1,'2019-03-09 00:13:40'),
(113,'京NGF788','force','交强险',122000.00,861.24,'2019-03-09 00:13:40',1,'2019-03-09 19:31:14'),
(114,'京NGF788','damage','机动车辆损失险',143456.40,0.00,'2019-03-09 00:13:40',1,'2019-03-09 19:31:14'),
(115,'京NGF788','third','第三者责任险',500000.00,0.00,'2019-03-09 00:13:40',1,'2019-03-09 19:31:14'),
(116,'京NGF788','exempt_damage','机动车辆损失险不计免赔',1.00,0.00,'2019-03-09 00:13:40',1,'2019-03-09 19:31:14'),
(117,'京NGF788','exempt_third','第三者责任险不计免赔',1.00,0.00,'2019-03-09 00:13:40',1,'2019-03-09 19:31:14'),
(118,'京NGF788','force','交强险',122000.00,861.24,'2019-03-09 19:31:14',1,'2019-03-11 17:49:20'),
(119,'京NGF788','damage','机动车辆损失险',143456.40,0.00,'2019-03-09 19:31:14',1,'2019-03-11 17:49:20'),
(120,'京NGF788','third','第三者责任险',500000.00,0.00,'2019-03-09 19:31:14',1,'2019-03-11 17:49:20'),
(121,'京NGF788','exempt_damage','机动车辆损失险不计免赔',1.00,0.00,'2019-03-09 19:31:14',1,'2019-03-11 17:49:20'),
(122,'京NGF788','exempt_third','第三者责任险不计免赔',1.00,0.00,'2019-03-09 19:31:14',1,'2019-03-11 17:49:20'),
(123,'冀E21L67','damage','机动车辆损失险',90423.80,0.00,'2019-03-09 19:34:57',1,'2019-03-12 13:48:26'),
(124,'冀E21L67','third','第三者责任险',1000000.00,0.00,'2019-03-09 19:34:57',1,'2019-03-12 13:48:26'),
(125,'冀E21L67','driver','司机险',20000.00,0.00,'2019-03-09 19:34:57',1,'2019-03-12 13:48:26'),
(126,'冀E21L67','passenger','乘客险',10000.00,0.00,'2019-03-09 19:34:57',1,'2019-03-12 13:48:26'),
(127,'冀E21L67','exempt_damage','机动车辆损失险不计免赔',1.00,0.00,'2019-03-09 19:34:57',1,'2019-03-12 13:48:26'),
(128,'冀E21L67','exempt_third','第三者责任险不计免赔',1.00,0.00,'2019-03-09 19:34:57',1,'2019-03-12 13:48:26'),
(129,'冀E21L67','exempt_passenger','乘客险不计免赔',1.00,0.00,'2019-03-09 19:34:57',1,'2019-03-12 13:48:26'),
(130,'冀E21L67','exempt_driver','司机险不计免赔',1.00,0.00,'2019-03-09 19:34:57',1,'2019-03-12 13:48:26'),
(131,'冀E21L67','third_party','机动车损失保险无法找到第三方特约险',1.00,0.00,'2019-03-09 19:34:57',1,'2019-03-12 13:48:26'),
(132,'冀E21L67','new_equipment','新增设备损失险',1.00,0.00,'2019-03-09 19:34:57',1,'2019-03-12 13:48:26'),
(133,'冀E21L67','exempt_new_equipment','新增加设备不计免赔',1.00,0.00,'2019-03-09 19:34:57',1,'2019-03-12 13:48:26'),
(134,'冀E21L67','third_quota_double','机动车第三者责任保险附加法定节假日限额翻倍险',1.00,0.00,'2019-03-09 19:34:57',1,'2019-03-12 13:48:26'),
(135,'京QT87K9','damage','机动车辆损失险',105233.60,0.00,'2019-03-11 10:55:21',0,NULL),
(136,'京QT87K9','third','第三者责任险',500000.00,0.00,'2019-03-11 10:55:21',0,NULL),
(137,'京QT87K9','exempt_damage','机动车辆损失险不计免赔',1.00,0.00,'2019-03-11 10:55:21',0,NULL),
(138,'京QT87K9','exempt_third','第三者责任险不计免赔',1.00,0.00,'2019-03-11 10:55:21',0,NULL),
(139,'京QT87K9','third_party','机动车损失保险无法找到第三方特约险',1.00,0.00,'2019-03-11 10:55:21',0,NULL),
(140,'京QT87K9','new_equipment','新增设备损失险',1.00,0.00,'2019-03-11 10:55:21',0,NULL),
(141,'京QT87K9','exempt_new_equipment','新增加设备不计免赔',1.00,0.00,'2019-03-11 10:55:21',0,NULL),
(142,'京QT87K9','third_quota_double','机动车第三者责任保险附加法定节假日限额翻倍险',1.00,0.00,'2019-03-11 10:55:21',0,NULL),
(143,'冀D031B3','damage','机动车辆损失险',92614.40,950.99,'2019-03-11 11:18:28',1,'2019-03-12 13:12:25'),
(144,'冀D031B3','third','第三者责任险',500000.00,797.68,'2019-03-11 11:18:28',1,'2019-03-12 13:12:25'),
(145,'冀D031B3','driver','司机险',10000.00,22.22,'2019-03-11 11:18:28',1,'2019-03-12 13:12:25'),
(146,'冀D031B3','passenger','乘客险',10000.00,56.36,'2019-03-11 11:18:28',1,'2019-03-12 13:12:25'),
(147,'冀D031B3','glass','玻璃险',1.00,102.76,'2019-03-11 11:18:28',1,'2019-03-12 13:12:25'),
(148,'冀D031B3','third_party','机动车损失保险无法找到第三方特约险',1.00,23.77,'2019-03-11 11:18:28',1,'2019-03-12 13:12:25'),
(149,'冀D031B3','exempt_damage','机动车辆损失险不计免赔',1.00,142.65,'2019-03-11 11:18:28',1,'2019-03-12 13:12:25'),
(150,'冀D031B3','exempt_third','第三者责任险不计免赔',1.00,119.65,'2019-03-11 11:18:28',1,'2019-03-12 13:12:25'),
(151,'冀D031B3','exempt_driver','司机险不计免赔',1.00,3.33,'2019-03-11 11:18:28',1,'2019-03-12 13:12:25'),
(152,'冀D031B3','exempt_passenger','乘客险不计免赔',1.00,8.45,'2019-03-11 11:18:28',1,'2019-03-12 13:12:25'),
(153,'京Q9V136','damage','机动车辆损失险',223025.05,0.00,'2019-03-11 13:00:55',0,NULL),
(154,'京Q9V136','third','第三者责任险',1000000.00,0.00,'2019-03-11 13:00:55',0,NULL),
(155,'京Q9V136','pilfer','盗抢险',223025.05,0.00,'2019-03-11 13:00:55',0,NULL),
(156,'京Q9V136','exempt_damage','机动车辆损失险不计免赔',1.00,0.00,'2019-03-11 13:00:55',0,NULL),
(157,'京Q9V136','exempt_third','第三者责任险不计免赔',1.00,0.00,'2019-03-11 13:00:55',0,NULL),
(158,'京Q9V136','exempt_pilfer','盗抢险不计免赔',1.00,0.00,'2019-03-11 13:00:55',0,NULL),
(159,'京Q9V136','new_equipment','新增设备损失险',1.00,0.00,'2019-03-11 13:00:55',0,NULL),
(160,'京Q9V136','exempt_new_equipment','新增加设备不计免赔',1.00,0.00,'2019-03-11 13:00:55',0,NULL),
(161,'京Q9V136','third_quota_double','机动车第三者责任保险附加法定节假日限额翻倍险',1.00,0.00,'2019-03-11 13:00:55',0,NULL),
(162,'京N3H893','damage','机动车辆损失险',61240.80,0.00,'2019-03-11 13:02:01',0,NULL),
(163,'京N3H893','third','第三者责任险',1000000.00,0.00,'2019-03-11 13:02:01',0,NULL),
(164,'京N3H893','exempt_damage','机动车辆损失险不计免赔',1.00,0.00,'2019-03-11 13:02:01',0,NULL),
(165,'京N3H893','exempt_third','第三者责任险不计免赔',1.00,0.00,'2019-03-11 13:02:01',0,NULL),
(166,'京N3H893','new_equipment','新增设备损失险',1.00,0.00,'2019-03-11 13:02:01',0,NULL),
(167,'京N3H893','exempt_new_equipment','新增加设备不计免赔',1.00,0.00,'2019-03-11 13:02:01',0,NULL),
(168,'京N3H893','third_quota_double','机动车第三者责任保险附加法定节假日限额翻倍险',1.00,0.00,'2019-03-11 13:02:01',0,NULL),
(169,'京N37C55','third','第三者责任险',1000000.00,0.00,'2019-03-11 13:02:15',0,NULL),
(170,'京N37C55','exempt_third','第三者责任险不计免赔',1.00,0.00,'2019-03-11 13:02:15',0,NULL),
(171,'京N37C55','new_equipment','新增设备损失险',1.00,0.00,'2019-03-11 13:02:15',0,NULL),
(172,'京N37C55','exempt_new_equipment','新增加设备不计免赔',1.00,0.00,'2019-03-11 13:02:15',0,NULL),
(173,'京N37C55','third_quota_double','机动车第三者责任保险附加法定节假日限额翻倍险',1.00,0.00,'2019-03-11 13:02:15',0,NULL),
(174,'京P3WP50','damage','机动车辆损失险',236100.00,0.00,'2019-03-11 13:05:14',0,NULL),
(175,'京P3WP50','third','第三者责任险',300000.00,0.00,'2019-03-11 13:05:14',0,NULL),
(176,'京P3WP50','exempt_damage','机动车辆损失险不计免赔',1.00,0.00,'2019-03-11 13:05:14',0,NULL),
(177,'京P3WP50','exempt_third','第三者责任险不计免赔',1.00,0.00,'2019-03-11 13:05:14',0,NULL),
(178,'京P3WP50','water','涉水险',1.00,0.00,'2019-03-11 13:05:14',0,NULL),
(179,'京P3WP50','exempt_water','涉水险不计免赔',1.00,0.00,'2019-03-11 13:05:14',0,NULL),
(180,'京P3WP50','new_equipment','新增设备损失险',1.00,0.00,'2019-03-11 13:05:14',0,NULL),
(181,'京P3WP50','exempt_new_equipment','新增加设备不计免赔',1.00,0.00,'2019-03-11 13:05:14',0,NULL),
(182,'京P3WP50','third_quota_double','机动车第三者责任保险附加法定节假日限额翻倍险',1.00,0.00,'2019-03-11 13:05:14',0,NULL),
(183,'京N7XA56','damage','机动车辆损失险',205242.00,0.00,'2019-03-11 13:08:41',0,NULL),
(184,'京N7XA56','third','第三者责任险',1000000.00,0.00,'2019-03-11 13:08:41',0,NULL),
(185,'京N7XA56','driver','司机险',10000.00,0.00,'2019-03-11 13:08:41',0,NULL),
(186,'京N7XA56','passenger','乘客险',10000.00,0.00,'2019-03-11 13:08:41',0,NULL),
(187,'京N7XA56','scratch','划痕险',2000.00,0.00,'2019-03-11 13:08:41',0,NULL),
(188,'京N7XA56','exempt_damage','机动车辆损失险不计免赔',1.00,0.00,'2019-03-11 13:08:41',0,NULL),
(189,'京N7XA56','exempt_third','第三者责任险不计免赔',1.00,0.00,'2019-03-11 13:08:41',0,NULL),
(190,'京N7XA56','water','涉水险',1.00,0.00,'2019-03-11 13:08:41',0,NULL),
(191,'京N7XA56','combust','自燃险',1.00,0.00,'2019-03-11 13:08:41',0,NULL),
(192,'京N7XA56','exempt_passenger','乘客险不计免赔',1.00,0.00,'2019-03-11 13:08:41',0,NULL),
(193,'京N7XA56','exempt_driver','司机险不计免赔',1.00,0.00,'2019-03-11 13:08:41',0,NULL),
(194,'京N7XA56','exempt_scratch','划痕险不计免赔',1.00,0.00,'2019-03-11 13:08:41',0,NULL),
(195,'京N7XA56','exempt_water','涉水险不计免赔',1.00,0.00,'2019-03-11 13:08:41',0,NULL),
(196,'京N7XA56','exempt_combust','自燃险不计免赔',1.00,0.00,'2019-03-11 13:08:41',0,NULL),
(197,'京N7XA56','third_party','机动车损失保险无法找到第三方特约险',1.00,0.00,'2019-03-11 13:08:41',0,NULL),
(198,'京N7XA56','new_equipment','新增设备损失险',1.00,0.00,'2019-03-11 13:08:41',0,NULL),
(199,'京N7XA56','exempt_new_equipment','新增加设备不计免赔',1.00,0.00,'2019-03-11 13:08:41',0,NULL),
(200,'京N7XA56','third_quota_double','机动车第三者责任保险附加法定节假日限额翻倍险',1.00,0.00,'2019-03-11 13:08:41',0,NULL),
(201,'京Q997Y2','damage','机动车辆损失险',63112.20,0.00,'2019-03-11 13:09:46',0,NULL),
(202,'京Q997Y2','third','第三者责任险',1000000.00,0.00,'2019-03-11 13:09:46',0,NULL),
(203,'京Q997Y2','passenger','乘客险',10000.00,0.00,'2019-03-11 13:09:46',0,NULL),
(204,'京Q997Y2','exempt_damage','机动车辆损失险不计免赔',1.00,0.00,'2019-03-11 13:09:46',0,NULL),
(205,'京Q997Y2','exempt_third','第三者责任险不计免赔',1.00,0.00,'2019-03-11 13:09:46',0,NULL),
(206,'京Q997Y2','water','涉水险',1.00,0.00,'2019-03-11 13:09:46',0,NULL),
(207,'京Q997Y2','exempt_passenger','乘客险不计免赔',1.00,0.00,'2019-03-11 13:09:46',0,NULL),
(208,'京Q997Y2','exempt_water','涉水险不计免赔',1.00,0.00,'2019-03-11 13:09:46',0,NULL),
(209,'京Q997Y2','third_party','机动车损失保险无法找到第三方特约险',1.00,0.00,'2019-03-11 13:09:46',0,NULL),
(210,'京Q997Y2','new_equipment','新增设备损失险',1.00,0.00,'2019-03-11 13:09:46',0,NULL),
(211,'京Q997Y2','exempt_new_equipment','新增加设备不计免赔',1.00,0.00,'2019-03-11 13:09:46',0,NULL),
(212,'京Q997Y2','third_quota_double','机动车第三者责任保险附加法定节假日限额翻倍险',1.00,0.00,'2019-03-11 13:09:46',0,NULL),
(213,'京QY82F3','third','第三者责任险',500000.00,0.00,'2019-03-11 13:12:49',0,NULL),
(214,'京QY82F3','exempt_third','第三者责任险不计免赔',1.00,0.00,'2019-03-11 13:12:49',0,NULL),
(215,'京QY82F3','new_equipment','新增设备损失险',1.00,0.00,'2019-03-11 13:12:49',0,NULL),
(216,'京QY82F3','exempt_new_equipment','新增加设备不计免赔',1.00,0.00,'2019-03-11 13:12:49',0,NULL),
(217,'京QY82F3','third_quota_double','机动车第三者责任保险附加法定节假日限额翻倍险',1.00,0.00,'2019-03-11 13:12:49',0,NULL),
(218,'京N9Z827','damage','机动车辆损失险',204649.60,0.00,'2019-03-11 13:47:35',1,'2019-03-11 14:27:12'),
(219,'京N9Z827','third','第三者责任险',1000000.00,0.00,'2019-03-11 13:47:35',1,'2019-03-11 14:27:12'),
(220,'京N9Z827','exempt_damage','机动车辆损失险不计免赔',1.00,0.00,'2019-03-11 13:47:36',1,'2019-03-11 14:27:12'),
(221,'京N9Z827','exempt_third','第三者责任险不计免赔',1.00,0.00,'2019-03-11 13:47:36',1,'2019-03-11 14:27:12'),
(222,'京N9Z827','third_party','机动车损失保险无法找到第三方特约险',1.00,0.00,'2019-03-11 13:47:36',1,'2019-03-11 14:27:12'),
(223,'京N9Z827','new_equipment','新增设备损失险',1.00,0.00,'2019-03-11 13:47:36',1,'2019-03-11 14:27:12'),
(224,'京N9Z827','exempt_new_equipment','新增加设备不计免赔',1.00,0.00,'2019-03-11 13:47:36',1,'2019-03-11 14:27:12'),
(225,'京N9Z827','third_quota_double','机动车第三者责任保险附加法定节假日限额翻倍险',1.00,0.00,'2019-03-11 13:47:36',1,'2019-03-11 14:27:12'),
(226,'京NMK235','pilfer','盗抢险',389760.00,1184.39,'2019-03-11 13:57:25',0,NULL),
(227,'京NMK235','third','第三者责任险',500000.00,797.64,'2019-03-11 13:57:25',0,NULL),
(228,'京NMK235','damage','机动车辆损失险',389760.00,3320.05,'2019-03-11 13:57:25',0,NULL),
(229,'京NMK235','driver','司机险',10000.00,22.22,'2019-03-11 13:57:25',0,NULL),
(230,'京NMK235','passenger','乘客险',10000.00,56.36,'2019-03-11 13:57:25',0,NULL),
(231,'京NMK235','glass','玻璃险',2.00,705.52,'2019-03-11 13:57:25',0,NULL),
(232,'京NMK235','combust','自燃险',1.00,253.44,'2019-03-11 13:57:25',0,NULL),
(233,'京NMK235','water','涉水险',1.00,166.00,'2019-03-11 13:57:25',0,NULL),
(234,'京NMK235','scratch','划痕险',10000.00,633.99,'2019-03-11 13:57:25',0,NULL),
(235,'京NMK235','exempt_damage','机动车辆损失险不计免赔',1.00,498.01,'2019-03-11 13:57:25',0,NULL),
(236,'京NMK235','exempt_third','第三者责任险不计免赔',1.00,119.65,'2019-03-11 13:57:25',0,NULL),
(237,'京NMK235','exempt_pilfer','盗抢险不计免赔',1.00,236.88,'2019-03-11 13:57:25',0,NULL),
(238,'京NMK235','third_party','机动车损失保险无法找到第三方特约险',1.00,83.00,'2019-03-11 13:57:25',0,NULL),
(239,'京NMK235','exempt_scratch','划痕险不计免赔',1.00,95.10,'2019-03-11 13:57:25',0,NULL),
(240,'京NMK235','exempt_combust','自燃险不计免赔',1.00,50.69,'2019-03-11 13:57:25',0,NULL),
(241,'京NMK235','exempt_passenger','乘客险不计免赔',1.00,8.45,'2019-03-11 13:57:25',0,NULL),
(242,'京NMK235','exempt_water','涉水险不计免赔',1.00,24.90,'2019-03-11 13:57:25',0,NULL),
(243,'京NMK235','exempt_driver','司机险不计免赔',1.00,3.33,'2019-03-11 13:57:25',0,NULL),
(244,'京NMK235','force','交强险',122000.00,844.59,'2019-03-11 13:57:25',0,NULL),
(245,'京Q7Y6A8','damage','机动车辆损失险',205242.00,0.00,'2019-03-11 14:02:05',0,NULL),
(246,'京Q7Y6A8','third','第三者责任险',500000.00,0.00,'2019-03-11 14:02:05',0,NULL),
(247,'京Q7Y6A8','driver','司机险',10000.00,0.00,'2019-03-11 14:02:05',0,NULL),
(248,'京Q7Y6A8','passenger','乘客险',10000.00,0.00,'2019-03-11 14:02:05',0,NULL),
(249,'京Q7Y6A8','glass','玻璃险',2.00,0.00,'2019-03-11 14:02:05',0,NULL),
(250,'京Q7Y6A8','exempt_damage','机动车辆损失险不计免赔',1.00,0.00,'2019-03-11 14:02:05',0,NULL),
(251,'京Q7Y6A8','exempt_third','第三者责任险不计免赔',1.00,0.00,'2019-03-11 14:02:05',0,NULL),
(252,'京Q7Y6A8','exempt_passenger','乘客险不计免赔',1.00,0.00,'2019-03-11 14:02:05',0,NULL),
(253,'京Q7Y6A8','exempt_driver','司机险不计免赔',1.00,0.00,'2019-03-11 14:02:05',0,NULL),
(254,'京Q7Y6A8','third_party','机动车损失保险无法找到第三方特约险',1.00,0.00,'2019-03-11 14:02:05',0,NULL),
(255,'京Q7Y6A8','new_equipment','新增设备损失险',1.00,0.00,'2019-03-11 14:02:05',0,NULL),
(256,'京Q7Y6A8','exempt_new_equipment','新增加设备不计免赔',1.00,0.00,'2019-03-11 14:02:05',0,NULL),
(257,'京Q7Y6A8','third_quota_double','机动车第三者责任保险附加法定节假日限额翻倍险',1.00,0.00,'2019-03-11 14:02:05',0,NULL),
(258,'京QFP137','damage','机动车辆损失险',123745.60,0.00,'2019-03-11 14:11:31',1,'2019-03-12 14:07:23'),
(259,'京QFP137','third','第三者责任险',1000000.00,0.00,'2019-03-11 14:11:31',1,'2019-03-12 14:07:23'),
(260,'京QFP137','pilfer','盗抢险',111232.00,0.00,'2019-03-11 14:11:31',1,'2019-03-12 14:07:23'),
(261,'京QFP137','driver','司机险',10000.00,0.00,'2019-03-11 14:11:31',1,'2019-03-12 14:07:23'),
(262,'京QFP137','passenger','乘客险',10000.00,0.00,'2019-03-11 14:11:31',1,'2019-03-12 14:07:23'),
(263,'京QFP137','glass','玻璃险',1.00,0.00,'2019-03-11 14:11:31',1,'2019-03-12 14:07:23'),
(264,'京QFP137','scratch','划痕险',5000.00,0.00,'2019-03-11 14:11:31',1,'2019-03-12 14:07:23'),
(265,'京QFP137','exempt_damage','机动车辆损失险不计免赔',1.00,0.00,'2019-03-11 14:11:31',1,'2019-03-12 14:07:23'),
(266,'京QFP137','exempt_third','第三者责任险不计免赔',1.00,0.00,'2019-03-11 14:11:31',1,'2019-03-12 14:07:23'),
(267,'京QFP137','exempt_pilfer','盗抢险不计免赔',1.00,0.00,'2019-03-11 14:11:31',1,'2019-03-12 14:07:23'),
(268,'京QFP137','water','涉水险',1.00,0.00,'2019-03-11 14:11:31',1,'2019-03-12 14:07:23'),
(269,'京QFP137','exempt_passenger','乘客险不计免赔',1.00,0.00,'2019-03-11 14:11:31',1,'2019-03-12 14:07:23'),
(270,'京QFP137','exempt_driver','司机险不计免赔',1.00,0.00,'2019-03-11 14:11:31',1,'2019-03-12 14:07:23'),
(271,'京QFP137','exempt_scratch','划痕险不计免赔',1.00,0.00,'2019-03-11 14:11:31',1,'2019-03-12 14:07:23'),
(272,'京QFP137','exempt_water','涉水险不计免赔',1.00,0.00,'2019-03-11 14:11:31',1,'2019-03-12 14:07:23'),
(273,'京QFP137','new_equipment','新增设备损失险',1.00,0.00,'2019-03-11 14:11:31',1,'2019-03-12 14:07:23'),
(274,'京QFP137','exempt_new_equipment','新增加设备不计免赔',1.00,0.00,'2019-03-11 14:11:31',1,'2019-03-12 14:07:23'),
(275,'京QFP137','third_quota_double','机动车第三者责任保险附加法定节假日限额翻倍险',1.00,0.00,'2019-03-11 14:11:31',1,'2019-03-12 14:07:23'),
(276,'京HV0475','force','交强险',122000.00,581.49,'2019-03-11 14:20:40',0,NULL),
(277,'京HV0475','damage','机动车辆损失险',126165.20,0.00,'2019-03-11 14:20:40',0,NULL),
(278,'京HV0475','third','第三者责任险',100000.00,0.00,'2019-03-11 14:20:40',0,NULL),
(279,'京HV0475','driver','司机险',10000.00,0.00,'2019-03-11 14:20:40',0,NULL),
(280,'京HV0475','passenger','乘客险',10000.00,0.00,'2019-03-11 14:20:40',0,NULL),
(281,'京HV0475','glass','玻璃险',1.00,0.00,'2019-03-11 14:20:40',0,NULL),
(282,'京HV0475','exempt_damage','机动车辆损失险不计免赔',1.00,0.00,'2019-03-11 14:20:40',0,NULL),
(283,'京HV0475','exempt_third','第三者责任险不计免赔',1.00,0.00,'2019-03-11 14:20:40',0,NULL),
(284,'京HV0475','exempt_driver','司机险不计免赔',1.00,0.00,'2019-03-11 14:20:40',0,NULL),
(285,'京HV0475','exempt_passenger','乘客险不计免赔',1.00,0.00,'2019-03-11 14:20:40',0,NULL),
(286,'京N9Z827','damage','机动车辆损失险',469000.00,0.00,'2019-03-11 14:27:12',0,NULL),
(287,'京N9Z827','third','第三者责任险',200000.00,0.00,'2019-03-11 14:27:12',0,NULL),
(288,'京N9Z827','pilfer','盗抢险',204649.60,0.00,'2019-03-11 14:27:12',0,NULL),
(289,'京N9Z827','driver','司机险',10000.00,0.00,'2019-03-11 14:27:12',0,NULL),
(290,'京N9Z827','passenger','乘客险',10000.00,0.00,'2019-03-11 14:27:12',0,NULL),
(291,'京N9Z827','glass','玻璃险',2.00,0.00,'2019-03-11 14:27:12',0,NULL),
(292,'京N9Z827','scratch','划痕险',5000.00,0.00,'2019-03-11 14:27:12',0,NULL),
(293,'京N9Z827','exempt_damage','机动车辆损失险不计免赔',1.00,0.00,'2019-03-11 14:27:12',0,NULL),
(294,'京N9Z827','exempt_third','第三者责任险不计免赔',1.00,0.00,'2019-03-11 14:27:12',0,NULL),
(295,'京N9Z827','exempt_pilfer','盗抢险不计免赔',1.00,0.00,'2019-03-11 14:27:12',0,NULL),
(296,'京N9Z827','exempt_driver','司机险不计免赔',1.00,0.00,'2019-03-11 14:27:12',0,NULL),
(297,'京N9Z827','force','交强险',122000.00,950.00,'2019-03-11 14:27:12',0,NULL),
(298,'京NGF788','force','交强险',122000.00,861.24,'2019-03-11 17:49:20',1,'2019-03-12 14:47:32'),
(299,'京NGF788','damage','机动车辆损失险',143456.40,0.00,'2019-03-11 17:49:20',1,'2019-03-12 14:47:32'),
(300,'京NGF788','third','第三者责任险',500000.00,0.00,'2019-03-11 17:49:20',1,'2019-03-12 14:47:32'),
(301,'京NGF788','exempt_damage','机动车辆损失险不计免赔',1.00,0.00,'2019-03-11 17:49:20',1,'2019-03-12 14:47:32'),
(302,'京NGF788','exempt_third','第三者责任险不计免赔',1.00,0.00,'2019-03-11 17:49:20',1,'2019-03-12 14:47:32'),
(303,'冀D031B3','damage','机动车辆损失险',92614.40,950.99,'2019-03-12 13:12:25',0,NULL),
(304,'冀D031B3','third','第三者责任险',500000.00,797.68,'2019-03-12 13:12:25',0,NULL),
(305,'冀D031B3','driver','司机险',10000.00,22.22,'2019-03-12 13:12:25',0,NULL),
(306,'冀D031B3','passenger','乘客险',10000.00,56.36,'2019-03-12 13:12:25',0,NULL),
(307,'冀D031B3','glass','玻璃险',1.00,102.76,'2019-03-12 13:12:25',0,NULL),
(308,'冀D031B3','third_party','机动车损失保险无法找到第三方特约险',1.00,23.77,'2019-03-12 13:12:25',0,NULL),
(309,'冀D031B3','exempt_damage','机动车辆损失险不计免赔',1.00,142.65,'2019-03-12 13:12:25',0,NULL),
(310,'冀D031B3','exempt_third','第三者责任险不计免赔',1.00,119.65,'2019-03-12 13:12:25',0,NULL),
(311,'冀D031B3','exempt_driver','司机险不计免赔',1.00,3.33,'2019-03-12 13:12:25',0,NULL),
(312,'冀D031B3','exempt_passenger','乘客险不计免赔',1.00,8.45,'2019-03-12 13:12:25',0,NULL),
(313,'冀E21L67','damage','机动车辆损失险',90423.80,0.00,'2019-03-12 13:48:26',1,'2019-03-13 10:32:12'),
(314,'冀E21L67','third','第三者责任险',1000000.00,0.00,'2019-03-12 13:48:26',1,'2019-03-13 10:32:12'),
(315,'冀E21L67','driver','司机险',20000.00,0.00,'2019-03-12 13:48:26',1,'2019-03-13 10:32:12'),
(316,'冀E21L67','passenger','乘客险',10000.00,0.00,'2019-03-12 13:48:26',1,'2019-03-13 10:32:12'),
(317,'冀E21L67','exempt_damage','机动车辆损失险不计免赔',1.00,0.00,'2019-03-12 13:48:26',1,'2019-03-13 10:32:12'),
(318,'冀E21L67','exempt_third','第三者责任险不计免赔',1.00,0.00,'2019-03-12 13:48:26',1,'2019-03-13 10:32:12'),
(319,'冀E21L67','exempt_passenger','乘客险不计免赔',1.00,0.00,'2019-03-12 13:48:26',1,'2019-03-13 10:32:12'),
(320,'冀E21L67','exempt_driver','司机险不计免赔',1.00,0.00,'2019-03-12 13:48:26',1,'2019-03-13 10:32:12'),
(321,'冀E21L67','third_party','机动车损失保险无法找到第三方特约险',1.00,0.00,'2019-03-12 13:48:26',1,'2019-03-13 10:32:12'),
(322,'冀E21L67','new_equipment','新增设备损失险',1.00,0.00,'2019-03-12 13:48:26',1,'2019-03-13 10:32:12'),
(323,'冀E21L67','exempt_new_equipment','新增加设备不计免赔',1.00,0.00,'2019-03-12 13:48:26',1,'2019-03-13 10:32:12'),
(324,'冀E21L67','third_quota_double','机动车第三者责任保险附加法定节假日限额翻倍险',1.00,0.00,'2019-03-12 13:48:26',1,'2019-03-13 10:32:12'),
(325,'京QFP137','damage','机动车辆损失险',111232.00,0.00,'2019-03-12 14:07:23',0,NULL),
(326,'京QFP137','third','第三者责任险',1000000.00,0.00,'2019-03-12 14:07:23',0,NULL),
(327,'京QFP137','pilfer','盗抢险',98718.40,0.00,'2019-03-12 14:07:23',0,NULL),
(328,'京QFP137','driver','司机险',10000.00,0.00,'2019-03-12 14:07:23',0,NULL),
(329,'京QFP137','passenger','乘客险',10000.00,0.00,'2019-03-12 14:07:23',0,NULL),
(330,'京QFP137','glass','玻璃险',1.00,0.00,'2019-03-12 14:07:23',0,NULL),
(331,'京QFP137','scratch','划痕险',5000.00,0.00,'2019-03-12 14:07:23',0,NULL),
(332,'京QFP137','exempt_damage','机动车辆损失险不计免赔',1.00,0.00,'2019-03-12 14:07:23',0,NULL),
(333,'京QFP137','exempt_third','第三者责任险不计免赔',1.00,0.00,'2019-03-12 14:07:23',0,NULL),
(334,'京QFP137','water','涉水险',1.00,0.00,'2019-03-12 14:07:23',0,NULL),
(335,'京QFP137','exempt_pilfer','盗抢险不计免赔',1.00,0.00,'2019-03-12 14:07:23',0,NULL),
(336,'京QFP137','exempt_driver','司机险不计免赔',1.00,0.00,'2019-03-12 14:07:23',0,NULL),
(337,'京QFP137','exempt_scratch','划痕险不计免赔',1.00,0.00,'2019-03-12 14:07:23',0,NULL),
(338,'京QFP137','exempt_water','涉水险不计免赔',1.00,0.00,'2019-03-12 14:07:23',0,NULL),
(339,'京QFP137','exempt_passenger','乘客险不计免赔',1.00,0.00,'2019-03-12 14:07:23',0,NULL),
(340,'京QFP137','force','交强险',122000.00,915.93,'2019-03-12 14:07:23',0,NULL),
(341,'京NGF788','force','交强险',122000.00,861.24,'2019-03-12 14:47:32',1,'2019-03-13 10:57:06'),
(342,'京NGF788','damage','机动车辆损失险',143456.40,0.00,'2019-03-12 14:47:32',1,'2019-03-13 10:57:06'),
(343,'京NGF788','third','第三者责任险',500000.00,0.00,'2019-03-12 14:47:32',1,'2019-03-13 10:57:06'),
(344,'京NGF788','exempt_damage','机动车辆损失险不计免赔',1.00,0.00,'2019-03-12 14:47:32',1,'2019-03-13 10:57:06'),
(345,'京NGF788','exempt_third','第三者责任险不计免赔',1.00,0.00,'2019-03-12 14:47:32',1,'2019-03-13 10:57:06'),
(346,'京NWP848','force','交强险',122000.00,849.81,'2019-03-12 16:51:53',0,NULL),
(347,'京NWP848','damage','机动车辆损失险',359800.00,0.00,'2019-03-12 16:51:53',0,NULL),
(348,'京NWP848','third','第三者责任险',500000.00,0.00,'2019-03-12 16:51:53',0,NULL),
(349,'京NWP848','glass','玻璃险',1.00,0.00,'2019-03-12 16:51:53',0,NULL),
(350,'京NWP848','exempt_damage','机动车辆损失险不计免赔',1.00,0.00,'2019-03-12 16:51:53',0,NULL),
(351,'京NWP848','exempt_third','第三者责任险不计免赔',1.00,0.00,'2019-03-12 16:51:53',0,NULL),
(352,'冀E21L67','damage','机动车辆损失险',90423.80,0.00,'2019-03-13 10:32:12',0,NULL),
(353,'冀E21L67','third','第三者责任险',1000000.00,0.00,'2019-03-13 10:32:12',0,NULL),
(354,'冀E21L67','driver','司机险',20000.00,0.00,'2019-03-13 10:32:12',0,NULL),
(355,'冀E21L67','passenger','乘客险',10000.00,0.00,'2019-03-13 10:32:12',0,NULL),
(356,'冀E21L67','exempt_damage','机动车辆损失险不计免赔',1.00,0.00,'2019-03-13 10:32:12',0,NULL),
(357,'冀E21L67','exempt_third','第三者责任险不计免赔',1.00,0.00,'2019-03-13 10:32:12',0,NULL),
(358,'冀E21L67','exempt_passenger','乘客险不计免赔',1.00,0.00,'2019-03-13 10:32:13',0,NULL),
(359,'冀E21L67','exempt_driver','司机险不计免赔',1.00,0.00,'2019-03-13 10:32:13',0,NULL),
(360,'冀E21L67','third_party','机动车损失保险无法找到第三方特约险',1.00,0.00,'2019-03-13 10:32:13',0,NULL),
(361,'冀E21L67','new_equipment','新增设备损失险',1.00,0.00,'2019-03-13 10:32:13',0,NULL),
(362,'冀E21L67','exempt_new_equipment','新增加设备不计免赔',1.00,0.00,'2019-03-13 10:32:13',0,NULL),
(363,'冀E21L67','third_quota_double','机动车第三者责任保险附加法定节假日限额翻倍险',1.00,0.00,'2019-03-13 10:32:13',0,NULL),
(364,'京NGF788','force','交强险',122000.00,861.24,'2019-03-13 10:57:06',1,'2019-03-14 16:43:27'),
(365,'京NGF788','damage','机动车辆损失险',143456.40,0.00,'2019-03-13 10:57:06',1,'2019-03-14 16:43:27'),
(366,'京NGF788','third','第三者责任险',500000.00,0.00,'2019-03-13 10:57:06',1,'2019-03-14 16:43:27'),
(367,'京NGF788','exempt_damage','机动车辆损失险不计免赔',1.00,0.00,'2019-03-13 10:57:06',1,'2019-03-14 16:43:27'),
(368,'京NGF788','exempt_third','第三者责任险不计免赔',1.00,0.00,'2019-03-13 10:57:06',1,'2019-03-14 16:43:27'),
(369,'京NGF788','force','交强险',122000.00,861.24,'2019-03-14 16:43:27',1,'2019-03-15 14:57:59'),
(370,'京NGF788','damage','机动车辆损失险',143456.40,0.00,'2019-03-14 16:43:27',1,'2019-03-15 14:57:59'),
(371,'京NGF788','third','第三者责任险',500000.00,0.00,'2019-03-14 16:43:27',1,'2019-03-15 14:57:59'),
(372,'京NGF788','exempt_damage','机动车辆损失险不计免赔',1.00,0.00,'2019-03-14 16:43:27',1,'2019-03-15 14:57:59'),
(373,'京NGF788','exempt_third','第三者责任险不计免赔',1.00,0.00,'2019-03-14 16:43:27',1,'2019-03-15 14:57:59'),
(374,'京Q755J0','damage','机动车辆损失险',173612.40,0.00,'2019-03-14 16:57:26',0,NULL),
(375,'京Q755J0','third','第三者责任险',200000.00,0.00,'2019-03-14 16:57:26',0,NULL),
(376,'京Q755J0','pilfer','盗抢险',173612.40,0.00,'2019-03-14 16:57:26',0,NULL),
(377,'京Q755J0','driver','司机险',10000.00,0.00,'2019-03-14 16:57:26',0,NULL),
(378,'京Q755J0','passenger','乘客险',10000.00,0.00,'2019-03-14 16:57:26',0,NULL),
(379,'京Q755J0','exempt_damage','机动车辆损失险不计免赔',1.00,0.00,'2019-03-14 16:57:26',0,NULL),
(380,'京Q755J0','exempt_third','第三者责任险不计免赔',1.00,0.00,'2019-03-14 16:57:26',0,NULL),
(381,'京Q755J0','exempt_pilfer','盗抢险不计免赔',1.00,0.00,'2019-03-14 16:57:26',0,NULL),
(382,'京Q755J0','exempt_passenger','乘客险不计免赔',1.00,0.00,'2019-03-14 16:57:26',0,NULL),
(383,'京Q755J0','exempt_driver','司机险不计免赔',1.00,0.00,'2019-03-14 16:57:26',0,NULL),
(384,'京Q755J0','new_equipment','新增设备损失险',1.00,0.00,'2019-03-14 16:57:26',0,NULL),
(385,'京Q755J0','exempt_new_equipment','新增加设备不计免赔',1.00,0.00,'2019-03-14 16:57:26',0,NULL),
(386,'京Q755J0','third_quota_double','机动车第三者责任保险附加法定节假日限额翻倍险',1.00,0.00,'2019-03-14 16:57:26',0,NULL),
(387,'京NGF788','force','交强险',122000.00,861.24,'2019-03-15 14:57:59',0,NULL),
(388,'京NGF788','damage','机动车辆损失险',143456.40,0.00,'2019-03-15 14:57:59',0,NULL),
(389,'京NGF788','third','第三者责任险',500000.00,0.00,'2019-03-15 14:57:59',0,NULL),
(390,'京NGF788','exempt_damage','机动车辆损失险不计免赔',1.00,0.00,'2019-03-15 14:57:59',0,NULL),
(391,'京NGF788','exempt_third','第三者责任险不计免赔',1.00,0.00,'2019-03-15 14:57:59',0,NULL);

/*Table structure for table `camera_info` */

DROP TABLE IF EXISTS `camera_info`;

CREATE TABLE `camera_info` (
  `camera_id` int(11) NOT NULL AUTO_INCREMENT,
  `camera_name` varchar(20) CHARACTER SET utf8mb4 COLLATE utf8mb4_bin DEFAULT NULL COMMENT '摄像头名称',
  `store_id` int(11) DEFAULT NULL COMMENT '所属门店',
  `camera_type` tinyint(255) DEFAULT '0' COMMENT '类型(0 入场 1 进场)',
  `romid` varchar(40) CHARACTER SET utf8mb4 COLLATE utf8mb4_bin NOT NULL,
  `sn` varchar(40) CHARACTER SET utf8mb4 COLLATE utf8mb4_bin NOT NULL,
  `state` tinyint(4) DEFAULT '1' COMMENT '状态(0 停用 1 启用)',
  `lifting_type` tinyint(4) DEFAULT '0' COMMENT '抬杆类型(0 自动抬杆 1 识别抬杆)',
  `create_user` int(11) DEFAULT NULL,
  `create_time` timestamp NULL DEFAULT CURRENT_TIMESTAMP,
  `update_time` timestamp NULL DEFAULT NULL ON UPDATE CURRENT_TIMESTAMP,
  `update_user` int(11) DEFAULT NULL,
  `line_status` tinyint(4) DEFAULT '1' COMMENT '在线状态 1 在线 0离线',
  `enterprise_id` int(11) DEFAULT NULL,
  PRIMARY KEY (`camera_id`),
  UNIQUE KEY `sn` (`sn`,`store_id`) USING BTREE,
  UNIQUE KEY `romid` (`romid`,`store_id`) USING BTREE,
  KEY `i_store_id` (`store_id`)
) ENGINE=InnoDB AUTO_INCREMENT=22 DEFAULT CHARSET=utf8mb4 COLLATE=utf8mb4_bin;

/*Data for the table `camera_info` */

insert  into `camera_info`(`camera_id`,`camera_name`,`store_id`,`camera_type`,`romid`,`sn`,`state`,`lifting_type`,`create_user`,`create_time`,`update_time`,`update_user`,`line_status`,`enterprise_id`) values 
(16,'北门出场',5,1,'70d3372201000047','v3-48158180700918',0,1,1,'2018-12-10 00:28:27','2018-12-19 12:29:51',1,1,2),
(17,'北门入场',5,0,'709a3f220100009a','v3-48158180700899',0,0,1,'2018-12-10 00:28:27','2018-12-19 12:29:43',1,1,2),
(19,'英华机修门口',5,0,'7009b4330100007e','V3-48158181100129',1,0,1,'2018-12-19 11:18:48','2019-03-26 11:48:57',NULL,0,2),
(20,'钣喷门口',5,0,'7018d63301000080','V3-48158181100115',1,0,1,'2018-12-19 11:19:31','2019-03-26 11:49:10',NULL,0,2),
(21,'雷萨出场',5,1,'7083b8330100007a','V3-48158181000895',1,1,1,'2018-12-21 09:59:54','2019-03-26 11:49:22',NULL,0,2);

/*Table structure for table `cms_area` */

DROP TABLE IF EXISTS `cms_area`;

CREATE TABLE `cms_area` (
  `id` int(11) NOT NULL AUTO_INCREMENT,
  `name` varchar(50) CHARACTER SET utf8mb4 COLLATE utf8mb4_bin DEFAULT NULL COMMENT '区域名称',
  `enterprise_id` int(11) NOT NULL COMMENT '企业id',
  `state` tinyint(4) DEFAULT '1' COMMENT '状态（0停用 1启用）',
  `create_user` int(11) DEFAULT NULL,
  `create_time` timestamp NOT NULL DEFAULT CURRENT_TIMESTAMP,
  `update_user` int(11) DEFAULT NULL,
  `update_time` timestamp NULL DEFAULT NULL ON UPDATE CURRENT_TIMESTAMP,
  PRIMARY KEY (`id`),
  KEY `i_enterprise_id` (`enterprise_id`)
) ENGINE=InnoDB AUTO_INCREMENT=22 DEFAULT CHARSET=utf8mb4 COLLATE=utf8mb4_bin;

/*Data for the table `cms_area` */

insert  into `cms_area`(`id`,`name`,`enterprise_id`,`state`,`create_user`,`create_time`,`update_user`,`update_time`) values 
(1,'西北区域',1,1,1,'2018-11-28 14:31:59',1,'2018-11-28 14:32:00'),
(2,'华东区域',1,0,1,'2018-11-28 14:31:38',1,'2018-11-28 14:31:38'),
(3,'华南区域',1,0,1,'2018-11-28 14:31:44',1,'2018-11-28 14:31:44'),
(11,'西北区域',3,1,1,'2018-11-28 14:32:32',1,'2018-11-28 14:32:33'),
(15,'北方区域',3,1,1,'2018-11-28 14:32:24',1,'2018-11-28 14:32:24'),
(16,'华北区域',1,0,1,'2018-11-28 14:31:22',1,'2018-11-28 14:31:23'),
(17,'测试区域',3,1,1,'2018-11-28 14:32:16',1,'2018-11-28 14:32:16'),
(18,'北京区域',2,1,1,'2018-11-28 14:31:03',1,'2018-11-28 14:31:03'),
(19,'海南区域',1,0,1,'2018-12-27 12:12:00',1,'2018-12-27 12:12:12'),
(20,'上海区域',2,1,1,'2018-12-27 12:13:58',NULL,NULL),
(21,'重庆区域',3,1,1,'2018-12-27 12:14:10',NULL,NULL);

/*Table structure for table `cms_enterprise` */

DROP TABLE IF EXISTS `cms_enterprise`;

CREATE TABLE `cms_enterprise` (
  `id` int(11) NOT NULL AUTO_INCREMENT,
  `name` varchar(50) CHARACTER SET utf8mb4 COLLATE utf8mb4_bin NOT NULL DEFAULT '' COMMENT '企业名称',
  `domain` varchar(255) CHARACTER SET utf8mb4 COLLATE utf8mb4_bin NOT NULL COMMENT '企业域名',
  `link_user` varchar(10) CHARACTER SET utf8mb4 COLLATE utf8mb4_bin DEFAULT NULL COMMENT '企业负责人',
  `link_mobile` varchar(11) CHARACTER SET utf8mb4 COLLATE utf8mb4_bin DEFAULT NULL COMMENT '负责人电话',
  `platform_name` varchar(10) CHARACTER SET utf8mb4 COLLATE utf8mb4_bin DEFAULT NULL COMMENT '平台联系人',
  `platform_tel` varchar(11) CHARACTER SET utf8mb4 COLLATE utf8mb4_bin DEFAULT NULL COMMENT '联系人电话',
  `state` tinyint(4) DEFAULT '1' COMMENT '状态（0停用 1启用）',
  `create_user` int(11) DEFAULT NULL,
  `create_time` timestamp NOT NULL DEFAULT CURRENT_TIMESTAMP,
  `update_user` int(11) DEFAULT NULL,
  `update_time` timestamp NULL DEFAULT NULL ON UPDATE CURRENT_TIMESTAMP,
  PRIMARY KEY (`id`)
) ENGINE=InnoDB AUTO_INCREMENT=24 DEFAULT CHARSET=utf8mb4 COLLATE=utf8mb4_bin;

/*Data for the table `cms_enterprise` */

insert  into `cms_enterprise`(`id`,`name`,`domain`,`link_user`,`link_mobile`,`platform_name`,`platform_tel`,`state`,`create_user`,`create_time`,`update_user`,`update_time`) values 
(1,'庞大集团','www.meitu.com','礼拜','18810540981','1','18810540982',1,NULL,'2018-10-11 18:32:20',1,'2018-11-28 14:30:27'),
(2,'嘉华基业','www.baidu.com','','','','',1,1,'2018-10-17 18:04:34',23,'2018-12-13 17:34:57'),
(3,'长城汽车','cc.com','张三','18810540901','王五','18810540901',1,1,'2018-10-29 17:43:37',NULL,NULL),
(21,'牛咖斯','ncars.com.cn','','','','',1,25,'2018-12-06 16:23:38',25,'2018-12-06 16:23:54'),
(22,'百得利','lift.n-cars.com.cn','张三','13222222222','李四','13333333333',0,25,'2018-12-20 09:31:15',1,'2018-12-26 19:03:59'),
(23,'小水兽','www.xiaoshuishou.com','','','','',1,1,'2019-02-28 20:22:19',NULL,NULL);

/*Table structure for table `cms_store` */

DROP TABLE IF EXISTS `cms_store`;

CREATE TABLE `cms_store` (
  `id` int(11) NOT NULL AUTO_INCREMENT,
  `enterprise_id` int(11) NOT NULL COMMENT '所属企业',
  `area_id` int(11) NOT NULL COMMENT '所属区域',
  `store_name` varchar(100) CHARACTER SET utf8mb4 COLLATE utf8mb4_bin DEFAULT NULL,
  `link_man` varchar(10) CHARACTER SET utf8mb4 COLLATE utf8mb4_bin DEFAULT NULL COMMENT '门店负责人',
  `link_tel` varchar(11) CHARACTER SET utf8mb4 COLLATE utf8mb4_bin DEFAULT NULL COMMENT '联系人电话',
  `state` tinyint(4) DEFAULT '1' COMMENT '状态（0停用 1启用）',
  `create_user` int(11) DEFAULT NULL,
  `create_time` timestamp NOT NULL DEFAULT CURRENT_TIMESTAMP,
  `update_user` int(11) DEFAULT NULL,
  `update_time` timestamp NULL DEFAULT NULL ON UPDATE CURRENT_TIMESTAMP,
  `manage_type` tinyint(4) DEFAULT '0' COMMENT '管理类型：0白名单管理、1车间黑名单管理、2黑名单管理',
  `store_img` varchar(50) CHARACTER SET utf8mb4 COLLATE utf8mb4_bin DEFAULT NULL,
  `city_code` varchar(20) CHARACTER SET utf8mb4 COLLATE utf8mb4_bin DEFAULT NULL COMMENT '城市code',
  `send_flag` tinyint(1) DEFAULT NULL COMMENT '发送标志 1=发送 0=不发送',
  PRIMARY KEY (`id`),
  KEY `i_enterprise_id` (`enterprise_id`),
  KEY `i_area_id` (`area_id`)
) ENGINE=InnoDB AUTO_INCREMENT=16 DEFAULT CHARSET=utf8mb4 COLLATE=utf8mb4_bin;

/*Data for the table `cms_store` */

insert  into `cms_store`(`id`,`enterprise_id`,`area_id`,`store_name`,`link_man`,`link_tel`,`state`,`create_user`,`create_time`,`update_user`,`update_time`,`manage_type`,`store_img`,`city_code`,`send_flag`) values 
(1,1,1,'庞大测试门店4','','',1,NULL,'2018-11-28 14:38:29',1,'2019-03-15 16:58:52',1,NULL,'110100',1),
(2,1,2,'庞大测试门店2','','',1,NULL,'2018-11-28 14:37:32',1,'2019-03-08 17:03:57',0,NULL,'110100',NULL),
(3,2,1,'嘉华测试门店3',NULL,NULL,1,1,'2018-11-28 14:35:41',1,'2019-03-08 17:03:58',1,NULL,'110100',NULL),
(4,1,1,'庞大测试门店3','张三四','18810540988',1,1,'2018-11-28 14:38:07',1,'2019-03-08 17:03:59',0,NULL,'110100',NULL),
(5,2,1,'英华雷克萨斯','','',1,1,'2018-12-11 18:03:22',23,'2019-03-01 17:59:13',2,NULL,'110100',NULL),
(8,2,4,'嘉华测试门店4','','',1,1,'2018-11-28 14:36:03',1,'2019-03-08 17:04:00',NULL,NULL,'110100',NULL),
(10,2,18,'嘉华测试门店5','张三','',1,1,'2018-11-28 14:36:15',1,'2019-03-08 17:04:01',1,NULL,'110100',NULL),
(11,2,18,'嘉华测试门店 1','','',1,1,'2018-12-13 11:36:04',25,'2019-03-08 17:04:01',1,NULL,'110100',NULL),
(12,2,18,'望京森华广丰店','','',1,1,'2018-11-28 14:34:30',1,'2019-03-08 17:04:02',NULL,NULL,'110100',NULL),
(13,3,11,'长城测试门店2','张三','',0,1,'2018-11-28 14:37:54',1,'2019-03-08 17:04:03',NULL,NULL,'110100',NULL),
(14,1,1,'庞大北京奔驰亚视店','','',1,1,'2018-11-28 14:36:49',1,'2019-03-08 17:04:12',NULL,NULL,'110100',NULL),
(15,2,18,'测试','','',1,1,'2018-12-13 17:30:56',1,'2018-12-13 17:34:04',2,NULL,NULL,NULL);

/*Table structure for table `entry_record` */

DROP TABLE IF EXISTS `entry_record`;

CREATE TABLE `entry_record` (
  `enter_id` int(10) unsigned NOT NULL AUTO_INCREMENT,
  `car_number` varchar(40) CHARACTER SET utf8mb4 COLLATE utf8mb4_bin DEFAULT NULL COMMENT '车牌号',
  `entry_time` timestamp NULL DEFAULT CURRENT_TIMESTAMP COMMENT '进场时间',
  `camera_id` int(11) DEFAULT NULL COMMENT '进场拍照摄像头id',
  `entry_photo` varchar(50) CHARACTER SET utf8mb4 COLLATE utf8mb4_bin DEFAULT NULL COMMENT '进场照片',
  `business_type` tinyint(4) DEFAULT NULL COMMENT '业务类型(0:行政;1:销售;2:售后)',
  `create_userid` int(11) DEFAULT NULL COMMENT '添加人id',
  `create_time` timestamp NOT NULL DEFAULT CURRENT_TIMESTAMP COMMENT '添加时间',
  `update_userid` int(11) DEFAULT NULL COMMENT '修改人id',
  `update_time` timestamp NULL DEFAULT NULL ON UPDATE CURRENT_TIMESTAMP COMMENT '修改时间',
  `entry_type` tinyint(4) DEFAULT '0' COMMENT '进场类型(0:其他;1:白名单)',
  `store_id` int(11) NOT NULL COMMENT '门店id',
  `confirm_time` timestamp NULL DEFAULT NULL COMMENT '确认放行时间',
  `out_reason` tinyint(4) DEFAULT NULL COMMENT '放行类型(0:结算放行;1:担保放行;2:行政;3:访客)',
  `out_userid` int(11) DEFAULT NULL,
  `vin` varchar(20) CHARACTER SET utf8mb4 COLLATE utf8mb4_unicode_ci DEFAULT NULL,
  `apply_user_id` int(11) DEFAULT NULL,
  `apply_time` timestamp NULL DEFAULT NULL,
  `state` tinyint(4) DEFAULT '0' COMMENT '状态 0 待申请 1 待审核 2 审核通过 3 审核拒绝 4 已出场',
  `remark` varchar(200) CHARACTER SET utf8mb4 COLLATE utf8mb4_bin DEFAULT NULL,
  PRIMARY KEY (`enter_id`),
  KEY `i_store_id` (`store_id`),
  KEY `i_camera_id` (`camera_id`),
  KEY `i_out_userid` (`out_userid`),
  KEY `i_create_userid` (`create_userid`),
  KEY `i_update_userid` (`update_userid`)
) ENGINE=InnoDB AUTO_INCREMENT=2039 DEFAULT CHARSET=utf8mb4 COLLATE=utf8mb4_bin ROW_FORMAT=COMPACT COMMENT='进场表';

/*Data for the table `entry_record` */

insert  into `entry_record`(`enter_id`,`car_number`,`entry_time`,`camera_id`,`entry_photo`,`business_type`,`create_userid`,`create_time`,`update_userid`,`update_time`,`entry_type`,`store_id`,`confirm_time`,`out_reason`,`out_userid`,`vin`,`apply_user_id`,`apply_time`,`state`,`remark`) values 
(1,'京N0L6L1','2018-11-28 14:59:25',17,'南屏镇/进场/1543388364757.jpg',1,1,'2018-11-28 14:59:24',NULL,NULL,0,5,'2018-11-28 14:59:25',NULL,1,NULL,1,NULL,2,NULL),
(2,'京NYE593','2018-11-28 14:59:57',17,'南屏镇/进场/1543388396846.jpg',1,1,'2018-11-28 14:59:57',NULL,NULL,0,5,'2018-11-28 14:59:57',NULL,1,NULL,1,NULL,2,NULL),
(3,'京EJ5165','2018-11-28 15:03:23',17,'南屏镇/进场/1543388603324.jpg',1,1,'2018-11-28 15:03:23',NULL,NULL,0,5,'2018-11-28 15:03:23',NULL,1,NULL,1,NULL,2,NULL),
(4,'京NXR338','2018-11-28 15:15:49',17,'南屏镇/进场/1543389349076.jpg',1,1,'2018-11-28 15:15:49',NULL,NULL,0,5,'2018-11-28 15:15:49',NULL,1,NULL,1,NULL,2,NULL),
(5,'京LN8855','2018-11-28 15:16:09',17,'南屏镇/进场/1543389369122.jpg',1,1,'2018-11-28 15:16:09',NULL,NULL,0,5,'2018-11-28 15:16:09',NULL,1,NULL,1,NULL,2,NULL),
(6,'京QV2962','2018-11-28 15:20:51',17,'南屏镇/进场/1543389651341.jpg',1,1,'2018-11-28 15:20:51',NULL,NULL,0,5,'2018-11-28 15:20:51',NULL,1,NULL,1,NULL,2,NULL),
(7,'京Q32HW1','2018-11-28 15:32:00',17,'南屏镇/进场/1543390319977.jpg',1,1,'2018-11-28 15:32:00',NULL,NULL,0,5,'2018-11-28 15:32:00',NULL,1,NULL,1,NULL,2,NULL),
(8,'京N15S25','2018-11-28 15:46:06',17,'嘉华测试门店 2/进场/1543391165948.jpg',1,1,'2018-11-28 15:46:06',NULL,NULL,0,5,'2018-11-28 15:46:06',NULL,1,NULL,1,NULL,2,NULL),
(9,'冀R9G1J6','2018-11-28 15:49:17',17,'嘉华测试门店 2/进场/1543391356441.jpg',1,1,'2018-11-28 15:49:16',NULL,NULL,0,5,'2018-11-28 15:49:17',NULL,1,NULL,1,NULL,2,NULL),
(10,'京NG3K15','2018-11-28 15:53:41',17,'嘉华测试门店 2/进场/1543391621257.jpg',1,1,'2018-11-28 15:53:41',NULL,NULL,0,5,'2018-11-28 15:53:41',NULL,1,NULL,1,NULL,2,NULL),
(11,'京Q3MG86','2018-11-28 15:54:33',17,'嘉华测试门店 2/进场/1543391672262.jpg',1,1,'2018-11-28 15:54:32',NULL,NULL,0,5,'2018-11-28 15:54:33',NULL,1,NULL,1,NULL,2,NULL),
(12,'京N7N672','2018-11-28 15:54:38',17,'嘉华测试门店 2/进场/1543391678264.jpg',1,1,'2018-11-28 15:54:38',NULL,NULL,0,5,'2018-11-28 15:54:38',NULL,1,NULL,1,NULL,2,NULL),
(13,'京N73B97','2018-11-28 16:04:52',17,'嘉华测试门店 2/进场/1543392292312.jpg',1,1,'2018-11-28 16:04:52',NULL,NULL,0,5,'2018-11-28 16:04:52',NULL,1,NULL,1,NULL,2,NULL),
(14,'京NCD976','2018-11-28 16:14:30',17,'嘉华测试门店 2/进场/1543392869545.jpg',1,1,'2018-11-28 16:14:29',NULL,NULL,0,5,'2018-11-28 16:14:30',NULL,1,NULL,1,NULL,2,NULL),
(15,'京PHD268','2018-11-28 16:24:15',17,'嘉华测试门店 2/进场/1543393454717.jpg',1,1,'2018-11-28 16:24:15',NULL,NULL,0,5,'2018-11-28 16:24:15',NULL,1,NULL,1,NULL,2,NULL),
(16,'京NY7520','2018-11-28 16:33:45',17,'嘉华测试门店 2/进场/1543394024481.jpg',1,1,'2018-11-28 16:33:44',NULL,NULL,0,5,'2018-11-28 16:33:45',NULL,1,NULL,1,NULL,2,NULL),
(17,'辽B68HQ1','2018-11-28 16:34:00',17,'嘉华测试门店 2/进场/1543394040133.jpg',1,1,'2018-11-28 16:34:00',NULL,NULL,0,5,'2018-11-28 16:34:00',NULL,1,NULL,1,NULL,2,NULL),
(18,'京N7C570','2018-11-28 16:45:08',17,'嘉华测试门店 2/进场/1543394708138.jpg',1,1,'2018-11-28 16:45:08',NULL,NULL,0,5,'2018-11-28 16:45:08',NULL,1,NULL,1,NULL,2,NULL),
(19,'京L65410','2018-11-28 16:52:10',17,'嘉华测试门店 2/进场/1543395129742.jpg',1,1,'2018-11-28 16:52:09',NULL,NULL,0,5,'2018-11-28 16:52:10',NULL,1,NULL,1,NULL,2,NULL),
(20,'京HAJ200','2018-11-28 16:53:32',17,'嘉华测试门店 2/进场/1543395211360.jpg',1,1,'2018-11-28 16:53:31',NULL,NULL,0,5,'2018-11-28 16:53:32',NULL,1,NULL,1,NULL,2,NULL),
(21,'黑A3RA11','2018-11-28 17:04:05',17,'嘉华测试门店 2/进场/1543395844426.jpg',1,1,'2018-11-28 17:04:04',NULL,NULL,0,5,'2018-11-28 17:04:05',NULL,1,NULL,1,NULL,2,NULL),
(22,'京JZ5270','2018-11-28 17:04:08',17,'嘉华测试门店 2/进场/1543395848316.jpg',1,1,'2018-11-28 17:04:08',NULL,NULL,0,5,'2018-11-28 17:04:08',NULL,1,NULL,1,NULL,2,NULL),
(23,'京Q11SX7','2018-11-28 17:41:41',17,'嘉华测试门店 2/进场/1543398100133.jpg',1,1,'2018-11-28 17:41:40',NULL,NULL,0,5,'2018-11-28 17:41:41',NULL,1,NULL,1,NULL,2,NULL),
(24,'京N936B2','2018-11-28 17:56:30',17,'嘉华测试门店 2/进场/1543398989464.jpg',1,1,'2018-11-28 17:56:30',NULL,'2018-12-21 11:01:04',0,5,'2018-11-28 17:56:30',NULL,1,NULL,1,NULL,4,NULL),
(25,'京QU78X8','2018-11-28 17:57:15',17,'嘉华测试门店 2/进场/1543399034490.jpg',1,1,'2018-11-28 17:57:14',NULL,NULL,0,5,'2018-11-28 17:57:15',NULL,1,NULL,1,NULL,2,NULL),
(26,'京NXV602','2018-11-29 07:01:57',17,'嘉华测试门店 2/进场/1543446116714.jpg',1,1,'2018-11-29 07:01:56',NULL,NULL,0,5,'2018-11-29 07:01:57',NULL,1,NULL,1,NULL,2,NULL),
(27,'京C39996','2018-11-29 08:13:53',17,'嘉华测试门店 2/进场/1543450432120.jpg',1,1,'2018-11-29 08:13:52',NULL,NULL,0,5,'2018-11-29 08:13:53',NULL,1,NULL,1,NULL,2,NULL),
(28,'京N5S8G8','2018-11-29 08:18:42',17,'嘉华测试门店 2/进场/1543450721667.jpg',1,1,'2018-11-29 08:18:42',NULL,NULL,0,5,'2018-11-29 08:18:42',NULL,1,NULL,1,NULL,2,NULL),
(29,'京QE62K7','2018-11-29 08:27:28',17,'嘉华测试门店 2/进场/1543451247719.jpg',1,1,'2018-11-29 08:27:27',NULL,NULL,0,5,'2018-11-29 08:27:28',NULL,1,NULL,1,NULL,2,NULL),
(30,'京QE8C87','2018-11-29 08:29:23',17,'嘉华测试门店 2/进场/1543451362622.jpg',1,1,'2018-11-29 08:29:23',NULL,NULL,0,5,'2018-11-29 08:29:23',NULL,1,NULL,1,NULL,2,NULL),
(31,'京N7HZ08','2018-11-29 08:34:09',17,'嘉华测试门店 2/进场/1543451649307.jpg',1,1,'2018-11-29 08:34:09',NULL,NULL,0,5,'2018-11-29 08:34:09',NULL,1,NULL,1,NULL,2,NULL),
(32,'京P0P232','2018-11-29 08:35:55',17,'嘉华测试门店 2/进场/1543451755089.jpg',1,1,'2018-11-29 08:35:55',NULL,NULL,0,5,'2018-11-29 08:35:55',NULL,1,NULL,1,NULL,2,NULL),
(33,'京LA8812','2018-11-29 08:41:19',17,'嘉华测试门店 2/进场/1543452078299.jpg',1,1,'2018-11-29 08:41:18',NULL,NULL,0,5,'2018-11-29 08:41:19',NULL,1,NULL,1,NULL,2,NULL),
(34,'京N1Z1Z3','2018-11-29 08:43:04',17,'嘉华测试门店 2/进场/1543452183626.jpg',1,1,'2018-11-29 08:43:03',NULL,NULL,0,5,'2018-11-29 08:43:04',NULL,1,NULL,1,NULL,2,NULL),
(35,'京Y12193','2018-11-29 08:47:52',17,'嘉华测试门店 2/进场/1543452471545.jpg',1,1,'2018-11-29 08:47:52',NULL,NULL,0,5,'2018-11-29 08:47:52',NULL,1,NULL,1,NULL,2,NULL),
(36,'京N60E11','2018-11-29 08:51:05',17,'嘉华测试门店 2/进场/1543452664787.jpg',1,1,'2018-11-29 08:51:04',NULL,NULL,0,5,'2018-11-29 08:51:05',NULL,1,NULL,1,NULL,2,NULL),
(37,'京N60E11','2018-11-29 08:53:01',17,'嘉华测试门店 2/进场/1543452780099.jpg',1,1,'2018-11-29 08:53:00',NULL,NULL,0,5,'2018-11-29 08:53:01',NULL,1,NULL,1,NULL,2,NULL),
(38,'京LE7113','2018-11-29 08:55:59',17,'嘉华测试门店 2/进场/1543452959430.jpg',1,1,'2018-11-29 08:55:59',NULL,NULL,0,5,'2018-11-29 08:55:59',NULL,1,NULL,1,NULL,2,NULL),
(39,'京Q1PV35','2018-11-29 09:14:15',17,'嘉华测试门店 2/进场/1543454054369.jpg',1,1,'2018-11-29 09:14:14',NULL,NULL,0,5,'2018-11-29 09:14:15',NULL,1,NULL,1,NULL,2,NULL),
(40,'冀R0F7K8','2018-11-29 09:23:47',17,'嘉华测试门店 2/进场/1543454627342.jpg',1,1,'2018-11-29 09:23:47',NULL,NULL,0,5,'2018-11-29 09:23:47',NULL,1,NULL,1,NULL,2,NULL),
(41,'京N90P22','2018-11-29 09:24:59',17,'嘉华测试门店 2/进场/1543454698910.jpg',1,1,'2018-11-29 09:24:59',NULL,NULL,0,5,'2018-11-29 09:24:59',NULL,1,NULL,1,NULL,2,NULL),
(42,'京EBC137','2018-11-29 09:31:10',17,'嘉华测试门店 2/进场/1543455070073.jpg',1,1,'2018-11-29 09:31:10',NULL,NULL,0,5,'2018-11-29 09:31:10',NULL,1,NULL,1,NULL,2,NULL),
(43,'京YAV561','2018-11-29 09:33:54',17,'嘉华测试门店 2/进场/1543455233492.jpg',1,1,'2018-11-29 09:33:53',NULL,NULL,0,5,'2018-11-29 09:33:54',NULL,1,NULL,1,NULL,2,NULL),
(44,'冀RA7H33','2018-11-29 09:34:21',17,'嘉华测试门店 2/进场/1543455261316.jpg',1,1,'2018-11-29 09:34:21',NULL,NULL,0,5,'2018-11-29 09:34:21',NULL,1,NULL,1,NULL,2,NULL),
(45,'京N830H1','2018-11-29 09:38:19',17,'嘉华测试门店 2/进场/1543455498433.jpg',1,1,'2018-11-29 09:38:18',NULL,NULL,0,5,'2018-11-29 09:38:19',NULL,1,NULL,1,NULL,2,NULL),
(46,'豫Q14530','2018-11-29 09:48:56',17,'嘉华测试门店 2/进场/1543456135712.jpg',1,1,'2018-11-29 09:48:56',NULL,NULL,0,5,'2018-11-29 09:48:56',NULL,1,NULL,1,NULL,2,NULL),
(47,'京E50329','2018-11-29 09:49:15',17,'嘉华测试门店 2/进场/1543456154603.jpg',1,1,'2018-11-29 09:49:14',NULL,NULL,0,5,'2018-11-29 09:49:15',NULL,1,NULL,1,NULL,2,NULL),
(48,'京NJ2911','2018-11-29 09:49:46',17,'嘉华测试门店 2/进场/1543456185932.jpg',1,1,'2018-11-29 09:49:46',NULL,NULL,0,5,'2018-11-29 09:49:46',NULL,1,NULL,1,NULL,2,NULL),
(49,'京JE1698','2018-11-29 09:52:36',17,'嘉华测试门店 2/进场/1543456355738.jpg',1,1,'2018-11-29 09:52:36',NULL,NULL,0,5,'2018-11-29 09:52:36',NULL,1,NULL,1,NULL,2,NULL),
(50,'冀F185CM','2018-11-29 09:53:09',17,'嘉华测试门店 2/进场/1543456389207.jpg',1,1,'2018-11-29 09:53:09',NULL,NULL,0,5,'2018-11-29 09:53:09',NULL,1,NULL,1,NULL,2,NULL),
(51,'京L39553','2018-11-29 09:53:41',17,'嘉华测试门店 2/进场/1543456420979.jpg',1,1,'2018-11-29 09:53:41',NULL,NULL,0,5,'2018-11-29 09:53:41',NULL,1,NULL,1,NULL,2,NULL),
(52,'京N314P9','2018-11-29 09:57:05',17,'嘉华测试门店 2/进场/1543456624849.jpg',1,1,'2018-11-29 09:57:05',NULL,NULL,0,5,'2018-11-29 09:57:05',NULL,1,NULL,1,NULL,2,NULL),
(53,'京N91AW6','2018-11-29 09:58:14',17,'嘉华测试门店 2/进场/1543456693062.jpg',1,1,'2018-11-29 09:58:13',NULL,NULL,0,5,'2018-11-29 09:58:14',NULL,1,NULL,1,NULL,2,NULL),
(54,'京LBB779','2018-11-29 09:58:18',17,'嘉华测试门店 2/进场/1543456697969.jpg',1,1,'2018-11-29 09:58:18',NULL,NULL,0,5,'2018-11-29 09:58:18',NULL,1,NULL,1,NULL,2,NULL),
(55,'京PLC769','2018-11-29 10:02:15',17,'嘉华测试门店 2/进场/1543456934930.jpg',1,1,'2018-11-29 10:02:15',NULL,NULL,0,5,'2018-11-29 10:02:15',NULL,1,NULL,1,NULL,2,NULL),
(56,'京PHN103','2018-11-29 10:02:27',17,'嘉华测试门店 2/进场/1543456946353.jpg',1,1,'2018-11-29 10:02:26',NULL,NULL,0,5,'2018-11-29 10:02:27',NULL,1,NULL,1,NULL,2,NULL),
(57,'京PK3R72','2018-11-29 10:14:32',17,'嘉华测试门店 2/进场/1543457671290.jpg',1,1,'2018-11-29 10:14:31',NULL,NULL,0,5,'2018-11-29 10:14:32',NULL,1,NULL,1,NULL,2,NULL),
(58,'京L92559','2018-11-29 10:15:33',17,'嘉华测试门店 2/进场/1543457732770.jpg',1,1,'2018-11-29 10:15:33',NULL,NULL,0,5,'2018-11-29 10:15:33',NULL,1,NULL,1,NULL,2,NULL),
(59,'京KD5757','2018-11-29 10:20:41',17,'嘉华测试门店 2/进场/1543458040620.jpg',1,1,'2018-11-29 10:20:40',NULL,NULL,0,5,'2018-11-29 10:20:41',NULL,1,NULL,1,NULL,2,NULL),
(60,'京Q79EG1','2018-11-29 10:20:51',17,'嘉华测试门店 2/进场/1543458051451.jpg',1,1,'2018-11-29 10:20:51',NULL,NULL,0,5,'2018-11-29 10:20:51',NULL,1,NULL,1,NULL,2,NULL),
(61,'京Q11FA0','2018-11-29 10:20:58',17,'嘉华测试门店 2/进场/1543458058148.jpg',1,1,'2018-11-29 10:20:58',NULL,NULL,0,5,'2018-11-29 10:20:58',NULL,1,NULL,1,NULL,2,NULL),
(62,'京Q3RB61','2018-11-29 10:22:25',17,'嘉华测试门店 2/进场/1543458144183.jpg',1,1,'2018-11-29 10:22:24',NULL,NULL,0,5,'2018-11-29 10:22:25',NULL,1,NULL,1,NULL,2,NULL),
(63,'京Q35QZ1','2018-11-29 10:22:32',17,'嘉华测试门店 2/进场/1543458151907.jpg',1,1,'2018-11-29 10:22:32',NULL,NULL,0,5,'2018-11-29 10:22:32',NULL,1,NULL,1,NULL,2,NULL),
(64,'京FU1116','2018-11-29 10:26:11',17,'嘉华测试门店 2/进场/1543458370871.jpg',1,1,'2018-11-29 10:26:10',NULL,NULL,0,5,'2018-11-29 10:26:11',NULL,1,NULL,1,NULL,2,NULL),
(65,'京NQ7969','2018-11-29 10:26:25',17,'嘉华测试门店 2/进场/1543458384840.jpg',1,1,'2018-11-29 10:26:25',NULL,NULL,0,5,'2018-11-29 10:26:25',NULL,1,NULL,1,NULL,2,NULL),
(66,'京P6TQ62','2018-11-29 10:27:40',17,'嘉华测试门店 2/进场/1543458459834.jpg',NULL,1,'2018-11-29 10:27:40',28,'2018-12-13 12:08:04',0,5,NULL,NULL,NULL,'',31,'2018-12-06 17:51:27',3,NULL),
(67,'京QB5R88','2018-11-29 10:28:13',17,'嘉华测试门店 2/进场/1543458492925.jpg',1,1,'2018-11-29 10:28:13',NULL,NULL,0,5,'2018-11-29 10:28:13',NULL,1,NULL,1,NULL,2,NULL),
(68,'京N3Q493','2018-11-29 10:30:59',17,'嘉华测试门店 2/进场/1543458658836.jpg',1,1,'2018-11-29 10:30:59',NULL,NULL,0,5,'2018-11-29 10:30:59',NULL,1,NULL,1,NULL,2,NULL),
(69,'京P36262','2018-11-29 10:52:24',17,'嘉华测试门店 2/进场/1543459943070.jpg',1,1,'2018-11-29 10:52:23',NULL,NULL,0,5,'2018-11-29 10:52:24',NULL,1,NULL,1,NULL,2,NULL),
(70,'京Q46WJ9','2018-11-29 10:54:38',17,'嘉华测试门店 2/进场/1543460077666.jpg',1,1,'2018-11-29 10:54:37',NULL,NULL,0,5,'2018-11-29 10:54:38',NULL,1,NULL,1,NULL,2,NULL),
(71,'津HUJ121','2018-11-29 10:59:32',17,'嘉华测试门店 2/进场/1543460371949.jpg',1,1,'2018-11-29 10:59:32',NULL,NULL,0,5,'2018-11-29 10:59:32',NULL,1,NULL,1,NULL,2,NULL),
(72,'京QH6K68','2018-11-29 11:00:41',17,'嘉华测试门店 2/进场/1543460440903.jpg',1,1,'2018-11-29 11:00:41',NULL,NULL,0,5,'2018-11-29 11:00:41',NULL,1,NULL,1,NULL,2,NULL),
(73,'京N71X17','2018-11-29 11:00:47',17,'嘉华测试门店 2/进场/1543460446920.jpg',1,1,'2018-11-29 11:00:46',NULL,NULL,0,5,'2018-11-29 11:00:47',NULL,1,NULL,1,NULL,2,NULL),
(74,'京CBU952','2018-11-29 11:02:29',17,'嘉华测试门店 2/进场/1543460549065.jpg',1,1,'2018-11-29 11:02:29',NULL,NULL,0,5,'2018-11-29 11:02:29',NULL,1,NULL,1,NULL,2,NULL),
(75,'京NAG291','2018-11-29 11:02:44',17,'嘉华测试门店 2/进场/1543460563228.jpg',1,1,'2018-11-29 11:02:43',NULL,NULL,0,5,'2018-11-29 11:02:44',NULL,1,NULL,1,NULL,2,NULL),
(76,'京CBM029','2018-11-29 11:04:49',17,'嘉华测试门店 2/进场/1543460688260.jpg',1,1,'2018-11-29 11:04:48',NULL,NULL,0,5,'2018-11-29 11:04:49',NULL,1,NULL,1,NULL,2,NULL),
(77,'冀JBX390','2018-11-29 11:05:03',17,'嘉华测试门店 2/进场/1543460702178.jpg',1,1,'2018-11-29 11:05:02',NULL,NULL,0,5,'2018-11-29 11:05:03',NULL,1,NULL,1,NULL,2,NULL),
(78,'京Q0TL99','2018-11-29 11:07:56',17,'嘉华测试门店 2/进场/1543460875383.jpg',1,1,'2018-11-29 11:07:55',NULL,NULL,0,5,'2018-11-29 11:07:56',NULL,1,NULL,1,NULL,2,NULL),
(79,'京Q1GT81','2018-11-29 11:16:59',17,'嘉华测试门店 2/进场/1543461418206.jpg',1,1,'2018-11-29 11:16:58',NULL,NULL,0,5,'2018-11-29 11:16:59',NULL,1,NULL,1,NULL,2,NULL),
(80,'京MP2256','2018-11-29 11:22:21',17,'嘉华测试门店 2/进场/1543461740082.jpg',1,1,'2018-11-29 11:22:20',NULL,NULL,0,5,'2018-11-29 11:22:21',NULL,1,NULL,1,NULL,2,NULL),
(81,'京MH3113','2018-11-29 11:22:37',17,'嘉华测试门店 2/进场/1543461756042.jpg',1,1,'2018-11-29 11:22:36',NULL,NULL,0,5,'2018-11-29 11:22:37',NULL,1,NULL,1,NULL,2,NULL),
(82,'冀GKS321','2018-11-29 11:28:20',17,'嘉华测试门店 2/进场/1543462099635.jpg',1,1,'2018-11-29 11:28:19',NULL,NULL,0,5,'2018-11-29 11:28:20',NULL,1,NULL,1,NULL,2,NULL),
(83,'京KAQ331','2018-11-29 11:30:34',17,'嘉华测试门店 2/进场/1543462234067.jpg',1,1,'2018-11-29 11:30:34',NULL,NULL,0,5,'2018-11-29 11:30:34',NULL,1,NULL,1,NULL,2,NULL),
(84,'京A99337','2018-11-29 11:45:12',17,'嘉华测试门店 2/进场/1543463111613.jpg',1,1,'2018-11-29 11:45:12',NULL,NULL,0,5,'2018-11-29 11:45:12',NULL,1,NULL,1,NULL,2,NULL),
(85,'京LBK683','2018-11-29 11:45:44',17,'嘉华测试门店 2/进场/1543463144087.jpg',1,1,'2018-11-29 11:45:44',NULL,NULL,0,5,'2018-11-29 11:45:44',NULL,1,NULL,1,NULL,2,NULL),
(86,'冀RWZ120','2018-11-29 11:45:54',17,'嘉华测试门店 2/进场/1543463153882.jpg',1,1,'2018-11-29 11:45:54',NULL,NULL,0,5,'2018-11-29 11:45:54',NULL,1,NULL,1,NULL,2,NULL),
(87,'京PW6658','2018-11-29 11:50:47',17,'嘉华测试门店 2/进场/1543463446733.jpg',1,1,'2018-11-29 11:50:47',NULL,NULL,0,5,'2018-11-29 11:50:47',NULL,1,NULL,1,NULL,2,NULL),
(88,'京JJ2873','2018-11-29 11:51:01',17,'嘉华测试门店 2/进场/1543463460587.jpg',1,1,'2018-11-29 11:51:01',NULL,NULL,0,5,'2018-11-29 11:51:01',NULL,1,NULL,1,NULL,2,NULL),
(89,'京N822D6','2018-11-29 11:55:28',17,'嘉华测试门店 2/进场/1543463727126.jpg',1,1,'2018-11-29 11:55:27',NULL,NULL,0,5,'2018-11-29 11:55:28',NULL,1,NULL,1,NULL,2,NULL),
(90,'京EBC013','2018-11-29 11:59:19',17,'嘉华测试门店 2/进场/1543463958007.jpg',1,1,'2018-11-29 11:59:18',NULL,NULL,0,5,'2018-11-29 11:59:19',NULL,1,NULL,1,NULL,2,NULL),
(91,'冀CSD913','2018-11-29 11:59:30',17,'嘉华测试门店 2/进场/1543463970204.jpg',1,1,'2018-11-29 11:59:30',NULL,NULL,0,5,'2018-11-29 11:59:30',NULL,1,NULL,1,NULL,2,NULL),
(92,'津AGE927','2018-11-29 12:22:17',17,'嘉华测试门店 2/进场/1543465336250.jpg',1,1,'2018-11-29 12:22:16',NULL,NULL,0,5,'2018-11-29 12:22:17',NULL,1,NULL,1,NULL,2,NULL),
(93,'京NZ8211','2018-11-29 12:22:44',17,'嘉华测试门店 2/进场/1543465363596.jpg',1,1,'2018-11-29 12:22:44',NULL,NULL,0,5,'2018-11-29 12:22:44',NULL,1,NULL,1,NULL,2,NULL),
(94,'京N936B2','2018-11-29 12:32:20',17,'嘉华测试门店 2/进场/1543465939911.jpg',1,1,'2018-11-29 12:32:20',NULL,'2018-12-21 10:56:07',0,5,'2018-11-29 12:32:20',NULL,1,NULL,1,NULL,4,NULL),
(95,'京QY3A15','2018-11-29 12:39:51',17,'嘉华测试门店 2/进场/1543466391371.jpg',1,1,'2018-11-29 12:39:51',NULL,NULL,0,5,'2018-11-29 12:39:51',NULL,1,NULL,1,NULL,2,NULL),
(96,'京A38574','2018-11-29 12:42:32',17,'嘉华测试门店 2/进场/1543466551560.jpg',1,1,'2018-11-29 12:42:31',NULL,NULL,0,5,'2018-11-29 12:42:32',NULL,1,NULL,1,NULL,2,NULL),
(97,'京P808Q5','2018-11-29 12:43:33',17,'嘉华测试门店 2/进场/1543466612654.jpg',1,1,'2018-11-29 12:43:32',NULL,NULL,0,5,'2018-11-29 12:43:33',NULL,1,NULL,1,NULL,2,NULL),
(98,'京G31581','2018-11-29 12:48:19',17,'嘉华测试门店 2/进场/1543466898610.jpg',1,1,'2018-11-29 12:48:18',NULL,NULL,0,5,'2018-11-29 12:48:19',NULL,1,NULL,1,NULL,2,NULL),
(99,'京Q98AK6','2018-11-29 12:54:32',17,'嘉华测试门店 2/进场/1543467272071.jpg',1,1,'2018-11-29 12:54:32',NULL,NULL,0,5,'2018-11-29 12:54:32',NULL,1,NULL,1,NULL,2,NULL),
(100,'京PLC769','2018-11-29 13:17:25',17,'嘉华测试门店 2/进场/1543468644814.jpg',1,1,'2018-11-29 13:17:24',NULL,NULL,0,5,'2018-11-29 13:17:25',NULL,1,NULL,1,NULL,2,NULL),
(101,'京Y08Y68','2018-11-29 13:23:51',17,'嘉华测试门店 2/进场/1543469030224.jpg',1,1,'2018-11-29 13:23:50',NULL,NULL,0,5,'2018-11-29 13:23:51',NULL,1,NULL,1,NULL,2,NULL),
(102,'京Q1PV35','2018-11-29 13:42:50',17,'嘉华测试门店 2/进场/1543470169462.jpg',1,1,'2018-11-29 13:42:49',NULL,NULL,0,5,'2018-11-29 13:42:50',NULL,1,NULL,1,NULL,2,NULL),
(103,'京ABK622','2018-11-29 13:43:16',17,'嘉华测试门店 2/进场/1543470195779.jpg',1,1,'2018-11-29 13:43:16',NULL,NULL,0,5,'2018-11-29 13:43:16',NULL,1,NULL,1,NULL,2,NULL),
(104,'京Q5C3D6','2018-11-29 13:59:29',17,'嘉华测试门店 2/进场/1543471168980.jpg',1,1,'2018-11-29 13:59:29',NULL,NULL,0,5,'2018-11-29 13:59:29',NULL,1,NULL,1,NULL,2,NULL),
(105,'京PS3H77','2018-11-29 14:09:07',17,'嘉华测试门店 2/进场/1543471746577.jpg',1,1,'2018-11-29 14:09:06',NULL,NULL,0,5,'2018-11-29 14:09:07',NULL,1,NULL,1,NULL,2,NULL),
(106,'京J46406','2018-11-29 14:19:08',17,'嘉华测试门店 2/进场/1543472347335.jpg',1,1,'2018-11-29 14:19:07',NULL,NULL,0,5,'2018-11-29 14:19:08',NULL,1,NULL,1,NULL,2,NULL),
(107,'京Q2ZK87','2018-11-29 14:26:39',17,'嘉华测试门店 2/进场/1543472798837.jpg',1,1,'2018-11-29 14:26:39',NULL,NULL,0,5,'2018-11-29 14:26:39',NULL,1,NULL,1,NULL,2,NULL),
(108,'京PK1323','2018-11-29 14:29:37',17,'嘉华测试门店 2/进场/1543472976646.jpg',1,1,'2018-11-29 14:29:37',NULL,NULL,0,5,'2018-11-29 14:29:37',NULL,1,NULL,1,NULL,2,NULL),
(109,'京HBT838','2018-11-29 14:38:01',17,'嘉华测试门店 2/进场/1543473480529.jpg',1,1,'2018-11-29 14:38:00',NULL,NULL,0,5,'2018-11-29 14:38:01',NULL,1,NULL,1,NULL,2,NULL),
(110,'京F71028','2018-11-29 14:41:46',17,'嘉华测试门店 2/进场/1543473705743.jpg',1,1,'2018-11-29 14:41:45',NULL,NULL,0,5,'2018-11-29 14:41:46',NULL,1,NULL,1,NULL,2,NULL),
(111,'京QG26Y7','2018-11-29 14:45:46',17,'嘉华测试门店 2/进场/1543473946263.jpg',1,1,'2018-11-29 14:45:46',NULL,NULL,0,5,'2018-11-29 14:45:46',NULL,1,NULL,1,NULL,2,NULL),
(112,'京D372N9','2018-11-29 14:59:33',17,'嘉华测试门店 2/进场/1543474772734.jpg',1,1,'2018-11-29 14:59:32',NULL,NULL,0,5,'2018-11-29 14:59:33',NULL,1,NULL,1,NULL,2,NULL),
(113,'冀R6E7C3','2018-11-29 15:08:20',17,'嘉华测试门店 2/进场/1543475299715.jpg',1,1,'2018-11-29 15:08:20',NULL,NULL,0,5,'2018-11-29 15:08:20',NULL,1,NULL,1,NULL,2,NULL),
(114,'京JJ2873','2018-11-29 15:16:45',17,'嘉华测试门店 2/进场/1543475804909.jpg',1,1,'2018-11-29 15:16:45',NULL,NULL,0,5,'2018-11-29 15:16:45',NULL,1,NULL,1,NULL,2,NULL),
(115,'京PH0F79','2018-11-29 15:18:09',17,'嘉华测试门店 2/进场/1543475888851.jpg',1,1,'2018-11-29 15:18:08',NULL,NULL,0,5,'2018-11-29 15:18:09',NULL,1,NULL,1,NULL,2,NULL),
(116,'冀T65E29','2018-11-29 15:18:25',17,'嘉华测试门店 2/进场/1543475904783.jpg',1,1,'2018-11-29 15:18:24',NULL,NULL,0,5,'2018-11-29 15:18:25',NULL,1,NULL,1,NULL,2,NULL),
(117,'京KFT081','2018-11-29 15:22:41',17,'嘉华测试门店 2/进场/1543476161270.jpg',1,1,'2018-11-29 15:22:41',NULL,NULL,0,5,'2018-11-29 15:22:41',NULL,1,NULL,1,NULL,2,NULL),
(118,'京NYE593','2018-11-29 15:26:45',17,'嘉华测试门店 2/进场/1543476405096.jpg',1,1,'2018-11-29 15:26:45',NULL,NULL,0,5,'2018-11-29 15:26:45',NULL,1,NULL,1,NULL,2,NULL),
(119,'京NA0984','2018-11-29 15:30:54',17,'嘉华测试门店 2/进场/1543476653552.jpg',1,1,'2018-11-29 15:30:53',NULL,NULL,0,5,'2018-11-29 15:30:54',NULL,1,NULL,1,NULL,2,NULL),
(120,'京MB6283','2018-11-29 15:31:00',17,'嘉华测试门店 2/进场/1543476659158.jpg',1,1,'2018-11-29 15:30:59',NULL,NULL,0,5,'2018-11-29 15:31:00',NULL,1,NULL,1,NULL,2,NULL),
(121,'京PE8Q73','2018-11-29 15:31:11',17,'嘉华测试门店 2/进场/1543476671264.jpg',1,1,'2018-11-29 15:31:11',NULL,NULL,0,5,'2018-11-29 15:31:11',NULL,1,NULL,1,NULL,2,NULL),
(122,'京Q32HW1','2018-11-29 15:32:21',17,'嘉华测试门店 2/进场/1543476740061.jpg',1,1,'2018-11-29 15:32:20',NULL,NULL,0,5,'2018-11-29 15:32:21',NULL,1,NULL,1,NULL,2,NULL),
(123,'京N9G9Z6','2018-11-29 15:36:34',17,'嘉华测试门店 2/进场/1543476993390.jpg',1,1,'2018-11-29 15:36:33',NULL,NULL,0,5,'2018-11-29 15:36:34',NULL,1,NULL,1,NULL,2,NULL),
(124,'京J08203','2018-11-29 15:37:56',17,'嘉华测试门店 2/进场/1543477075568.jpg',1,1,'2018-11-29 15:37:55',NULL,NULL,0,5,'2018-11-29 15:37:56',NULL,1,NULL,1,NULL,2,NULL),
(125,'京P6TQ62','2018-11-29 15:41:01',17,'嘉华测试门店 2/进场/1543477261371.jpg',1,1,'2018-11-29 15:41:01',NULL,NULL,0,5,'2018-11-29 15:41:01',NULL,1,NULL,1,NULL,2,NULL),
(126,'京N2NF08','2018-11-29 16:02:32',17,'嘉华测试门店 2/进场/1543478551644.jpg',1,1,'2018-11-29 16:02:32',NULL,NULL,0,5,'2018-11-29 16:02:32',NULL,1,NULL,1,NULL,2,NULL),
(127,'京KP1918','2018-11-29 16:06:39',17,'嘉华测试门店 2/进场/1543478798855.jpg',1,1,'2018-11-29 16:06:38',NULL,NULL,0,5,'2018-11-29 16:06:39',NULL,1,NULL,1,NULL,2,NULL),
(128,'京Q2WA18','2018-11-29 16:07:01',17,'嘉华测试门店 2/进场/1543478820313.jpg',1,1,'2018-11-29 16:07:00',NULL,NULL,0,5,'2018-11-29 16:07:01',NULL,1,NULL,1,NULL,2,NULL),
(129,'冀J6L5W8','2018-11-29 16:18:41',17,'嘉华测试门店 2/进场/1543479520584.jpg',1,1,'2018-11-29 16:18:40',NULL,NULL,0,5,'2018-11-29 16:18:41',NULL,1,NULL,1,NULL,2,NULL),
(130,'京PV1Y73','2018-11-29 16:23:40',17,'嘉华测试门店 2/进场/1543479819593.jpg',1,1,'2018-11-29 16:23:39',NULL,NULL,0,5,'2018-11-29 16:23:40',NULL,1,NULL,1,NULL,2,NULL),
(131,'京PP7K39','2018-11-29 16:25:03',17,'嘉华测试门店 2/进场/1543479902614.jpg',1,1,'2018-11-29 16:25:02',NULL,NULL,0,5,'2018-11-29 16:25:03',NULL,1,NULL,1,NULL,2,NULL),
(132,'京KBC259','2018-11-29 16:25:36',17,'嘉华测试门店 2/进场/1543479935753.jpg',1,1,'2018-11-29 16:25:35',NULL,NULL,0,5,'2018-11-29 16:25:36',NULL,1,NULL,1,NULL,2,NULL),
(133,'京N936B2','2018-11-29 16:30:25',17,'嘉华测试门店 2/进场/1543480224412.jpg',1,1,'2018-11-29 16:30:24',NULL,'2018-12-21 10:55:46',0,5,'2018-11-29 16:30:25',NULL,1,NULL,1,NULL,4,NULL),
(134,'京N52126','2018-11-29 16:34:30',17,'嘉华测试门店 2/进场/1543480469724.jpg',1,1,'2018-11-29 16:34:29',NULL,NULL,0,5,'2018-11-29 16:34:30',NULL,1,NULL,1,NULL,2,NULL),
(135,'京Q590B2','2018-11-29 17:07:15',17,'嘉华测试门店 2/进场/1543482434535.jpg',1,1,'2018-11-29 17:07:14',NULL,NULL,0,5,'2018-11-29 17:07:15',NULL,1,NULL,1,NULL,2,NULL),
(136,'京N0ZM12','2018-11-29 17:31:59',17,'嘉华测试门店 2/进场/1543483918512.jpg',1,1,'2018-11-29 17:31:59',NULL,NULL,0,5,'2018-11-29 17:31:59',NULL,1,NULL,1,NULL,2,NULL),
(137,'京HBZ352','2018-11-29 17:44:43',17,'嘉华测试门店 2/进场/1543484682683.jpg',1,1,'2018-11-29 17:44:42',NULL,NULL,0,5,'2018-11-29 17:44:43',NULL,1,NULL,1,NULL,2,NULL),
(138,'京EK3388','2018-11-29 17:48:44',17,'嘉华测试门店 2/进场/1543484923664.jpg',1,1,'2018-11-29 17:48:43',NULL,NULL,0,5,'2018-11-29 17:48:44',NULL,1,NULL,1,NULL,2,NULL),
(139,'京MP2256','2018-11-29 17:49:35',17,'嘉华测试门店 2/进场/1543484975290.jpg',1,1,'2018-11-29 17:49:35',NULL,NULL,0,5,'2018-11-29 17:49:35',NULL,1,NULL,1,NULL,2,NULL),
(140,'京N21K53','2018-11-29 17:50:53',17,'嘉华测试门店 2/进场/1543485052963.jpg',1,1,'2018-11-29 17:50:53',NULL,NULL,0,5,'2018-11-29 17:50:53',NULL,1,NULL,1,NULL,2,NULL),
(141,'京PLY266','2018-11-29 17:57:19',17,'嘉华测试门店 2/进场/1543485438917.jpg',1,1,'2018-11-29 17:57:19',NULL,NULL,0,5,'2018-11-29 17:57:19',NULL,1,NULL,1,NULL,2,NULL),
(142,'吉J93P29','2018-11-29 19:11:15',17,'嘉华测试门店 2/进场/1543489874301.jpg',1,1,'2018-11-29 19:11:14',NULL,NULL,0,5,'2018-11-29 19:11:15',NULL,1,NULL,1,NULL,2,NULL),
(143,'京QU79Y1','2018-11-29 19:14:13',17,'嘉华测试门店 2/进场/1543490051817.jpg',1,1,'2018-11-29 19:14:12',NULL,NULL,0,5,'2018-11-29 19:14:13',NULL,1,NULL,1,NULL,2,NULL),
(144,'京Q11SX7','2018-11-30 08:23:38',17,'嘉华测试门店 2/进场/1543537417211.jpg',1,1,'2018-11-30 08:23:37',NULL,NULL,0,5,'2018-11-30 08:23:38',NULL,1,NULL,1,NULL,2,NULL),
(145,'京HR3928','2018-11-30 08:39:14',17,'嘉华测试门店 2/进场/1543538354081.jpg',1,1,'2018-11-30 08:39:14',NULL,NULL,0,5,'2018-11-30 08:39:14',NULL,1,NULL,1,NULL,2,NULL),
(146,'京EK3388','2018-11-30 08:46:16',17,'嘉华测试门店 2/进场/1543538776119.jpg',1,1,'2018-11-30 08:46:16',NULL,NULL,0,5,'2018-11-30 08:46:16',NULL,1,NULL,1,NULL,2,NULL),
(147,'京JEH525','2018-11-30 08:51:56',17,'嘉华测试门店 2/进场/1543539115393.jpg',1,1,'2018-11-30 08:51:55',NULL,NULL,0,5,'2018-11-30 08:51:56',NULL,1,NULL,1,NULL,2,NULL),
(148,'京N1QV62','2018-11-30 08:56:39',17,'嘉华测试门店 2/进场/1543539398528.jpg',1,1,'2018-11-30 08:56:38',NULL,NULL,0,5,'2018-11-30 08:56:39',NULL,1,NULL,1,NULL,2,NULL),
(149,'京Q60QF0','2018-11-30 09:00:50',17,'嘉华测试门店 2/进场/1543539649620.jpg',1,1,'2018-11-30 09:00:50',NULL,NULL,0,5,'2018-11-30 09:00:50',NULL,1,NULL,1,NULL,2,NULL),
(150,'京QYH389','2018-11-30 09:01:51',17,'嘉华测试门店 2/进场/1543539710081.jpg',1,1,'2018-11-30 09:01:50',NULL,NULL,0,5,'2018-11-30 09:01:51',NULL,1,NULL,1,NULL,2,NULL),
(151,'京Q9FB25','2018-11-30 09:10:28',17,'嘉华测试门店 2/进场/1543540228094.jpg',1,1,'2018-11-30 09:10:28',NULL,NULL,0,5,'2018-11-30 09:10:28',NULL,1,NULL,1,NULL,2,NULL),
(152,'京AD40427','2018-11-30 09:37:09',17,'嘉华测试门店 2/进场/1543541828448.jpg',1,1,'2018-11-30 09:37:08',NULL,NULL,0,5,'2018-11-30 09:37:09',NULL,1,NULL,1,NULL,2,NULL),
(153,'京EFW993','2018-11-30 09:44:06',17,'嘉华测试门店 2/进场/1543542246078.jpg',1,1,'2018-11-30 09:44:06',NULL,NULL,0,5,'2018-11-30 09:44:06',NULL,1,NULL,1,NULL,2,NULL),
(154,'京EAK067','2018-11-30 09:48:37',17,'嘉华测试门店 2/进场/1543542516960.jpg',1,1,'2018-11-30 09:48:37',NULL,NULL,0,5,'2018-11-30 09:48:37',NULL,1,NULL,1,NULL,2,NULL),
(155,'京Q1GT81','2018-11-30 09:49:38',17,'嘉华测试门店 2/进场/1543542578043.jpg',1,1,'2018-11-30 09:49:38',NULL,NULL,0,5,'2018-11-30 09:49:38',NULL,1,NULL,1,NULL,2,NULL),
(156,'京N021N2','2018-11-30 10:04:58',17,'嘉华测试门店 2/进场/1543543497524.jpg',1,1,'2018-11-30 10:04:57',NULL,NULL,0,5,'2018-11-30 10:04:58',NULL,1,NULL,1,NULL,2,NULL),
(157,'京Q2ZK87','2018-11-30 10:08:19',17,'嘉华测试门店 2/进场/1543543698558.jpg',1,1,'2018-11-30 10:08:19',NULL,NULL,0,5,'2018-11-30 10:08:19',NULL,1,NULL,1,NULL,2,NULL),
(158,'京QD8B68','2018-11-30 10:10:13',17,'嘉华测试门店 2/进场/1543543812778.jpg',1,1,'2018-11-30 10:10:13',NULL,NULL,0,5,'2018-11-30 10:10:13',NULL,1,NULL,1,NULL,2,NULL),
(159,'黑AL168L','2018-11-30 10:11:09',17,'嘉华测试门店 2/进场/1543543868940.jpg',1,1,'2018-11-30 10:11:09',NULL,NULL,0,5,'2018-11-30 10:11:09',NULL,1,NULL,1,NULL,2,NULL),
(160,'京HC7757','2018-11-30 10:22:48',17,'嘉华测试门店 2/进场/1543544567763.jpg',1,1,'2018-11-30 10:22:48',NULL,NULL,0,5,'2018-11-30 10:22:48',NULL,1,NULL,1,NULL,2,NULL),
(161,'京NAG155','2018-11-30 10:26:24',17,'嘉华测试门店 2/进场/1543544783872.jpg',1,1,'2018-11-30 10:26:24',NULL,NULL,0,5,'2018-11-30 10:26:24',NULL,1,NULL,1,NULL,2,NULL),
(162,'京HU4491','2018-11-30 10:44:40',17,'嘉华测试门店 2/进场/1543545879935.jpg',1,1,'2018-11-30 10:44:40',NULL,NULL,0,5,'2018-11-30 10:44:40',NULL,1,NULL,1,NULL,2,NULL),
(163,'京N89K88','2018-11-30 10:46:11',17,'嘉华测试门店 2/进场/1543545970538.jpg',1,1,'2018-11-30 10:46:10',NULL,NULL,0,5,'2018-11-30 10:46:11',NULL,1,NULL,1,NULL,2,NULL),
(164,'京N2NF08','2018-11-30 11:10:52',17,'嘉华测试门店 2/进场/1543547452376.jpg',1,1,'2018-11-30 11:10:52',NULL,NULL,0,5,'2018-11-30 11:10:52',NULL,1,NULL,1,NULL,2,NULL),
(165,'京QB6L92','2018-11-30 11:12:18',17,'嘉华测试门店 2/进场/1543547538217.jpg',1,1,'2018-11-30 11:12:18',NULL,NULL,0,5,'2018-11-30 11:12:18',NULL,1,NULL,1,NULL,2,NULL),
(166,'京PR7689','2018-11-30 11:14:05',17,'嘉华测试门店 2/进场/1543547644715.jpg',1,1,'2018-11-30 11:14:04',NULL,NULL,0,5,'2018-11-30 11:14:05',NULL,1,NULL,1,NULL,2,NULL),
(167,'京PUU318','2018-11-30 11:21:46',17,'嘉华测试门店 2/进场/1543548105513.jpg',1,1,'2018-11-30 11:21:45',NULL,NULL,0,5,'2018-11-30 11:21:46',NULL,1,NULL,1,NULL,2,NULL),
(168,'京QG8118','2018-11-30 11:32:19',17,'嘉华测试门店 2/进场/1543548739262.jpg',1,1,'2018-11-30 11:32:19',NULL,NULL,0,5,'2018-11-30 11:32:19',NULL,1,NULL,1,NULL,2,NULL),
(169,'鲁RNC608','2018-11-30 11:34:01',17,'嘉华测试门店 2/进场/1543548841434.jpg',1,1,'2018-11-30 11:34:01',NULL,NULL,0,5,'2018-11-30 11:34:01',NULL,1,NULL,1,NULL,2,NULL),
(170,'京QV9S82','2018-11-30 11:35:38',17,'嘉华测试门店 2/进场/1543548937692.jpg',1,1,'2018-11-30 11:35:37',NULL,NULL,0,5,'2018-11-30 11:35:38',NULL,1,NULL,1,NULL,2,NULL),
(171,'京QYB283','2018-11-30 11:36:30',17,'嘉华测试门店 2/进场/1543548989100.jpg',1,1,'2018-11-30 11:36:29',NULL,NULL,0,5,'2018-11-30 11:36:30',NULL,1,NULL,1,NULL,2,NULL),
(172,'京Q29Y78','2018-11-30 11:39:32',17,'嘉华测试门店 2/进场/1543549171984.jpg',1,1,'2018-11-30 11:39:32',NULL,NULL,0,5,'2018-11-30 11:39:32',NULL,1,NULL,1,NULL,2,NULL),
(173,'京N8X234','2018-11-30 11:39:44',17,'嘉华测试门店 2/进场/1543549183614.jpg',1,1,'2018-11-30 11:39:44',NULL,NULL,0,5,'2018-11-30 11:39:44',NULL,1,NULL,1,NULL,2,NULL),
(174,'京PTW570','2018-11-30 11:39:49',17,'嘉华测试门店 2/进场/1543549188739.jpg',1,1,'2018-11-30 11:39:48',NULL,NULL,0,5,'2018-11-30 11:39:49',NULL,1,NULL,1,NULL,2,NULL),
(175,'京Q9S2E8','2018-11-30 11:47:56',17,'嘉华测试门店 2/进场/1543549675059.jpg',1,1,'2018-11-30 11:47:55',NULL,NULL,0,5,'2018-11-30 11:47:56',NULL,1,NULL,1,NULL,2,NULL),
(176,'京NU9G59','2018-11-30 11:55:25',17,'嘉华测试门店 2/进场/1543550125163.jpg',1,1,'2018-11-30 11:55:25',NULL,NULL,0,5,'2018-11-30 11:55:25',NULL,1,NULL,1,NULL,2,NULL),
(177,'京N99NC2','2018-11-30 11:55:41',17,'嘉华测试门店 2/进场/1543550140633.jpg',1,1,'2018-11-30 11:55:40',NULL,NULL,0,5,'2018-11-30 11:55:41',NULL,1,NULL,1,NULL,2,NULL),
(178,'京NZ5U98','2018-11-30 12:01:56',17,'嘉华测试门店 2/进场/1543550515694.jpg',1,1,'2018-11-30 12:01:55',NULL,NULL,0,5,'2018-11-30 12:01:56',NULL,1,NULL,1,NULL,2,NULL),
(179,'京D979TK','2018-11-30 12:03:37',17,'嘉华测试门店 2/进场/1543550617320.jpg',1,1,'2018-11-30 12:03:37',NULL,NULL,0,5,'2018-11-30 12:03:37',NULL,1,NULL,1,NULL,2,NULL),
(180,'京P7M138','2018-11-30 12:13:54',17,'嘉华测试门店 2/进场/1543551233492.jpg',1,1,'2018-11-30 12:13:53',NULL,NULL,0,5,'2018-11-30 12:13:54',NULL,1,NULL,1,NULL,2,NULL),
(181,'京LBB779','2018-11-30 12:18:32',17,'嘉华测试门店 2/进场/1543551511388.jpg',1,1,'2018-11-30 12:18:31',NULL,NULL,0,5,'2018-11-30 12:18:32',NULL,1,NULL,1,NULL,2,NULL),
(182,'京NWE085','2018-11-30 12:32:28',17,'嘉华测试门店 2/进场/1543552347714.jpg',1,1,'2018-11-30 12:32:27',NULL,NULL,0,5,'2018-11-30 12:32:28',NULL,1,NULL,1,NULL,2,NULL),
(183,'京NN22R8','2018-11-30 12:38:16',17,'嘉华测试门店 2/进场/1543552695459.jpg',1,1,'2018-11-30 12:38:15',NULL,NULL,0,5,'2018-11-30 12:38:16',NULL,1,NULL,1,NULL,2,NULL),
(184,'京NZN795','2018-11-30 12:50:11',17,'嘉华测试门店 2/进场/1543553411027.jpg',1,1,'2018-11-30 12:50:11',NULL,NULL,0,5,'2018-11-30 12:50:11',NULL,1,NULL,1,NULL,2,NULL),
(185,'京NQ3282','2018-11-30 12:55:18',17,'嘉华测试门店 2/进场/1543553717413.jpg',1,1,'2018-11-30 12:55:17',NULL,NULL,0,5,'2018-11-30 12:55:18',NULL,1,NULL,1,NULL,2,NULL),
(186,'京K37459','2018-11-30 12:58:32',17,'嘉华测试门店 2/进场/1543553911393.jpg',1,1,'2018-11-30 12:58:31',NULL,NULL,0,5,'2018-11-30 12:58:32',NULL,1,NULL,1,NULL,2,NULL),
(187,'京NN81Q8','2018-11-30 13:02:32',17,'嘉华测试门店 2/进场/1543554152166.jpg',1,1,'2018-11-30 13:02:32',NULL,NULL,0,5,'2018-11-30 13:02:32',NULL,1,NULL,1,NULL,2,NULL),
(188,'京YH2030','2018-11-30 13:11:31',17,'嘉华测试门店 2/进场/1543554691123.jpg',1,1,'2018-11-30 13:11:31',NULL,NULL,0,5,'2018-11-30 13:11:31',NULL,1,NULL,1,NULL,2,NULL),
(189,'京PR9H03','2018-11-30 13:18:41',17,'嘉华测试门店 2/进场/1543555120565.jpg',1,1,'2018-11-30 13:18:40',NULL,NULL,0,5,'2018-11-30 13:18:41',NULL,1,NULL,1,NULL,2,NULL),
(190,'京KFB758','2018-11-30 13:24:31',17,'嘉华测试门店 2/进场/1543555470350.jpg',1,1,'2018-11-30 13:24:30',NULL,NULL,0,5,'2018-11-30 13:24:31',NULL,1,NULL,1,NULL,2,NULL),
(191,'京KFE075','2018-11-30 13:44:09',17,'嘉华测试门店 2/进场/1543556649016.jpg',1,1,'2018-11-30 13:44:09',NULL,NULL,0,5,'2018-11-30 13:44:09',NULL,1,NULL,1,NULL,2,NULL),
(192,'京Q0T8M9','2018-11-30 13:47:12',17,'嘉华测试门店 2/进场/1543556832196.jpg',1,1,'2018-11-30 13:47:12',NULL,NULL,0,5,'2018-11-30 13:47:12',NULL,1,NULL,1,NULL,2,NULL),
(193,'京A025AK','2018-11-30 13:56:51',17,'嘉华测试门店 2/进场/1543557411197.jpg',1,1,'2018-11-30 13:56:51',NULL,NULL,0,5,'2018-11-30 13:56:51',NULL,1,NULL,1,NULL,2,NULL),
(194,'京QCU758','2018-11-30 13:57:41',17,'嘉华测试门店 2/进场/1543557460538.jpg',1,1,'2018-11-30 13:57:40',NULL,NULL,0,5,'2018-11-30 13:57:41',NULL,1,NULL,1,NULL,2,NULL),
(195,'京FU5796','2018-11-30 14:03:29',17,'嘉华测试门店 2/进场/1543557808935.jpg',1,1,'2018-11-30 14:03:29',NULL,NULL,0,5,'2018-11-30 14:03:29',NULL,1,NULL,1,NULL,2,NULL),
(196,'吉CGR092','2018-11-30 14:03:35',17,'嘉华测试门店 2/进场/1543557814983.jpg',1,1,'2018-11-30 14:03:35',NULL,NULL,0,5,'2018-11-30 14:03:35',NULL,1,NULL,1,NULL,2,NULL),
(197,'京N33FA9','2018-11-30 14:03:45',17,'嘉华测试门店 2/进场/1543557824983.jpg',1,1,'2018-11-30 14:03:45',NULL,NULL,0,5,'2018-11-30 14:03:45',NULL,1,NULL,1,NULL,2,NULL),
(198,'京ND21Q9','2018-11-30 14:04:18',17,'嘉华测试门店 2/进场/1543557857459.jpg',1,1,'2018-11-30 14:04:17',NULL,NULL,0,5,'2018-11-30 14:04:18',NULL,1,NULL,1,NULL,2,NULL),
(199,'京BS5846','2018-11-30 14:07:12',17,'嘉华测试门店 2/进场/1543558032206.jpg',1,1,'2018-11-30 14:07:12',NULL,NULL,0,5,'2018-11-30 14:07:12',NULL,1,NULL,1,NULL,2,NULL),
(200,'京NL2655','2018-11-30 14:13:15',17,'嘉华测试门店 2/进场/1543558394541.jpg',1,1,'2018-11-30 14:13:14',NULL,NULL,0,5,'2018-11-30 14:13:15',NULL,1,NULL,1,NULL,2,NULL),
(201,'京N1V0C8','2018-11-30 14:33:49',17,'嘉华测试门店 2/进场/1543559628837.jpg',1,1,'2018-11-30 14:33:49',NULL,NULL,0,5,'2018-11-30 14:33:49',NULL,1,NULL,1,NULL,2,NULL),
(202,'京N13B80','2018-11-30 14:39:15',17,'嘉华测试门店 2/进场/1543559954714.jpg',1,1,'2018-11-30 14:39:14',NULL,NULL,0,5,'2018-11-30 14:39:15',NULL,1,NULL,1,NULL,2,NULL),
(203,'京NY7520','2018-11-30 14:46:26',17,'嘉华测试门店 2/进场/1543560385805.jpg',1,1,'2018-11-30 14:46:25',NULL,NULL,0,5,'2018-11-30 14:46:26',NULL,1,NULL,1,NULL,2,NULL),
(204,'京NTQ205','2018-11-30 14:51:56',17,'嘉华测试门店 2/进场/1543560715372.jpg',1,1,'2018-11-30 14:51:55',NULL,NULL,0,5,'2018-11-30 14:51:56',NULL,1,NULL,1,NULL,2,NULL),
(205,'京LBB779','2018-11-30 15:02:55',17,'嘉华测试门店 2/进场/1543561375292.jpg',1,1,'2018-11-30 15:02:55',NULL,NULL,0,5,'2018-11-30 15:02:55',NULL,1,NULL,1,NULL,2,NULL),
(206,'京Q100E1','2018-11-30 15:08:25',17,'嘉华测试门店 2/进场/1543561705255.jpg',1,1,'2018-11-30 15:08:25',NULL,NULL,0,5,'2018-11-30 15:08:25',NULL,1,NULL,1,NULL,2,NULL),
(207,'京HR3928','2018-11-30 15:08:42',17,'嘉华测试门店 2/进场/1543561721814.jpg',1,1,'2018-11-30 15:08:41',NULL,NULL,0,5,'2018-11-30 15:08:42',NULL,1,NULL,1,NULL,2,NULL),
(208,'京NR9G66','2018-11-30 15:08:49',17,'嘉华测试门店 2/进场/1543561729139.jpg',1,1,'2018-11-30 15:08:49',NULL,NULL,0,5,'2018-11-30 15:08:49',NULL,1,NULL,1,NULL,2,NULL),
(209,'晋MQ4948','2018-11-30 15:14:27',17,'嘉华测试门店 2/进场/1543562066344.jpg',1,1,'2018-11-30 15:14:26',NULL,NULL,0,5,'2018-11-30 15:14:27',NULL,1,NULL,1,NULL,2,NULL),
(210,'京AP9373','2018-11-30 15:23:56',17,'嘉华测试门店 2/进场/1543562635277.jpg',0,1,'2018-11-30 15:23:55',33,'2018-12-06 17:55:02',0,5,NULL,0,NULL,'',33,'2018-12-06 17:55:02',1,NULL),
(211,'京QU78X8','2018-11-30 15:24:08',17,'嘉华测试门店 2/进场/1543562647702.jpg',1,1,'2018-11-30 15:24:07',NULL,NULL,0,5,'2018-11-30 15:24:08',NULL,1,NULL,1,NULL,2,NULL),
(212,'京FAS202','2018-11-30 15:24:21',17,'嘉华测试门店 2/进场/1543562660863.jpg',0,1,'2018-11-30 15:24:20',27,'2018-11-30 15:28:17',0,5,'2018-11-30 16:13:53',1,1,NULL,1,NULL,2,NULL),
(213,'京KP1715','2018-11-30 15:28:23',17,'嘉华测试门店 2/进场/1543562903101.jpg',1,1,'2018-11-30 15:28:23',NULL,NULL,0,5,'2018-11-30 15:28:23',NULL,1,NULL,1,NULL,2,NULL),
(214,'京PK0Y20','2018-11-30 15:36:12',17,'嘉华测试门店 2/进场/1543563371516.jpg',1,1,'2018-11-30 15:36:11',NULL,NULL,0,5,'2018-11-30 15:36:12',NULL,1,NULL,1,NULL,2,NULL),
(215,'京N7N899','2018-11-30 15:40:19',17,'嘉华测试门店 2/进场/1543563619316.jpg',1,1,'2018-11-30 15:40:19',NULL,NULL,0,5,'2018-11-30 15:40:19',NULL,1,NULL,1,NULL,2,NULL),
(216,'京EAR878','2018-11-30 15:47:52',17,'嘉华测试门店 2/进场/1543564072360.jpg',1,1,'2018-11-30 15:47:52',NULL,NULL,0,5,'2018-11-30 15:47:52',NULL,1,NULL,1,NULL,2,NULL),
(217,'京PK5R39','2018-11-30 15:58:03',17,'嘉华测试门店 2/进场/1543564682687.jpg',1,1,'2018-11-30 15:58:03',NULL,NULL,0,5,'2018-11-30 15:58:03',NULL,1,NULL,1,NULL,2,NULL),
(218,'京NJ10H2','2018-11-30 15:58:12',17,'嘉华测试门店 2/进场/1543564692055.jpg',1,1,'2018-11-30 15:58:12',NULL,NULL,0,5,'2018-11-30 15:58:12',NULL,1,NULL,1,NULL,2,NULL),
(219,'京Q3JX99','2018-11-30 16:03:47',17,'嘉华测试门店 2/进场/1543565026898.jpg',1,1,'2018-11-30 16:03:47',NULL,NULL,0,5,'2018-11-30 16:03:47',NULL,1,NULL,1,NULL,2,NULL),
(220,'京NCU993','2018-11-30 16:03:56',17,'嘉华测试门店 2/进场/1543565035381.jpg',1,1,'2018-11-30 16:03:55',NULL,NULL,0,5,'2018-11-30 16:03:56',NULL,1,NULL,1,NULL,2,NULL),
(221,'京NQ2A88','2018-11-30 16:05:02',17,'嘉华测试门店 2/进场/1543565101471.jpg',1,1,'2018-11-30 16:05:01',NULL,NULL,0,5,'2018-11-30 16:05:02',NULL,1,NULL,1,NULL,2,NULL),
(222,'鲁R0E90E','2018-11-30 16:09:02',17,'嘉华测试门店 2/进场/1543565341776.jpg',1,1,'2018-11-30 16:09:02',NULL,NULL,0,5,'2018-11-30 16:09:02',NULL,1,NULL,1,NULL,2,NULL),
(223,'京LBU552','2018-11-30 16:14:48',17,'嘉华测试门店 2/进场/1543565688286.jpg',1,1,'2018-11-30 16:14:48',NULL,NULL,0,5,'2018-11-30 16:14:48',NULL,1,NULL,1,NULL,2,NULL),
(224,'京CW0509','2018-11-30 16:28:28',17,'嘉华测试门店 2/进场/1543566508291.jpg',1,1,'2018-11-30 16:28:28',NULL,NULL,0,5,'2018-11-30 16:28:28',NULL,1,NULL,1,NULL,2,NULL),
(225,'京P639N0','2018-11-30 16:40:55',17,'嘉华测试门店 2/进场/1543567254605.jpg',1,1,'2018-11-30 16:40:54',NULL,NULL,0,5,'2018-11-30 16:40:55',NULL,1,NULL,1,NULL,2,NULL),
(226,'京HBZ352','2018-11-30 17:01:45',17,'嘉华测试门店 2/进场/1543568504823.jpg',1,1,'2018-11-30 17:01:45',NULL,NULL,0,5,'2018-11-30 17:01:45',NULL,1,NULL,1,NULL,2,NULL),
(227,'京LBH532','2018-11-30 17:04:13',17,'嘉华测试门店 2/进场/1543568652421.jpg',1,1,'2018-11-30 17:04:12',NULL,NULL,0,5,'2018-11-30 17:04:13',NULL,1,NULL,1,NULL,2,NULL),
(228,'京NCU993','2018-11-30 17:15:34',17,'嘉华测试门店 2/进场/1543569333733.jpg',1,1,'2018-11-30 17:15:34',NULL,NULL,0,5,'2018-11-30 17:15:34',NULL,1,NULL,1,NULL,2,NULL),
(229,'京C56529','2018-11-30 17:49:45',17,'嘉华测试门店 2/进场/1543571384050.jpg',1,1,'2018-11-30 17:49:44',NULL,NULL,0,5,'2018-11-30 17:49:45',NULL,1,NULL,1,NULL,2,NULL),
(230,'京JS0709','2018-12-01 07:58:15',17,'嘉华测试门店 2/进场/1543622294131.jpg',1,1,'2018-12-01 07:58:14',NULL,NULL,0,5,'2018-12-01 07:58:15',NULL,1,NULL,1,NULL,2,NULL),
(231,'京V2962L','2018-12-01 08:02:00',17,'嘉华测试门店 2/进场/1543622520027.jpg',1,1,'2018-12-01 08:02:00',NULL,NULL,0,5,'2018-12-01 08:02:00',NULL,1,NULL,1,NULL,2,NULL),
(232,'京N181B5','2018-12-01 08:03:29',17,'嘉华测试门店 2/进场/1543622608628.jpg',1,1,'2018-12-01 08:03:29',NULL,NULL,0,5,'2018-12-01 08:03:29',NULL,1,NULL,1,NULL,2,NULL),
(233,'京QW2P53','2018-12-01 08:03:41',17,'嘉华测试门店 2/进场/1543622621047.jpg',1,1,'2018-12-01 08:03:41',NULL,NULL,0,5,'2018-12-01 08:03:41',NULL,1,NULL,1,NULL,2,NULL),
(234,'浙CHA119','2018-12-01 08:04:18',17,'嘉华测试门店 2/进场/1543622658006.jpg',1,1,'2018-12-01 08:04:18',NULL,NULL,0,5,'2018-12-01 08:04:18',NULL,1,NULL,1,NULL,2,NULL),
(235,'京N51C70','2018-12-01 08:30:08',17,'嘉华测试门店 2/进场/1543624207878.jpg',1,1,'2018-12-01 08:30:08',NULL,NULL,0,5,'2018-12-01 08:30:08',NULL,1,NULL,1,NULL,2,NULL),
(236,'京ADM080','2018-12-01 08:32:22',17,'嘉华测试门店 2/进场/1543624341452.jpg',1,1,'2018-12-01 08:32:21',NULL,NULL,0,5,'2018-12-01 08:32:22',NULL,1,NULL,1,NULL,2,NULL),
(237,'京NN8R16','2018-12-01 08:42:44',17,'嘉华测试门店 2/进场/1543624964039.jpg',1,1,'2018-12-01 08:42:44',NULL,NULL,0,5,'2018-12-01 08:42:44',NULL,1,NULL,1,NULL,2,NULL),
(238,'京JU0609','2018-12-01 08:57:32',17,'嘉华测试门店 2/进场/1543625852388.jpg',1,1,'2018-12-01 08:57:32',NULL,NULL,0,5,'2018-12-01 08:57:32',NULL,1,NULL,1,NULL,2,NULL),
(239,'京AG0632','2018-12-01 08:58:03',17,'嘉华测试门店 2/进场/1543625882592.jpg',1,1,'2018-12-01 08:58:02',NULL,NULL,0,5,'2018-12-01 08:58:03',NULL,1,NULL,1,NULL,2,NULL),
(240,'京GHN809','2018-12-01 08:59:13',17,'嘉华测试门店 2/进场/1543625952847.jpg',1,1,'2018-12-01 08:59:13',NULL,NULL,0,5,'2018-12-01 08:59:13',NULL,1,NULL,1,NULL,2,NULL),
(241,'京N809S9','2018-12-01 09:05:16',17,'嘉华测试门店 2/进场/1543626315705.jpg',1,1,'2018-12-01 09:05:15',NULL,NULL,0,5,'2018-12-01 09:05:16',NULL,1,NULL,1,NULL,2,NULL),
(242,'蒙DPY656','2018-12-01 09:10:25',17,'嘉华测试门店 2/进场/1543626624607.jpg',1,1,'2018-12-01 09:10:24',NULL,NULL,0,5,'2018-12-01 09:10:25',NULL,1,NULL,1,NULL,2,NULL),
(243,'京JZ5270','2018-12-01 09:27:08',17,'嘉华测试门店 2/进场/1543627628241.jpg',1,1,'2018-12-01 09:27:08',NULL,NULL,0,5,'2018-12-01 09:27:08',NULL,1,NULL,1,NULL,2,NULL),
(244,'辽PX8660','2018-12-01 09:30:33',17,'嘉华测试门店 2/进场/1543627833017.jpg',1,1,'2018-12-01 09:30:33',NULL,NULL,0,5,'2018-12-01 09:30:33',NULL,1,NULL,1,NULL,2,NULL),
(245,'京Q613S6','2018-12-01 09:37:39',17,'嘉华测试门店 2/进场/1543628258500.jpg',1,1,'2018-12-01 09:37:38',NULL,NULL,0,5,'2018-12-01 09:37:39',NULL,1,NULL,1,NULL,2,NULL),
(246,'京AD50060','2018-12-01 09:37:51',17,'嘉华测试门店 2/进场/1543628270476.jpg',1,1,'2018-12-01 09:37:50',NULL,NULL,0,5,'2018-12-01 09:37:51',NULL,1,NULL,1,NULL,2,NULL),
(247,'豫QXA790','2018-12-01 09:42:33',17,'嘉华测试门店 2/进场/1543628552821.jpg',1,1,'2018-12-01 09:42:32',NULL,NULL,0,5,'2018-12-01 09:42:33',NULL,1,NULL,1,NULL,2,NULL),
(248,'京LG5373','2018-12-01 09:45:10',17,'嘉华测试门店 2/进场/1543628709853.jpg',1,1,'2018-12-01 09:45:10',NULL,NULL,0,5,'2018-12-01 09:45:10',NULL,1,NULL,1,NULL,2,NULL),
(249,'京PA0X10','2018-12-01 09:49:49',17,'嘉华测试门店 2/进场/1543628988654.jpg',1,1,'2018-12-01 09:49:48',NULL,NULL,0,5,'2018-12-01 09:49:49',NULL,1,NULL,1,NULL,2,NULL),
(250,'京Q89935','2018-12-01 10:02:57',17,'嘉华测试门店 2/进场/1543629777148.jpg',1,1,'2018-12-01 10:02:57',NULL,NULL,0,5,'2018-12-01 10:02:57',NULL,1,NULL,1,NULL,2,NULL),
(251,'京JZ8683','2018-12-01 10:03:37',17,'嘉华测试门店 2/进场/1543629816366.jpg',1,1,'2018-12-01 10:03:36',NULL,NULL,0,5,'2018-12-01 10:03:37',NULL,1,NULL,1,NULL,2,NULL),
(252,'津JVS968','2018-12-01 10:08:14',17,'嘉华测试门店 2/进场/1543630093309.jpg',1,1,'2018-12-01 10:08:13',NULL,NULL,0,5,'2018-12-01 10:08:14',NULL,1,NULL,1,NULL,2,NULL),
(253,'京N5S5Z5','2018-12-01 10:34:39',17,'嘉华测试门店 2/进场/1543631678585.jpg',1,1,'2018-12-01 10:34:39',NULL,NULL,0,5,'2018-12-01 10:34:39',NULL,1,NULL,1,NULL,2,NULL),
(254,'京KAY000','2018-12-01 10:35:24',17,'嘉华测试门店 2/进场/1543631724202.jpg',1,1,'2018-12-01 10:35:24',NULL,NULL,0,5,'2018-12-01 10:35:24',NULL,1,NULL,1,NULL,2,NULL),
(255,'京PP5R30','2018-12-01 10:36:06',17,'嘉华测试门店 2/进场/1543631765769.jpg',1,1,'2018-12-01 10:36:05',NULL,NULL,0,5,'2018-12-01 10:36:06',NULL,1,NULL,1,NULL,2,NULL),
(256,'冀AD166R','2018-12-01 10:38:03',17,'嘉华测试门店 2/进场/1543631883262.jpg',1,1,'2018-12-01 10:38:03',NULL,NULL,0,5,'2018-12-01 10:38:03',NULL,1,NULL,1,NULL,2,NULL),
(257,'京N6XY68','2018-12-01 10:40:25',17,'嘉华测试门店 2/进场/1543632024319.jpg',1,1,'2018-12-01 10:40:24',NULL,NULL,0,5,'2018-12-01 10:40:25',NULL,1,NULL,1,NULL,2,NULL),
(258,'京NSV915','2018-12-01 10:40:51',17,'嘉华测试门店 2/进场/1543632050580.jpg',1,1,'2018-12-01 10:40:50',NULL,NULL,0,5,'2018-12-01 10:40:51',NULL,1,NULL,1,NULL,2,NULL),
(259,'京LN8855','2018-12-01 10:41:13',17,'嘉华测试门店 2/进场/1543632072724.jpg',1,1,'2018-12-01 10:41:13',NULL,NULL,0,5,'2018-12-01 10:41:13',NULL,1,NULL,1,NULL,2,NULL),
(260,'京QZ3Q98','2018-12-01 10:58:50',17,'嘉华测试门店 2/进场/1543633129550.jpg',1,1,'2018-12-01 10:58:49',NULL,NULL,0,5,'2018-12-01 10:58:50',NULL,1,NULL,1,NULL,2,NULL),
(261,'京N1UH17','2018-12-01 11:11:24',17,'嘉华测试门店 2/进场/1543633883189.jpg',1,1,'2018-12-01 11:11:23',NULL,NULL,0,5,'2018-12-01 11:11:24',NULL,1,NULL,1,NULL,2,NULL),
(262,'京ABE903','2018-12-01 11:22:47',17,'嘉华测试门店 2/进场/1543634567106.jpg',1,1,'2018-12-01 11:22:47',NULL,NULL,0,5,'2018-12-01 11:22:47',NULL,1,NULL,1,NULL,2,NULL),
(263,'京NB78U6','2018-12-01 11:31:27',17,'嘉华测试门店 2/进场/1543635087320.jpg',1,1,'2018-12-01 11:31:27',NULL,NULL,0,5,'2018-12-01 11:31:27',NULL,1,NULL,1,NULL,2,NULL),
(264,'京P639N0','2018-12-01 11:40:34',17,'嘉华测试门店 2/进场/1543635633820.jpg',1,1,'2018-12-01 11:40:33',NULL,NULL,0,5,'2018-12-01 11:40:34',NULL,1,NULL,1,NULL,2,NULL),
(265,'冀RH3Z10','2018-12-01 11:42:53',17,'嘉华测试门店 2/进场/1543635773238.jpg',1,1,'2018-12-01 11:42:53',NULL,NULL,0,5,'2018-12-01 11:42:53',NULL,1,NULL,1,NULL,2,NULL),
(266,'皖S8W687','2018-12-01 11:54:43',17,'嘉华测试门店 2/进场/1543636482969.jpg',1,1,'2018-12-01 11:54:43',NULL,NULL,0,5,'2018-12-01 11:54:43',NULL,1,NULL,1,NULL,2,NULL),
(267,'辽NHZ272','2018-12-01 11:57:54',17,'嘉华测试门店 2/进场/1543636673393.jpg',1,1,'2018-12-01 11:57:53',NULL,NULL,0,5,'2018-12-01 11:57:54',NULL,1,NULL,1,NULL,2,NULL),
(268,'冀FLU529','2018-12-01 12:12:06',17,'嘉华测试门店 2/进场/1543637525592.jpg',1,1,'2018-12-01 12:12:05',NULL,NULL,0,5,'2018-12-01 12:12:06',NULL,1,NULL,1,NULL,2,NULL),
(269,'京JBT379','2018-12-01 12:26:38',17,'嘉华测试门店 2/进场/1543638397963.jpg',1,1,'2018-12-01 12:26:38',NULL,NULL,0,5,'2018-12-01 12:26:38',NULL,1,NULL,1,NULL,2,NULL),
(270,'京HS8816','2018-12-01 12:31:35',17,'嘉华测试门店 2/进场/1543638694585.jpg',1,1,'2018-12-01 12:31:34',NULL,NULL,0,5,'2018-12-01 12:31:35',NULL,1,NULL,1,NULL,2,NULL),
(271,'京NQ7375','2018-12-01 12:31:44',17,'嘉华测试门店 2/进场/1543638703987.jpg',1,1,'2018-12-01 12:31:44',NULL,NULL,0,5,'2018-12-01 12:31:44',NULL,1,NULL,1,NULL,2,NULL),
(272,'京NN8679','2018-12-01 12:45:50',17,'嘉华测试门店 2/进场/1543639550081.jpg',1,1,'2018-12-01 12:45:50',NULL,NULL,0,5,'2018-12-01 12:45:50',NULL,1,NULL,1,NULL,2,NULL),
(273,'京Q68XB3','2018-12-01 12:46:42',17,'嘉华测试门店 2/进场/1543639602340.jpg',1,1,'2018-12-01 12:46:42',NULL,NULL,0,5,'2018-12-01 12:46:42',NULL,1,NULL,1,NULL,2,NULL),
(274,'鲁RBB559','2018-12-01 12:48:24',17,'嘉华测试门店 2/进场/1543639703618.jpg',1,1,'2018-12-01 12:48:23',NULL,NULL,0,5,'2018-12-01 12:48:24',NULL,1,NULL,1,NULL,2,NULL),
(275,'京NFG949','2018-12-01 12:49:04',17,'嘉华测试门店 2/进场/1543639744342.jpg',1,1,'2018-12-01 12:49:04',NULL,NULL,0,5,'2018-12-01 12:49:04',NULL,1,NULL,1,NULL,2,NULL),
(276,'京Y33716','2018-12-01 12:49:11',17,'嘉华测试门店 2/进场/1543639750397.jpg',1,1,'2018-12-01 12:49:10',NULL,NULL,0,5,'2018-12-01 12:49:11',NULL,1,NULL,1,NULL,2,NULL),
(277,'京NED328','2018-12-01 12:50:27',17,'嘉华测试门店 2/进场/1543639827291.jpg',1,1,'2018-12-01 12:50:27',NULL,NULL,0,5,'2018-12-01 12:50:27',NULL,1,NULL,1,NULL,2,NULL),
(278,'京N9H619','2018-12-01 13:11:48',17,'嘉华测试门店 2/进场/1543641107486.jpg',1,1,'2018-12-01 13:11:47',NULL,NULL,0,5,'2018-12-01 13:11:48',NULL,1,NULL,1,NULL,2,NULL),
(279,'京ABN773','2018-12-01 13:18:02',17,'嘉华测试门店 2/进场/1543641481873.jpg',1,1,'2018-12-01 13:18:01',NULL,NULL,0,5,'2018-12-01 13:18:02',NULL,1,NULL,1,NULL,2,NULL),
(280,'蒙AG505C','2018-12-01 13:18:19',17,'嘉华测试门店 2/进场/1543641498531.jpg',1,1,'2018-12-01 13:18:18',NULL,NULL,0,5,'2018-12-01 13:18:19',NULL,1,NULL,1,NULL,2,NULL),
(281,'京NJH421','2018-12-01 13:21:03',17,'嘉华测试门店 2/进场/1543641662993.jpg',1,1,'2018-12-01 13:21:03',NULL,NULL,0,5,'2018-12-01 13:21:03',NULL,1,NULL,1,NULL,2,NULL),
(282,'京KAP161','2018-12-01 13:27:32',17,'嘉华测试门店 2/进场/1543642051818.jpg',1,1,'2018-12-01 13:27:31',NULL,NULL,0,5,'2018-12-01 13:27:32',NULL,1,NULL,1,NULL,2,NULL),
(283,'京N1BJ68','2018-12-01 13:40:16',17,'嘉华测试门店 2/进场/1543642815459.jpg',1,1,'2018-12-01 13:40:15',NULL,NULL,0,5,'2018-12-01 13:40:16',NULL,1,NULL,1,NULL,2,NULL),
(284,'京NF5480','2018-12-01 13:44:16',17,'嘉华测试门店 2/进场/1543643055862.jpg',1,1,'2018-12-01 13:44:16',NULL,NULL,0,5,'2018-12-01 13:44:16',NULL,1,NULL,1,NULL,2,NULL),
(285,'京CBF583','2018-12-01 13:44:47',17,'嘉华测试门店 2/进场/1543643086957.jpg',1,1,'2018-12-01 13:44:47',NULL,NULL,0,5,'2018-12-01 13:44:47',NULL,1,NULL,1,NULL,2,NULL),
(286,'京N24E40','2018-12-01 13:47:02',17,'嘉华测试门店 2/进场/1543643221568.jpg',1,1,'2018-12-01 13:47:01',NULL,NULL,0,5,'2018-12-01 13:47:02',NULL,1,NULL,1,NULL,2,NULL),
(287,'京K24001','2018-12-01 13:51:33',17,'嘉华测试门店 2/进场/1543643493029.jpg',1,1,'2018-12-01 13:51:33',NULL,NULL,0,5,'2018-12-01 13:51:33',NULL,1,NULL,1,NULL,2,NULL),
(288,'京Q6S7E2','2018-12-01 13:54:06',17,'嘉华测试门店 2/进场/1543643646331.jpg',1,1,'2018-12-01 13:54:06',NULL,NULL,0,5,'2018-12-01 13:54:06',NULL,1,NULL,1,NULL,2,NULL),
(289,'京NS5Z13','2018-12-01 13:56:11',17,'嘉华测试门店 2/进场/1543643771070.jpg',1,1,'2018-12-01 13:56:11',NULL,NULL,0,5,'2018-12-01 13:56:11',NULL,1,NULL,1,NULL,2,NULL),
(290,'冀E457B0','2018-12-01 13:56:57',17,'嘉华测试门店 2/进场/1543643817016.jpg',1,1,'2018-12-01 13:56:57',NULL,NULL,0,5,'2018-12-01 13:56:57',NULL,1,NULL,1,NULL,2,NULL),
(291,'京PZ6980','2018-12-01 14:02:55',17,'嘉华测试门店 2/进场/1543644175154.jpg',1,1,'2018-12-01 14:02:55',NULL,NULL,0,5,'2018-12-01 14:02:55',NULL,1,NULL,1,NULL,2,NULL),
(292,'晋MQ4948','2018-12-01 14:09:46',17,'嘉华测试门店 2/进场/1543644585617.jpg',1,1,'2018-12-01 14:09:45',NULL,NULL,0,5,'2018-12-01 14:09:46',NULL,1,NULL,1,NULL,2,NULL),
(293,'京JA7210','2018-12-01 14:25:33',17,'嘉华测试门店 2/进场/1543645533136.jpg',1,1,'2018-12-01 14:25:33',NULL,NULL,0,5,'2018-12-01 14:25:33',NULL,1,NULL,1,NULL,2,NULL),
(294,'京BW7799','2018-12-01 14:26:42',17,'嘉华测试门店 2/进场/1543645601927.jpg',1,1,'2018-12-01 14:26:42',NULL,NULL,0,5,'2018-12-01 14:26:42',NULL,1,NULL,1,NULL,2,NULL),
(295,'京NK3Y09','2018-12-01 14:37:09',17,'嘉华测试门店 2/进场/1543646228435.jpg',1,1,'2018-12-01 14:37:08',NULL,NULL,0,5,'2018-12-01 14:37:09',NULL,1,NULL,1,NULL,2,NULL),
(296,'京ND1722','2018-12-01 14:38:50',17,'嘉华测试门店 2/进场/1543646329928.jpg',1,1,'2018-12-01 14:38:50',NULL,NULL,0,5,'2018-12-01 14:38:50',NULL,1,NULL,1,NULL,2,NULL),
(297,'京NUB488','2018-12-01 14:52:54',17,'嘉华测试门店 2/进场/1543647173962.jpg',1,1,'2018-12-01 14:52:54',NULL,NULL,0,5,'2018-12-01 14:52:54',NULL,1,NULL,1,NULL,2,NULL),
(298,'京Q6CK56','2018-12-01 15:01:01',17,'嘉华测试门店 2/进场/1543647660758.jpg',1,1,'2018-12-01 15:01:00',NULL,NULL,0,5,'2018-12-01 15:01:01',NULL,1,NULL,1,NULL,2,NULL),
(299,'京N822D6','2018-12-01 15:01:29',17,'嘉华测试门店 2/进场/1543647689294.jpg',1,1,'2018-12-01 15:01:29',NULL,NULL,0,5,'2018-12-01 15:01:29',NULL,1,NULL,1,NULL,2,NULL),
(300,'京QA92U0','2018-12-01 15:02:33',17,'嘉华测试门店 2/进场/1543647752593.jpg',1,1,'2018-12-01 15:02:32',NULL,NULL,0,5,'2018-12-01 15:02:33',NULL,1,NULL,1,NULL,2,NULL),
(301,'京NL2655','2018-12-01 15:06:26',17,'嘉华测试门店 2/进场/1543647986236.jpg',1,1,'2018-12-01 15:06:26',NULL,NULL,0,5,'2018-12-01 15:06:26',NULL,1,NULL,1,NULL,2,NULL),
(302,'京Q46WJ9','2018-12-01 15:11:24',17,'嘉华测试门店 2/进场/1543648283283.jpg',1,1,'2018-12-01 15:11:23',NULL,NULL,0,5,'2018-12-01 15:11:24',NULL,1,NULL,1,NULL,2,NULL),
(303,'京QF1L85','2018-12-01 15:11:30',17,'嘉华测试门店 2/进场/1543648290455.jpg',1,1,'2018-12-01 15:11:30',NULL,NULL,0,5,'2018-12-01 15:11:30',NULL,1,NULL,1,NULL,2,NULL),
(304,'京NM1A13','2018-12-01 15:23:43',17,'嘉华测试门店 2/进场/1543649022413.jpg',1,1,'2018-12-01 15:23:42',NULL,NULL,0,5,'2018-12-01 15:23:43',NULL,1,NULL,1,NULL,2,NULL),
(305,'京PD0Q71','2018-12-01 15:37:35',17,'嘉华测试门店 2/进场/1543649854636.jpg',1,1,'2018-12-01 15:37:34',NULL,NULL,0,5,'2018-12-01 15:37:35',NULL,1,NULL,1,NULL,2,NULL),
(306,'京N918S7','2018-12-01 15:42:14',17,'嘉华测试门店 2/进场/1543650133904.jpg',1,1,'2018-12-01 15:42:14',NULL,NULL,0,5,'2018-12-01 15:42:14',NULL,1,NULL,1,NULL,2,NULL),
(307,'冀E457B0','2018-12-01 15:43:04',17,'嘉华测试门店 2/进场/1543650183907.jpg',1,1,'2018-12-01 15:43:03',NULL,NULL,0,5,'2018-12-01 15:43:04',NULL,1,NULL,1,NULL,2,NULL),
(308,'京HBD628','2018-12-01 15:52:49',17,'嘉华测试门店 2/进场/1543650768578.jpg',1,1,'2018-12-01 15:52:48',NULL,NULL,0,5,'2018-12-01 15:52:49',NULL,1,NULL,1,NULL,2,NULL),
(309,'京N2KH86','2018-12-01 15:58:01',17,'嘉华测试门店 2/进场/1543651080723.jpg',1,1,'2018-12-01 15:58:00',NULL,NULL,0,5,'2018-12-01 15:58:01',NULL,1,NULL,1,NULL,2,NULL),
(310,'京NB1V81','2018-12-01 16:07:23',17,'嘉华测试门店 2/进场/1543651642480.jpg',1,1,'2018-12-01 16:07:22',NULL,NULL,0,5,'2018-12-01 16:07:23',NULL,1,NULL,1,NULL,2,NULL),
(311,'京FBH927','2018-12-01 16:12:39',17,'嘉华测试门店 2/进场/1543651958991.jpg',1,1,'2018-12-01 16:12:39',NULL,NULL,0,5,'2018-12-01 16:12:39',NULL,1,NULL,1,NULL,2,NULL),
(312,'京Q8S3E0','2018-12-01 16:12:45',17,'嘉华测试门店 2/进场/1543651964555.jpg',1,1,'2018-12-01 16:12:44',NULL,NULL,0,5,'2018-12-01 16:12:45',NULL,1,NULL,1,NULL,2,NULL),
(313,'京QP6651','2018-12-01 16:12:53',17,'嘉华测试门店 2/进场/1543651972532.jpg',1,1,'2018-12-01 16:12:52',NULL,NULL,0,5,'2018-12-01 16:12:53',NULL,1,NULL,1,NULL,2,NULL),
(314,'京QQF696','2018-12-01 16:17:19',17,'嘉华测试门店 2/进场/1543652238919.jpg',1,1,'2018-12-01 16:17:19',NULL,NULL,0,5,'2018-12-01 16:17:19',NULL,1,NULL,1,NULL,2,NULL),
(315,'京HAB618','2018-12-01 16:22:13',17,'嘉华测试门店 2/进场/1543652532640.jpg',1,1,'2018-12-01 16:22:12',NULL,NULL,0,5,'2018-12-01 16:22:13',NULL,1,NULL,1,NULL,2,NULL),
(316,'京EP6166','2018-12-01 16:22:19',17,'嘉华测试门店 2/进场/1543652539197.jpg',1,1,'2018-12-01 16:22:19',NULL,NULL,0,5,'2018-12-01 16:22:19',NULL,1,NULL,1,NULL,2,NULL),
(317,'京NZ12L1','2018-12-01 16:22:37',17,'嘉华测试门店 2/进场/1543652557054.jpg',1,1,'2018-12-01 16:22:37',NULL,NULL,0,5,'2018-12-01 16:22:37',NULL,1,NULL,1,NULL,2,NULL),
(318,'京PET122','2018-12-01 18:16:53',17,'嘉华测试门店 2/进场/1543659412858.jpg',1,1,'2018-12-01 18:16:53',NULL,NULL,0,5,'2018-12-01 18:16:53',NULL,1,NULL,1,NULL,2,NULL),
(319,'京AAS831','2018-12-02 07:37:04',17,'嘉华测试门店 2/进场/1543707423534.jpg',1,1,'2018-12-02 07:37:04',NULL,NULL,0,5,'2018-12-02 07:37:04',NULL,1,NULL,1,NULL,2,NULL),
(320,'京P01122','2018-12-02 07:55:33',17,'嘉华测试门店 2/进场/1543708532398.jpg',1,1,'2018-12-02 07:55:32',NULL,NULL,0,5,'2018-12-02 07:55:33',NULL,1,NULL,1,NULL,2,NULL),
(321,'京QW2P53','2018-12-02 08:22:47',17,'嘉华测试门店 2/进场/1543710166871.jpg',1,1,'2018-12-02 08:22:47',NULL,NULL,0,5,'2018-12-02 08:22:47',NULL,1,NULL,1,NULL,2,NULL),
(322,'京N20MN9','2018-12-02 08:37:43',17,'嘉华测试门店 2/进场/1543711062893.jpg',1,1,'2018-12-02 08:37:43',NULL,NULL,0,5,'2018-12-02 08:37:43',NULL,1,NULL,1,NULL,2,NULL),
(323,'京N218J6','2018-12-02 08:40:58',17,'嘉华测试门店 2/进场/1543711257424.jpg',1,1,'2018-12-02 08:40:57',NULL,NULL,0,5,'2018-12-02 08:40:58',NULL,1,NULL,1,NULL,2,NULL),
(324,'豫A169BK','2018-12-02 08:41:41',17,'嘉华测试门店 2/进场/1543711301247.jpg',1,1,'2018-12-02 08:41:41',NULL,NULL,0,5,'2018-12-02 08:41:41',NULL,1,NULL,1,NULL,2,NULL),
(325,'京QG55H2','2018-12-02 08:53:08',17,'嘉华测试门店 2/进场/1543711987874.jpg',1,1,'2018-12-02 08:53:07',NULL,NULL,0,5,'2018-12-02 08:53:08',NULL,1,NULL,1,NULL,2,NULL),
(326,'京Q3F1E9','2018-12-02 09:12:54',17,'嘉华测试门店 2/进场/1543713173672.jpg',1,1,'2018-12-02 09:12:54',NULL,NULL,0,5,'2018-12-02 09:12:54',NULL,1,NULL,1,NULL,2,NULL),
(327,'京Q0RM90','2018-12-02 09:18:48',17,'嘉华测试门店 2/进场/1543713528107.jpg',1,1,'2018-12-02 09:18:48',NULL,NULL,0,5,'2018-12-02 09:18:48',NULL,1,NULL,1,NULL,2,NULL),
(328,'京PUM611','2018-12-02 09:26:12',17,'嘉华测试门店 2/进场/1543713971450.jpg',1,1,'2018-12-02 09:26:11',NULL,NULL,0,5,'2018-12-02 09:26:12',NULL,1,NULL,1,NULL,2,NULL),
(329,'京N83B90','2018-12-02 09:29:54',17,'嘉华测试门店 2/进场/1543714193884.jpg',1,1,'2018-12-02 09:29:54',NULL,NULL,0,5,'2018-12-02 09:29:54',NULL,1,NULL,1,NULL,2,NULL),
(330,'京KM2711','2018-12-02 09:32:51',17,'嘉华测试门店 2/进场/1543714370765.jpg',1,1,'2018-12-02 09:32:50',NULL,NULL,0,5,'2018-12-02 09:32:51',NULL,1,NULL,1,NULL,2,NULL),
(331,'京N1W867','2018-12-02 09:48:03',17,'嘉华测试门店 2/进场/1543715282491.jpg',1,1,'2018-12-02 09:48:02',NULL,NULL,0,5,'2018-12-02 09:48:03',NULL,1,NULL,1,NULL,2,NULL),
(332,'京NG08R9','2018-12-02 09:52:33',17,'嘉华测试门店 2/进场/1543715552639.jpg',1,1,'2018-12-02 09:52:32',NULL,NULL,0,5,'2018-12-02 09:52:33',NULL,1,NULL,1,NULL,2,NULL),
(333,'京N8BX20','2018-12-02 09:57:52',17,'嘉华测试门店 2/进场/1543715871820.jpg',1,1,'2018-12-02 09:57:51',NULL,NULL,0,5,'2018-12-02 09:57:52',NULL,1,NULL,1,NULL,2,NULL),
(334,'鲁NFG820','2018-12-02 10:08:31',17,'嘉华测试门店 2/进场/1543716511039.jpg',1,1,'2018-12-02 10:08:31',NULL,NULL,0,5,'2018-12-02 10:08:31',NULL,1,NULL,1,NULL,2,NULL),
(335,'京LH9051','2018-12-02 10:09:32',17,'嘉华测试门店 2/进场/1543716571930.jpg',1,1,'2018-12-02 10:09:32',NULL,NULL,0,5,'2018-12-02 10:09:32',NULL,1,NULL,1,NULL,2,NULL),
(336,'京PE2Y06','2018-12-02 10:15:45',17,'嘉华测试门店 2/进场/1543716945161.jpg',1,1,'2018-12-02 10:15:45',NULL,NULL,0,5,'2018-12-02 10:15:45',NULL,1,NULL,1,NULL,2,NULL),
(337,'京Q65ET1','2018-12-02 10:18:35',17,'嘉华测试门店 2/进场/1543717114439.jpg',1,1,'2018-12-02 10:18:34',NULL,NULL,0,5,'2018-12-02 10:18:35',NULL,1,NULL,1,NULL,2,NULL),
(338,'京LD5275','2018-12-02 10:18:46',17,'嘉华测试门店 2/进场/1543717125891.jpg',1,1,'2018-12-02 10:18:45',NULL,NULL,0,5,'2018-12-02 10:18:46',NULL,1,NULL,1,NULL,2,NULL),
(339,'京NCR702','2018-12-02 10:18:51',17,'嘉华测试门店 2/进场/1543717131252.jpg',1,1,'2018-12-02 10:18:51',NULL,NULL,0,5,'2018-12-02 10:18:51',NULL,1,NULL,1,NULL,2,NULL),
(340,'京L06397','2018-12-02 10:19:02',17,'嘉华测试门店 2/进场/1543717142461.jpg',1,1,'2018-12-02 10:19:02',NULL,NULL,0,5,'2018-12-02 10:19:02',NULL,1,NULL,1,NULL,2,NULL),
(341,'京Q1Y7L7','2018-12-02 10:25:13',17,'嘉华测试门店 2/进场/1543717512524.jpg',1,1,'2018-12-02 10:25:12',NULL,NULL,0,5,'2018-12-02 10:25:13',NULL,1,NULL,1,NULL,2,NULL),
(342,'京Q71GQ5','2018-12-02 10:26:22',17,'嘉华测试门店 2/进场/1543717582040.jpg',1,1,'2018-12-02 10:26:22',NULL,NULL,0,5,'2018-12-02 10:26:22',NULL,1,NULL,1,NULL,2,NULL),
(343,'京Q97FY8','2018-12-02 10:26:33',17,'嘉华测试门店 2/进场/1543717592970.jpg',1,1,'2018-12-02 10:26:33',NULL,NULL,0,5,'2018-12-02 10:26:33',NULL,1,NULL,1,NULL,2,NULL),
(344,'冀F621GR','2018-12-02 10:28:08',17,'嘉华测试门店 2/进场/1543717687546.jpg',1,1,'2018-12-02 10:28:08',NULL,NULL,0,5,'2018-12-02 10:28:08',NULL,1,NULL,1,NULL,2,NULL),
(345,'晋M96A62','2018-12-02 10:28:18',17,'嘉华测试门店 2/进场/1543717697346.jpg',1,1,'2018-12-02 10:28:17',NULL,NULL,0,5,'2018-12-02 10:28:18',NULL,1,NULL,1,NULL,2,NULL),
(346,'京N6JE59','2018-12-02 10:34:41',17,'嘉华测试门店 2/进场/1543718080331.jpg',1,1,'2018-12-02 10:34:40',NULL,NULL,0,5,'2018-12-02 10:34:41',NULL,1,NULL,1,NULL,2,NULL),
(347,'京N1FN39','2018-12-02 10:35:08',17,'嘉华测试门店 2/进场/1543718108004.jpg',1,1,'2018-12-02 10:35:08',NULL,NULL,0,5,'2018-12-02 10:35:08',NULL,1,NULL,1,NULL,2,NULL),
(348,'京FT3565','2018-12-02 10:56:14',17,'嘉华测试门店 2/进场/1543719374264.jpg',1,1,'2018-12-02 10:56:14',NULL,NULL,0,5,'2018-12-02 10:56:14',NULL,1,NULL,1,NULL,2,NULL),
(349,'京MU97D0','2018-12-02 10:56:20',17,'嘉华测试门店 2/进场/1543719379460.jpg',1,1,'2018-12-02 10:56:19',NULL,NULL,0,5,'2018-12-02 10:56:20',NULL,1,NULL,1,NULL,2,NULL),
(350,'川AAX875','2018-12-02 10:57:43',17,'嘉华测试门店 2/进场/1543719462341.jpg',1,1,'2018-12-02 10:57:42',NULL,NULL,0,5,'2018-12-02 10:57:43',NULL,1,NULL,1,NULL,2,NULL),
(351,'京QE8N78','2018-12-02 11:07:22',17,'嘉华测试门店 2/进场/1543720041733.jpg',1,1,'2018-12-02 11:07:22',NULL,NULL,0,5,'2018-12-02 11:07:22',NULL,1,NULL,1,NULL,2,NULL),
(352,'京Q32PN1','2018-12-02 11:13:30',17,'嘉华测试门店 2/进场/1543720409480.jpg',1,1,'2018-12-02 11:13:29',NULL,NULL,0,5,'2018-12-02 11:13:30',NULL,1,NULL,1,NULL,2,NULL),
(353,'冀CBA389','2018-12-02 11:17:15',17,'嘉华测试门店 2/进场/1543720634111.jpg',1,1,'2018-12-02 11:17:14',NULL,NULL,0,5,'2018-12-02 11:17:15',NULL,1,NULL,1,NULL,2,NULL),
(354,'京LFF273','2018-12-02 11:33:00',17,'嘉华测试门店 2/进场/1543721579984.jpg',1,1,'2018-12-02 11:33:00',NULL,NULL,0,5,'2018-12-02 11:33:00',NULL,1,NULL,1,NULL,2,NULL),
(355,'京NWL576','2018-12-02 11:33:56',17,'嘉华测试门店 2/进场/1543721636095.jpg',1,1,'2018-12-02 11:33:56',NULL,NULL,0,5,'2018-12-02 11:33:56',NULL,1,NULL,1,NULL,2,NULL),
(356,'京NAA808','2018-12-02 11:45:41',17,'嘉华测试门店 2/进场/1543722340207.jpg',1,1,'2018-12-02 11:45:40',NULL,NULL,0,5,'2018-12-02 11:45:41',NULL,1,NULL,1,NULL,2,NULL),
(357,'冀D772D1','2018-12-02 11:50:59',17,'嘉华测试门店 2/进场/1543722658420.jpg',1,1,'2018-12-02 11:50:58',NULL,NULL,0,5,'2018-12-02 11:50:59',NULL,1,NULL,1,NULL,2,NULL),
(358,'京NCE575','2018-12-02 11:54:13',17,'嘉华测试门店 2/进场/1543722852489.jpg',1,1,'2018-12-02 11:54:12',NULL,NULL,0,5,'2018-12-02 11:54:13',NULL,1,NULL,1,NULL,2,NULL),
(359,'冀T18Q83','2018-12-02 11:56:47',17,'嘉华测试门店 2/进场/1543723006970.jpg',1,1,'2018-12-02 11:56:47',NULL,NULL,0,5,'2018-12-02 11:56:47',NULL,1,NULL,1,NULL,2,NULL),
(360,'京Q93JL5','2018-12-02 11:56:53',17,'嘉华测试门店 2/进场/1543723013147.jpg',1,1,'2018-12-02 11:56:53',NULL,NULL,0,5,'2018-12-02 11:56:53',NULL,1,NULL,1,NULL,2,NULL),
(361,'京LS1850','2018-12-02 12:12:46',17,'嘉华测试门店 2/进场/1543723965644.jpg',1,1,'2018-12-02 12:12:45',NULL,NULL,0,5,'2018-12-02 12:12:46',NULL,1,NULL,1,NULL,2,NULL),
(362,'京N59480','2018-12-02 12:14:01',17,'嘉华测试门店 2/进场/1543724040938.jpg',1,1,'2018-12-02 12:14:01',NULL,NULL,0,5,'2018-12-02 12:14:01',NULL,1,NULL,1,NULL,2,NULL),
(363,'京PJ7063','2018-12-02 12:14:09',17,'嘉华测试门店 2/进场/1543724048838.jpg',1,1,'2018-12-02 12:14:08',NULL,NULL,0,5,'2018-12-02 12:14:09',NULL,1,NULL,1,NULL,2,NULL),
(364,'京ND3D03','2018-12-02 12:15:06',17,'嘉华测试门店 2/进场/1543724106108.jpg',1,1,'2018-12-02 12:15:06',NULL,NULL,0,5,'2018-12-02 12:15:06',NULL,1,NULL,1,NULL,2,NULL),
(365,'京N62F31','2018-12-02 12:15:17',17,'嘉华测试门店 2/进场/1543724117417.jpg',1,1,'2018-12-02 12:15:17',NULL,NULL,0,5,'2018-12-02 12:15:17',NULL,1,NULL,1,NULL,2,NULL),
(366,'津HW6736','2018-12-02 12:17:03',17,'嘉华测试门店 2/进场/1543724223192.jpg',1,1,'2018-12-02 12:17:03',NULL,NULL,0,5,'2018-12-02 12:17:03',NULL,1,NULL,1,NULL,2,NULL),
(367,'京JBN512','2018-12-02 12:21:22',17,'嘉华测试门店 2/进场/1543724481631.jpg',1,1,'2018-12-02 12:21:21',NULL,NULL,0,5,'2018-12-02 12:21:22',NULL,1,NULL,1,NULL,2,NULL),
(368,'京KFE075','2018-12-02 12:25:40',17,'嘉华测试门店 2/进场/1543724739446.jpg',1,1,'2018-12-02 12:25:39',NULL,NULL,0,5,'2018-12-02 12:25:40',NULL,1,NULL,1,NULL,2,NULL),
(369,'京NK2989','2018-12-02 13:14:09',17,'嘉华测试门店 2/进场/1543727648250.jpg',1,1,'2018-12-02 13:14:08',NULL,NULL,0,5,'2018-12-02 13:14:09',NULL,1,NULL,1,NULL,2,NULL),
(370,'京Q58EJ9','2018-12-02 13:20:32',17,'嘉华测试门店 2/进场/1543728031118.jpg',1,1,'2018-12-02 13:20:31',NULL,NULL,0,5,'2018-12-02 13:20:32',NULL,1,NULL,1,NULL,2,NULL),
(371,'京MK7186','2018-12-02 13:23:52',17,'嘉华测试门店 2/进场/1543728231600.jpg',1,1,'2018-12-02 13:23:51',NULL,NULL,0,5,'2018-12-02 13:23:52',NULL,1,NULL,1,NULL,2,NULL),
(372,'晋ALN950','2018-12-02 13:24:16',17,'嘉华测试门店 2/进场/1543728255663.jpg',1,1,'2018-12-02 13:24:15',NULL,NULL,0,5,'2018-12-02 13:24:16',NULL,1,NULL,1,NULL,2,NULL),
(373,'京PR1E77','2018-12-02 13:27:42',17,'嘉华测试门店 2/进场/1543728461894.jpg',1,1,'2018-12-02 13:27:42',NULL,NULL,0,5,'2018-12-02 13:27:42',NULL,1,NULL,1,NULL,2,NULL),
(374,'京ER9748','2018-12-02 13:28:34',17,'嘉华测试门店 2/进场/1543728513862.jpg',1,1,'2018-12-02 13:28:33',NULL,NULL,0,5,'2018-12-02 13:28:34',NULL,1,NULL,1,NULL,2,NULL),
(375,'京N1JS25','2018-12-02 13:30:14',17,'嘉华测试门店 2/进场/1543728613595.jpg',1,1,'2018-12-02 13:30:14',NULL,NULL,0,5,'2018-12-02 13:30:14',NULL,1,NULL,1,NULL,2,NULL),
(376,'京QB9D10','2018-12-02 13:30:18',17,'嘉华测试门店 2/进场/1543728617958.jpg',1,1,'2018-12-02 13:30:18',NULL,NULL,0,5,'2018-12-02 13:30:18',NULL,1,NULL,1,NULL,2,NULL),
(377,'京LH9051','2018-12-02 13:34:22',17,'嘉华测试门店 2/进场/1543728861416.jpg',1,1,'2018-12-02 13:34:21',NULL,NULL,0,5,'2018-12-02 13:34:22',NULL,1,NULL,1,NULL,2,NULL),
(378,'鲁NE29B8','2018-12-02 13:37:14',17,'嘉华测试门店 2/进场/1543729034247.jpg',1,1,'2018-12-02 13:37:14',NULL,NULL,0,5,'2018-12-02 13:37:14',NULL,1,NULL,1,NULL,2,NULL),
(379,'京N82K30','2018-12-02 13:43:08',17,'嘉华测试门店 2/进场/1543729388092.jpg',1,1,'2018-12-02 13:43:08',NULL,NULL,0,5,'2018-12-02 13:43:08',NULL,1,NULL,1,NULL,2,NULL),
(380,'京N06YT8','2018-12-02 13:43:39',17,'嘉华测试门店 2/进场/1543729418081.jpg',1,1,'2018-12-02 13:43:38',NULL,NULL,0,5,'2018-12-02 13:43:39',NULL,1,NULL,1,NULL,2,NULL),
(381,'京Q7XY75','2018-12-02 13:49:48',17,'嘉华测试门店 2/进场/1543729787854.jpg',1,1,'2018-12-02 13:49:47',NULL,NULL,0,5,'2018-12-02 13:49:48',NULL,1,NULL,1,NULL,2,NULL),
(382,'京PM3862','2018-12-02 13:49:53',17,'嘉华测试门店 2/进场/1543729792943.jpg',1,1,'2018-12-02 13:49:53',NULL,NULL,0,5,'2018-12-02 13:49:53',NULL,1,NULL,1,NULL,2,NULL),
(383,'京Q6CK56','2018-12-02 13:54:55',17,'嘉华测试门店 2/进场/1543730095004.jpg',1,1,'2018-12-02 13:54:55',NULL,NULL,0,5,'2018-12-02 13:54:55',NULL,1,NULL,1,NULL,2,NULL),
(384,'京QE8N78','2018-12-02 13:55:59',17,'嘉华测试门店 2/进场/1543730158510.jpg',1,1,'2018-12-02 13:55:58',NULL,NULL,0,5,'2018-12-02 13:55:59',NULL,1,NULL,1,NULL,2,NULL),
(385,'京N76P76','2018-12-02 13:56:58',17,'嘉华测试门店 2/进场/1543730218156.jpg',1,1,'2018-12-02 13:56:58',NULL,NULL,0,5,'2018-12-02 13:56:58',NULL,1,NULL,1,NULL,2,NULL),
(386,'京QH6K68','2018-12-02 14:03:15',17,'嘉华测试门店 2/进场/1543730594781.jpg',1,1,'2018-12-02 14:03:14',NULL,NULL,0,5,'2018-12-02 14:03:15',NULL,1,NULL,1,NULL,2,NULL),
(387,'京AD69181','2018-12-02 14:12:32',17,'嘉华测试门店 2/进场/1543731151783.jpg',1,1,'2018-12-02 14:12:31',NULL,NULL,0,5,'2018-12-02 14:12:32',NULL,1,NULL,1,NULL,2,NULL),
(388,'京NGD268','2018-12-02 14:29:46',17,'嘉华测试门店 2/进场/1543732185664.jpg',1,1,'2018-12-02 14:29:46',NULL,NULL,0,5,'2018-12-02 14:29:46',NULL,1,NULL,1,NULL,2,NULL),
(389,'京CBU822','2018-12-02 14:41:28',17,'嘉华测试门店 2/进场/1543732888229.jpg',1,1,'2018-12-02 14:41:28',NULL,NULL,0,5,'2018-12-02 14:41:28',NULL,1,NULL,1,NULL,2,NULL),
(390,'京F76866','2018-12-02 14:42:22',17,'嘉华测试门店 2/进场/1543732941492.jpg',1,1,'2018-12-02 14:42:21',NULL,NULL,0,5,'2018-12-02 14:42:22',NULL,1,NULL,1,NULL,2,NULL),
(391,'京NRA630','2018-12-02 14:44:58',17,'嘉华测试门店 2/进场/1543733097969.jpg',1,1,'2018-12-02 14:44:58',NULL,NULL,0,5,'2018-12-02 14:44:58',NULL,1,NULL,1,NULL,2,NULL),
(392,'冀D277M0','2018-12-02 14:55:18',17,'嘉华测试门店 2/进场/1543733717577.jpg',1,1,'2018-12-02 14:55:17',NULL,NULL,0,5,'2018-12-02 14:55:18',NULL,1,NULL,1,NULL,2,NULL),
(393,'京FAP268','2018-12-02 14:55:54',17,'嘉华测试门店 2/进场/1543733754026.jpg',1,1,'2018-12-02 14:55:54',NULL,NULL,0,5,'2018-12-02 14:55:54',NULL,1,NULL,1,NULL,2,NULL),
(394,'京N968U7','2018-12-02 15:03:24',17,'嘉华测试门店 2/进场/1543734204169.jpg',1,1,'2018-12-02 15:03:24',NULL,NULL,0,5,'2018-12-02 15:03:24',NULL,1,NULL,1,NULL,2,NULL),
(395,'京QZ1P20','2018-12-02 15:04:20',17,'嘉华测试门店 2/进场/1543734260103.jpg',1,1,'2018-12-02 15:04:20',NULL,NULL,0,5,'2018-12-02 15:04:20',NULL,1,NULL,1,NULL,2,NULL),
(396,'冀DY169U','2018-12-02 15:14:07',17,'嘉华测试门店 2/进场/1543734846806.jpg',1,1,'2018-12-02 15:14:07',NULL,NULL,0,5,'2018-12-02 15:14:07',NULL,1,NULL,1,NULL,2,NULL),
(397,'京PP5K80','2018-12-02 15:29:38',17,'嘉华测试门店 2/进场/1543735777693.jpg',1,1,'2018-12-02 15:29:37',NULL,NULL,0,5,'2018-12-02 15:29:38',NULL,1,NULL,1,NULL,2,NULL),
(398,'冀B9Q7C7','2018-12-02 15:33:58',17,'嘉华测试门店 2/进场/1543736037577.jpg',1,1,'2018-12-02 15:33:57',NULL,NULL,0,5,'2018-12-02 15:33:58',NULL,1,NULL,1,NULL,2,NULL),
(399,'鲁AN25R9','2018-12-02 15:36:44',17,'嘉华测试门店 2/进场/1543736203625.jpg',1,1,'2018-12-02 15:36:43',NULL,NULL,0,5,'2018-12-02 15:36:44',NULL,1,NULL,1,NULL,2,NULL),
(400,'京N0ZM12','2018-12-02 15:46:50',17,'嘉华测试门店 2/进场/1543736809963.jpg',1,1,'2018-12-02 15:46:50',NULL,NULL,0,5,'2018-12-02 15:46:50',NULL,1,NULL,1,NULL,2,NULL),
(401,'京Q3F050','2018-12-02 15:59:51',17,'嘉华测试门店 2/进场/1543737590681.jpg',1,1,'2018-12-02 15:59:50',NULL,NULL,0,5,'2018-12-02 15:59:51',NULL,1,NULL,1,NULL,2,NULL),
(402,'京NH60H3','2018-12-02 16:02:30',17,'嘉华测试门店 2/进场/1543737750064.jpg',1,1,'2018-12-02 16:02:30',NULL,NULL,0,5,'2018-12-02 16:02:30',NULL,1,NULL,1,NULL,2,NULL),
(403,'京NN3Z62','2018-12-02 16:03:00',17,'嘉华测试门店 2/进场/1543737779901.jpg',1,1,'2018-12-02 16:02:59',NULL,NULL,0,5,'2018-12-02 16:03:00',NULL,1,NULL,1,NULL,2,NULL),
(404,'京Q0R089','2018-12-02 16:16:02',17,'嘉华测试门店 2/进场/1543738562274.jpg',1,1,'2018-12-02 16:16:02',NULL,NULL,0,5,'2018-12-02 16:16:02',NULL,1,NULL,1,NULL,2,NULL),
(405,'京Q69LP9','2018-12-02 16:16:32',17,'嘉华测试门店 2/进场/1543738591510.jpg',1,1,'2018-12-02 16:16:31',NULL,NULL,0,5,'2018-12-02 16:16:32',NULL,1,NULL,1,NULL,2,NULL),
(406,'京Q98ES2','2018-12-02 16:30:54',17,'嘉华测试门店 2/进场/1543739454005.jpg',1,1,'2018-12-02 16:30:54',NULL,NULL,0,5,'2018-12-02 16:30:54',NULL,1,NULL,1,NULL,2,NULL),
(407,'京N514X6','2018-12-02 16:51:52',17,'嘉华测试门店 2/进场/1543740712244.jpg',1,1,'2018-12-02 16:51:52',NULL,NULL,0,5,'2018-12-02 16:51:52',NULL,1,NULL,1,NULL,2,NULL),
(408,'京PLP957','2018-12-02 17:04:27',17,'嘉华测试门店 2/进场/1543741466541.jpg',1,1,'2018-12-02 17:04:26',NULL,NULL,0,5,'2018-12-02 17:04:27',NULL,1,NULL,1,NULL,2,NULL),
(409,'冀R3R0D9','2018-12-02 17:37:42',17,'嘉华测试门店 2/进场/1543743461635.jpg',1,1,'2018-12-02 17:37:41',NULL,NULL,0,5,'2018-12-02 17:37:42',NULL,1,NULL,1,NULL,2,NULL),
(410,'京Q5U9J8','2018-12-02 18:53:18',17,'嘉华测试门店 2/进场/1543747997139.jpg',1,1,'2018-12-02 18:53:17',NULL,NULL,0,5,'2018-12-02 18:53:18',NULL,1,NULL,1,NULL,2,NULL),
(411,'京N2D678','2018-12-02 18:59:42',17,'嘉华测试门店 2/进场/1543748381120.jpg',1,1,'2018-12-02 18:59:41',NULL,NULL,0,5,'2018-12-02 18:59:42',NULL,1,NULL,1,NULL,2,NULL),
(412,'京P9WQ57','2018-12-02 19:26:00',17,'嘉华测试门店 2/进场/1543749959310.jpg',1,1,'2018-12-02 19:25:59',NULL,NULL,0,5,'2018-12-02 19:26:00',NULL,1,NULL,1,NULL,2,NULL),
(413,'京N7HZ08','2018-12-03 07:50:45',17,'嘉华测试门店 2/进场/1543794644967.jpg',1,1,'2018-12-03 07:50:45',NULL,NULL,0,5,'2018-12-03 07:50:45',NULL,1,NULL,1,NULL,2,NULL),
(414,'京ADR252','2018-12-03 07:59:45',17,'嘉华测试门店 2/进场/1543795184637.jpg',1,1,'2018-12-03 07:59:44',NULL,NULL,0,5,'2018-12-03 07:59:45',NULL,1,NULL,1,NULL,2,NULL),
(415,'豫QD1054','2018-12-03 08:14:48',17,'嘉华测试门店 2/进场/1543796087474.jpg',1,1,'2018-12-03 08:14:47',NULL,NULL,0,5,'2018-12-03 08:14:48',NULL,1,NULL,1,NULL,2,NULL),
(416,'京M58113','2018-12-03 08:17:34',17,'嘉华测试门店 2/进场/1543796253675.jpg',1,1,'2018-12-03 08:17:33',NULL,NULL,0,5,'2018-12-03 08:17:34',NULL,1,NULL,1,NULL,2,NULL),
(417,'京NJ9346','2018-12-03 08:23:38',17,'嘉华测试门店 2/进场/1543796617135.jpg',1,1,'2018-12-03 08:23:37',NULL,NULL,0,5,'2018-12-03 08:23:38',NULL,1,NULL,1,NULL,2,NULL),
(418,'京NW8126','2018-12-03 08:35:56',17,'嘉华测试门店 2/进场/1543797356173.jpg',1,1,'2018-12-03 08:35:56',NULL,NULL,0,5,'2018-12-03 08:35:56',NULL,1,NULL,1,NULL,2,NULL),
(419,'京N809S9','2018-12-03 08:47:52',17,'嘉华测试门店 2/进场/1543798071728.jpg',1,1,'2018-12-03 08:47:51',NULL,NULL,0,5,'2018-12-03 08:47:52',NULL,1,NULL,1,NULL,2,NULL),
(420,'京FV2068','2018-12-03 08:49:22',17,'嘉华测试门店 2/进场/1543798161352.jpg',1,1,'2018-12-03 08:49:21',NULL,NULL,0,5,'2018-12-03 08:49:22',NULL,1,NULL,1,NULL,2,NULL),
(421,'京NGA520','2018-12-03 09:01:52',17,'嘉华测试门店 2/进场/1543798912175.jpg',1,1,'2018-12-03 09:01:52',NULL,NULL,0,5,'2018-12-03 09:01:52',NULL,1,NULL,1,NULL,2,NULL),
(422,'京N830H1','2018-12-03 09:21:12',17,'嘉华测试门店 2/进场/1543800071896.jpg',1,1,'2018-12-03 09:21:12',NULL,NULL,0,5,'2018-12-03 09:21:12',NULL,1,NULL,1,NULL,2,NULL),
(423,'京BQ1267','2018-12-03 09:27:07',17,'嘉华测试门店 2/进场/1543800426357.jpg',1,1,'2018-12-03 09:27:06',NULL,NULL,0,5,'2018-12-03 09:27:07',NULL,1,NULL,1,NULL,2,NULL),
(424,'京C41126','2018-12-03 09:40:24',17,'嘉华测试门店 2/进场/1543801223414.jpg',1,1,'2018-12-03 09:40:23',NULL,NULL,0,5,'2018-12-03 09:40:24',NULL,1,NULL,1,NULL,2,NULL),
(425,'京EF9259','2018-12-03 09:40:34',17,'嘉华测试门店 2/进场/1543801234104.jpg',1,1,'2018-12-03 09:40:34',NULL,NULL,0,5,'2018-12-03 09:40:34',NULL,1,NULL,1,NULL,2,NULL),
(426,'京LBB779','2018-12-03 09:40:37',17,'嘉华测试门店 2/进场/1543801237090.jpg',1,1,'2018-12-03 09:40:37',NULL,NULL,0,5,'2018-12-03 09:40:37',NULL,1,NULL,1,NULL,2,NULL),
(427,'京N915M1','2018-12-03 09:42:48',17,'嘉华测试门店 2/进场/1543801367680.jpg',1,1,'2018-12-03 09:42:47',NULL,NULL,0,5,'2018-12-03 09:42:48',NULL,1,NULL,1,NULL,2,NULL),
(428,'京FD1639','2018-12-03 09:43:51',17,'嘉华测试门店 2/进场/1543801429978.jpg',1,1,'2018-12-03 09:43:50',NULL,NULL,0,5,'2018-12-03 09:43:51',NULL,1,NULL,1,NULL,2,NULL),
(429,'京CDS129','2018-12-03 09:46:56',17,'嘉华测试门店 2/进场/1543801616356.jpg',1,1,'2018-12-03 09:46:56',NULL,NULL,0,5,'2018-12-03 09:46:56',NULL,1,NULL,1,NULL,2,NULL),
(430,'京J49593','2018-12-03 09:50:38',17,'嘉华测试门店 2/进场/1543801837674.jpg',1,1,'2018-12-03 09:50:38',NULL,NULL,0,5,'2018-12-03 09:50:38',NULL,1,NULL,1,NULL,2,NULL),
(431,'京N250N9','2018-12-03 09:50:56',17,'嘉华测试门店 2/进场/1543801856292.jpg',1,1,'2018-12-03 09:50:56',NULL,NULL,0,5,'2018-12-03 09:50:56',NULL,1,NULL,1,NULL,2,NULL),
(432,'冀R77756','2018-12-03 09:59:14',17,'嘉华测试门店 2/进场/1543802353454.jpg',1,1,'2018-12-03 09:59:13',NULL,NULL,0,5,'2018-12-03 09:59:14',NULL,1,NULL,1,NULL,2,NULL),
(433,'京P05K97','2018-12-03 10:02:16',17,'嘉华测试门店 2/进场/1543802536048.jpg',1,1,'2018-12-03 10:02:16',NULL,NULL,0,5,'2018-12-03 10:02:16',NULL,1,NULL,1,NULL,2,NULL),
(434,'京N82Q83','2018-12-03 10:05:02',17,'嘉华测试门店 2/进场/1543802701812.jpg',1,1,'2018-12-03 10:05:01',NULL,NULL,0,5,'2018-12-03 10:05:02',NULL,1,NULL,1,NULL,2,NULL),
(435,'京BR5055','2018-12-03 10:06:03',17,'嘉华测试门店 2/进场/1543802762989.jpg',1,1,'2018-12-03 10:06:03',NULL,NULL,0,5,'2018-12-03 10:06:03',NULL,1,NULL,1,NULL,2,NULL),
(436,'京PP5K80','2018-12-03 10:17:39',17,'嘉华测试门店 2/进场/1543803459402.jpg',1,1,'2018-12-03 10:17:39',NULL,NULL,0,5,'2018-12-03 10:17:39',NULL,1,NULL,1,NULL,2,NULL),
(437,'京Q5ZL29','2018-12-03 10:21:15',17,'嘉华测试门店 2/进场/1543803674224.jpg',1,1,'2018-12-03 10:21:14',NULL,NULL,0,5,'2018-12-03 10:21:15',NULL,1,NULL,1,NULL,2,NULL),
(438,'津JVS968','2018-12-03 10:27:40',17,'嘉华测试门店 2/进场/1543804060065.jpg',1,1,'2018-12-03 10:27:40',NULL,NULL,0,5,'2018-12-03 10:27:40',NULL,1,NULL,1,NULL,2,NULL),
(439,'京N4Z587','2018-12-03 10:34:43',17,'嘉华测试门店 2/进场/1543804482678.jpg',1,1,'2018-12-03 10:34:42',NULL,NULL,0,5,'2018-12-03 10:34:43',NULL,1,NULL,1,NULL,2,NULL),
(440,'京Q5S6F0','2018-12-03 10:36:05',17,'嘉华测试门店 2/进场/1543804564776.jpg',1,1,'2018-12-03 10:36:05',NULL,NULL,0,5,'2018-12-03 10:36:05',NULL,1,NULL,1,NULL,2,NULL),
(441,'京QR59U5','2018-12-03 10:39:43',17,'嘉华测试门店 2/进场/1543804782977.jpg',1,1,'2018-12-03 10:39:43',NULL,NULL,0,5,'2018-12-03 10:39:43',NULL,1,NULL,1,NULL,2,NULL),
(442,'京GXP820','2018-12-03 10:39:56',17,'嘉华测试门店 2/进场/1543804796405.jpg',1,1,'2018-12-03 10:39:56',NULL,NULL,0,5,'2018-12-03 10:39:56',NULL,1,NULL,1,NULL,2,NULL),
(443,'京P5EX21','2018-12-03 10:42:02',17,'嘉华测试门店 2/进场/1543804921294.jpg',1,1,'2018-12-03 10:42:01',NULL,NULL,0,5,'2018-12-03 10:42:02',NULL,1,NULL,1,NULL,2,NULL),
(444,'京FP2608','2018-12-03 10:43:55',17,'嘉华测试门店 2/进场/1543805034058.jpg',1,1,'2018-12-03 10:43:54',NULL,NULL,0,5,'2018-12-03 10:43:55',NULL,1,NULL,1,NULL,2,NULL),
(445,'津QX3350','2018-12-03 10:47:39',17,'嘉华测试门店 2/进场/1543805258846.jpg',1,1,'2018-12-03 10:47:38',NULL,NULL,0,5,'2018-12-03 10:47:39',NULL,1,NULL,1,NULL,2,NULL),
(446,'京Q89BK9','2018-12-03 10:55:37',17,'嘉华测试门店 2/进场/1543805736516.jpg',1,1,'2018-12-03 10:55:36',NULL,NULL,0,5,'2018-12-03 10:55:37',NULL,1,NULL,1,NULL,2,NULL),
(447,'京NTP357','2018-12-03 10:59:52',17,'嘉华测试门店 2/进场/1543805992028.jpg',1,1,'2018-12-03 10:59:52',NULL,NULL,0,5,'2018-12-03 10:59:52',NULL,1,NULL,1,NULL,2,NULL),
(448,'京PS5H31','2018-12-03 11:00:29',17,'嘉华测试门店 2/进场/1543806029292.jpg',1,1,'2018-12-03 11:00:29',NULL,NULL,0,5,'2018-12-03 11:00:29',NULL,1,NULL,1,NULL,2,NULL),
(449,'冀DY169U','2018-12-03 11:08:08',17,'嘉华测试门店 2/进场/1543806487048.jpg',1,1,'2018-12-03 11:08:07',NULL,NULL,0,5,'2018-12-03 11:08:08',NULL,1,NULL,1,NULL,2,NULL),
(450,'京Q46WJ9','2018-12-03 11:11:47',17,'嘉华测试门店 2/进场/1543806706519.jpg',1,1,'2018-12-03 11:11:46',NULL,NULL,0,5,'2018-12-03 11:11:47',NULL,1,NULL,1,NULL,2,NULL),
(451,'冀R1P9H1','2018-12-03 11:17:18',17,'嘉华测试门店 2/进场/1543807037834.jpg',1,1,'2018-12-03 11:17:18',NULL,NULL,0,5,'2018-12-03 11:17:18',NULL,1,NULL,1,NULL,2,NULL),
(452,'京NMU955','2018-12-03 11:17:30',17,'嘉华测试门店 2/进场/1543807049076.jpg',1,1,'2018-12-03 11:17:29',NULL,NULL,0,5,'2018-12-03 11:17:30',NULL,1,NULL,1,NULL,2,NULL),
(453,'京NY4469','2018-12-03 11:18:53',17,'嘉华测试门店 2/进场/1543807133224.jpg',1,1,'2018-12-03 11:18:53',NULL,NULL,0,5,'2018-12-03 11:18:53',NULL,1,NULL,1,NULL,2,NULL),
(454,'京NL9843','2018-12-03 11:25:20',17,'嘉华测试门店 2/进场/1543807519690.jpg',1,1,'2018-12-03 11:25:19',NULL,NULL,0,5,'2018-12-03 11:25:20',NULL,1,NULL,1,NULL,2,NULL),
(455,'京P10L60','2018-12-03 11:25:43',17,'嘉华测试门店 2/进场/1543807542820.jpg',1,1,'2018-12-03 11:25:43',NULL,NULL,0,5,'2018-12-03 11:25:43',NULL,1,NULL,1,NULL,2,NULL),
(456,'京PRM925','2018-12-03 11:47:58',17,'嘉华测试门店 2/进场/1543808878016.jpg',1,1,'2018-12-03 11:47:58',NULL,NULL,0,5,'2018-12-03 11:47:58',NULL,1,NULL,1,NULL,2,NULL),
(457,'京KFE075','2018-12-03 12:06:51',17,'嘉华测试门店 2/进场/1543810011090.jpg',1,1,'2018-12-03 12:06:51',NULL,NULL,0,5,'2018-12-03 12:06:51',NULL,1,NULL,1,NULL,2,NULL),
(458,'鄂A782KP','2018-12-03 12:11:35',17,'嘉华测试门店 2/进场/1543810294680.jpg',1,1,'2018-12-03 12:11:35',NULL,NULL,0,5,'2018-12-03 12:11:35',NULL,1,NULL,1,NULL,2,NULL),
(459,'京N815D8','2018-12-03 12:13:23',17,'嘉华测试门店 2/进场/1543810403342.jpg',1,1,'2018-12-03 12:13:23',NULL,NULL,0,5,'2018-12-03 12:13:23',NULL,1,NULL,1,NULL,2,NULL),
(460,'京NGA520','2018-12-03 12:13:53',17,'嘉华测试门店 2/进场/1543810432791.jpg',1,1,'2018-12-03 12:13:52',NULL,NULL,0,5,'2018-12-03 12:13:53',NULL,1,NULL,1,NULL,2,NULL),
(461,'京E47955','2018-12-03 12:17:27',17,'嘉华测试门店 2/进场/1543810647047.jpg',1,1,'2018-12-03 12:17:27',NULL,NULL,0,5,'2018-12-03 12:17:27',NULL,1,NULL,1,NULL,2,NULL),
(462,'冀TC0P23','2018-12-03 12:18:37',17,'嘉华测试门店 2/进场/1543810717227.jpg',1,1,'2018-12-03 12:18:37',NULL,NULL,0,5,'2018-12-03 12:18:37',NULL,1,NULL,1,NULL,2,NULL),
(463,'京Q0R089','2018-12-03 12:20:28',17,'嘉华测试门店 2/进场/1543810827600.jpg',1,1,'2018-12-03 12:20:27',NULL,NULL,0,5,'2018-12-03 12:20:28',NULL,1,NULL,1,NULL,2,NULL),
(464,'京Q6CK56','2018-12-03 12:26:19',17,'嘉华测试门店 2/进场/1543811178518.jpg',1,1,'2018-12-03 12:26:18',NULL,NULL,0,5,'2018-12-03 12:26:19',NULL,1,NULL,1,NULL,2,NULL),
(465,'京BQ5072','2018-12-03 12:40:34',17,'嘉华测试门店 2/进场/1543812033724.jpg',1,1,'2018-12-03 12:40:33',NULL,NULL,0,5,'2018-12-03 12:40:34',NULL,1,NULL,1,NULL,2,NULL),
(466,'京Q5FD88','2018-12-03 12:40:46',17,'嘉华测试门店 2/进场/1543812045690.jpg',1,1,'2018-12-03 12:40:45',NULL,NULL,0,5,'2018-12-03 12:40:46',NULL,1,NULL,1,NULL,2,NULL),
(467,'京Q6QS09','2018-12-03 12:44:03',17,'嘉华测试门店 2/进场/1543812243167.jpg',1,1,'2018-12-03 12:44:03',NULL,NULL,0,5,'2018-12-03 12:44:03',NULL,1,NULL,1,NULL,2,NULL),
(468,'京Q06E09','2018-12-03 12:58:38',17,'嘉华测试门店 2/进场/1543813117773.jpg',1,1,'2018-12-03 12:58:38',NULL,NULL,0,5,'2018-12-03 12:58:38',NULL,1,NULL,1,NULL,2,NULL),
(469,'京N728P0','2018-12-03 13:00:04',17,'嘉华测试门店 2/进场/1543813203828.jpg',1,1,'2018-12-03 13:00:03',NULL,NULL,0,5,'2018-12-03 13:00:04',NULL,1,NULL,1,NULL,2,NULL),
(470,'京M71000','2018-12-03 13:03:13',17,'嘉华测试门店 2/进场/1543813392625.jpg',1,1,'2018-12-03 13:03:12',NULL,NULL,0,5,'2018-12-03 13:03:13',NULL,1,NULL,1,NULL,2,NULL),
(471,'京HL2528','2018-12-03 13:05:39',17,'嘉华测试门店 2/进场/1543813538869.jpg',1,1,'2018-12-03 13:05:38',NULL,NULL,0,5,'2018-12-03 13:05:39',NULL,1,NULL,1,NULL,2,NULL),
(472,'京QQ83E1','2018-12-03 13:12:46',17,'嘉华测试门店 2/进场/1543813965910.jpg',1,1,'2018-12-03 13:12:45',NULL,NULL,0,5,'2018-12-03 13:12:46',NULL,1,NULL,1,NULL,2,NULL),
(473,'京HAN357','2018-12-03 13:28:07',17,'嘉华测试门店 2/进场/1543814886238.jpg',1,1,'2018-12-03 13:28:06',NULL,NULL,0,5,'2018-12-03 13:28:07',NULL,1,NULL,1,NULL,2,NULL),
(474,'冀D210XD','2018-12-03 13:36:56',17,'嘉华测试门店 2/进场/1543815415756.jpg',1,1,'2018-12-03 13:36:56',NULL,NULL,0,5,'2018-12-03 13:36:56',NULL,1,NULL,1,NULL,2,NULL),
(475,'冀F3WM69','2018-12-03 13:37:42',17,'嘉华测试门店 2/进场/1543815461634.jpg',1,1,'2018-12-03 13:37:41',NULL,NULL,0,5,'2018-12-03 13:37:42',NULL,1,NULL,1,NULL,2,NULL),
(476,'京LA2523','2018-12-03 13:40:05',17,'嘉华测试门店 2/进场/1543815604554.jpg',1,1,'2018-12-03 13:40:05',NULL,NULL,0,5,'2018-12-03 13:40:05',NULL,1,NULL,1,NULL,2,NULL),
(477,'京NN0556','2018-12-03 13:47:46',17,'嘉华测试门店 2/进场/1543816065531.jpg',1,1,'2018-12-03 13:47:45',NULL,NULL,0,5,'2018-12-03 13:47:46',NULL,1,NULL,1,NULL,2,NULL),
(478,'京N0KA98','2018-12-03 13:57:06',17,'嘉华测试门店 2/进场/1543816625289.jpg',1,1,'2018-12-03 13:57:05',NULL,NULL,0,5,'2018-12-03 13:57:06',NULL,1,NULL,1,NULL,2,NULL),
(479,'晋B7224B','2018-12-03 13:59:49',17,'嘉华测试门店 2/进场/1543816788850.jpg',1,1,'2018-12-03 13:59:49',NULL,NULL,0,5,'2018-12-03 13:59:49',NULL,1,NULL,1,NULL,2,NULL),
(480,'京NS6379','2018-12-03 13:59:54',17,'嘉华测试门店 2/进场/1543816794247.jpg',1,1,'2018-12-03 13:59:54',NULL,NULL,0,5,'2018-12-03 13:59:54',NULL,1,NULL,1,NULL,2,NULL),
(481,'京Q5WX16','2018-12-03 14:02:31',17,'嘉华测试门店 2/进场/1543816950886.jpg',1,1,'2018-12-03 14:02:31',NULL,NULL,0,5,'2018-12-03 14:02:31',NULL,1,NULL,1,NULL,2,NULL),
(482,'京Q6DS21','2018-12-03 14:02:41',17,'嘉华测试门店 2/进场/1543816960717.jpg',1,1,'2018-12-03 14:02:40',NULL,NULL,0,5,'2018-12-03 14:02:41',NULL,1,NULL,1,NULL,2,NULL),
(483,'京PR9H03','2018-12-03 14:07:29',17,'嘉华测试门店 2/进场/1543817249384.jpg',1,1,'2018-12-03 14:07:29',NULL,NULL,0,5,'2018-12-03 14:07:29',NULL,1,NULL,1,NULL,2,NULL),
(484,'京QK02V1','2018-12-03 14:13:14',17,'嘉华测试门店 2/进场/1543817593738.jpg',1,1,'2018-12-03 14:13:13',NULL,NULL,0,5,'2018-12-03 14:13:14',NULL,1,NULL,1,NULL,2,NULL),
(485,'京PS5H31','2018-12-03 14:15:30',17,'嘉华测试门店 2/进场/1543817730182.jpg',1,1,'2018-12-03 14:15:30',NULL,NULL,0,5,'2018-12-03 14:15:30',NULL,1,NULL,1,NULL,2,NULL),
(486,'浙HDL415','2018-12-03 14:16:42',17,'嘉华测试门店 2/进场/1543817801409.jpg',1,1,'2018-12-03 14:16:41',NULL,NULL,0,5,'2018-12-03 14:16:42',NULL,1,NULL,1,NULL,2,NULL),
(487,'京QY9U62','2018-12-03 14:21:43',17,'嘉华测试门店 2/进场/1543818102807.jpg',1,1,'2018-12-03 14:21:42',NULL,NULL,0,5,'2018-12-03 14:21:43',NULL,1,NULL,1,NULL,2,NULL),
(488,'京QH6K68','2018-12-03 14:21:50',17,'嘉华测试门店 2/进场/1543818109545.jpg',1,1,'2018-12-03 14:21:49',NULL,NULL,0,5,'2018-12-03 14:21:50',NULL,1,NULL,1,NULL,2,NULL),
(489,'冀R5678H','2018-12-03 14:29:47',17,'嘉华测试门店 2/进场/1543818586495.jpg',1,1,'2018-12-03 14:29:47',NULL,NULL,0,5,'2018-12-03 14:29:47',NULL,1,NULL,1,NULL,2,NULL),
(490,'京QZ5V88','2018-12-03 14:33:45',17,'嘉华测试门店 2/进场/1543818825382.jpg',1,1,'2018-12-03 14:33:45',NULL,NULL,0,5,'2018-12-03 14:33:45',NULL,1,NULL,1,NULL,2,NULL),
(491,'京PQ0A58','2018-12-03 14:35:22',17,'嘉华测试门店 2/进场/1543818921878.jpg',1,1,'2018-12-03 14:35:21',NULL,NULL,0,5,'2018-12-03 14:35:22',NULL,1,NULL,1,NULL,2,NULL),
(492,'京Q5JX71','2018-12-03 14:37:29',17,'嘉华测试门店 2/进场/1543819048814.jpg',1,1,'2018-12-03 14:37:29',NULL,NULL,0,5,'2018-12-03 14:37:29',NULL,1,NULL,1,NULL,2,NULL),
(493,'京Q53331','2018-12-03 14:42:41',17,'嘉华测试门店 2/进场/1543819360906.jpg',1,1,'2018-12-03 14:42:41',NULL,NULL,0,5,'2018-12-03 14:42:41',NULL,1,NULL,1,NULL,2,NULL),
(494,'京FBS655','2018-12-03 15:08:25',17,'嘉华测试门店 2/进场/1543820904794.jpg',1,1,'2018-12-03 15:08:24',NULL,NULL,0,5,'2018-12-03 15:08:25',NULL,1,NULL,1,NULL,2,NULL),
(495,'京KM5519','2018-12-03 15:10:20',17,'嘉华测试门店 2/进场/1543821019324.jpg',1,1,'2018-12-03 15:10:19',NULL,NULL,0,5,'2018-12-03 15:10:20',NULL,1,NULL,1,NULL,2,NULL),
(496,'京N6H8U8','2018-12-03 15:18:22',17,'嘉华测试门店 2/进场/1543821501542.jpg',1,1,'2018-12-03 15:18:21',NULL,NULL,0,5,'2018-12-03 15:18:22',NULL,1,NULL,1,NULL,2,NULL),
(497,'京NW1913','2018-12-03 15:31:23',17,'嘉华测试门店 2/进场/1543822283043.jpg',1,1,'2018-12-03 15:31:23',NULL,NULL,0,5,'2018-12-03 15:31:23',NULL,1,NULL,1,NULL,2,NULL),
(498,'京CBS023','2018-12-03 15:35:00',17,'嘉华测试门店 2/进场/1543822500166.jpg',1,1,'2018-12-03 15:35:00',NULL,NULL,0,5,'2018-12-03 15:35:00',NULL,1,NULL,1,NULL,2,NULL),
(499,'京NWM321','2018-12-03 15:35:10',17,'嘉华测试门店 2/进场/1543822509619.jpg',1,1,'2018-12-03 15:35:09',NULL,NULL,0,5,'2018-12-03 15:35:10',NULL,1,NULL,1,NULL,2,NULL),
(500,'京MFY000','2018-12-03 15:38:54',17,'嘉华测试门店 2/进场/1543822733857.jpg',1,1,'2018-12-03 15:38:54',NULL,NULL,0,5,'2018-12-03 15:38:54',NULL,1,NULL,1,NULL,2,NULL),
(501,'京Q38EN9','2018-12-03 15:43:02',17,'嘉华测试门店 2/进场/1543822981788.jpg',1,1,'2018-12-03 15:43:01',NULL,NULL,0,5,'2018-12-03 15:43:02',NULL,1,NULL,1,NULL,2,NULL),
(502,'京N8ZS39','2018-12-03 16:30:51',17,'嘉华测试门店 2/进场/1543825851155.jpg',1,1,'2018-12-03 16:30:51',NULL,NULL,0,5,'2018-12-03 16:30:51',NULL,1,NULL,1,NULL,2,NULL),
(503,'京MD3515','2018-12-03 16:36:06',17,'嘉华测试门店 2/进场/1543826165794.jpg',1,1,'2018-12-03 16:36:06',NULL,NULL,0,5,'2018-12-03 16:36:06',NULL,1,NULL,1,NULL,2,NULL),
(504,'京BU8653','2018-12-03 16:36:18',17,'嘉华测试门店 2/进场/1543826178089.jpg',1,1,'2018-12-03 16:36:18',NULL,NULL,0,5,'2018-12-03 16:36:18',NULL,1,NULL,1,NULL,2,NULL),
(505,'京N10D18','2018-12-03 16:41:48',17,'嘉华测试门店 2/进场/1543826507432.jpg',1,1,'2018-12-03 16:41:47',NULL,NULL,0,5,'2018-12-03 16:41:48',NULL,1,NULL,1,NULL,2,NULL),
(506,'京LU5719','2018-12-03 16:58:46',17,'嘉华测试门店 2/进场/1543827525522.jpg',1,1,'2018-12-03 16:58:45',NULL,NULL,0,5,'2018-12-03 16:58:46',NULL,1,NULL,1,NULL,2,NULL),
(507,'京Q46WJ9','2018-12-03 17:14:01',17,'嘉华测试门店 2/进场/1543828440860.jpg',1,1,'2018-12-03 17:14:00',NULL,NULL,0,5,'2018-12-03 17:14:01',NULL,1,NULL,1,NULL,2,NULL),
(508,'京MH3113','2018-12-03 17:14:12',17,'嘉华测试门店 2/进场/1543828451519.jpg',1,1,'2018-12-03 17:14:11',NULL,NULL,0,5,'2018-12-03 17:14:12',NULL,1,NULL,1,NULL,2,NULL),
(509,'京NKY080','2018-12-03 17:18:47',17,'嘉华测试门店 2/进场/1543828727216.jpg',1,1,'2018-12-03 17:18:47',NULL,NULL,0,5,'2018-12-03 17:18:47',NULL,1,NULL,1,NULL,2,NULL),
(510,'鄂FCP798','2018-12-03 17:22:13',17,'嘉华测试门店 2/进场/1543828932311.jpg',1,1,'2018-12-03 17:22:12',33,'2018-12-06 15:08:23',0,5,'2018-12-03 17:22:13',NULL,1,NULL,1,NULL,4,NULL),
(511,'京NCD976','2018-12-03 17:41:50',17,'嘉华测试门店 2/进场/1543830109790.jpg',NULL,1,'2018-12-03 17:41:50',32,'2018-12-06 18:13:28',0,5,NULL,NULL,NULL,NULL,32,'2018-12-06 17:42:38',3,NULL),
(512,'','2018-12-06 11:07:13',NULL,NULL,2,32,'2018-12-06 11:07:13',32,'2018-12-06 14:58:24',0,5,NULL,0,NULL,'12345',32,'2018-12-06 14:58:24',1,NULL),
(513,'京A12345','2018-12-06 12:54:15',NULL,NULL,0,32,'2018-12-06 12:54:15',32,'2018-12-06 17:15:16',0,5,NULL,0,NULL,'',32,'2018-12-06 17:15:16',1,NULL),
(514,'京A12346','2018-12-06 12:54:31',NULL,NULL,0,32,'2018-12-06 12:54:31',32,'2018-12-06 17:12:33',0,5,NULL,0,NULL,'',32,'2018-12-06 17:12:33',1,NULL),
(515,'京B12347','2018-12-06 12:54:49',NULL,NULL,0,32,'2018-12-06 12:54:49',32,'2018-12-06 16:15:57',0,5,NULL,0,NULL,'',32,'2018-12-06 16:15:57',1,NULL),
(516,'京A12348','2018-12-06 12:55:10',NULL,NULL,0,32,'2018-12-06 12:55:10',32,'2018-12-06 14:57:04',0,5,NULL,0,NULL,'',32,'2018-12-06 14:57:04',1,NULL),
(517,'','2018-12-06 12:56:03',NULL,NULL,2,32,'2018-12-06 12:56:03',33,'2018-12-06 14:45:30',0,5,NULL,0,NULL,'12341',33,'2018-12-06 14:45:30',1,NULL),
(518,'','2018-12-06 12:56:43',NULL,NULL,1,32,'2018-12-06 12:56:43',33,'2018-12-06 15:12:53',0,5,'2018-12-06 15:12:14',3,33,'123457',33,'2018-12-06 14:49:50',4,NULL),
(519,'','2018-12-06 12:57:20',NULL,NULL,0,32,'2018-12-06 12:57:20',32,'2018-12-06 14:19:33',0,5,NULL,1,NULL,'8765',32,'2018-12-06 14:19:33',1,NULL),
(520,'京B12349','2018-12-06 12:57:41',NULL,NULL,2,32,'2018-12-06 12:57:41',31,'2018-12-06 14:45:00',0,5,NULL,0,NULL,'',31,'2018-12-06 14:45:00',1,NULL),
(521,'京A12348','2018-12-06 14:41:02',NULL,NULL,0,31,'2018-12-06 14:41:02',NULL,NULL,0,5,NULL,0,NULL,'',31,'2018-12-06 14:41:02',1,NULL),
(522,'京JEQ391','2018-12-06 14:41:31',17,'广本欢乐谷店/2018年12月6日/进场/1544078490761505e.jpg',NULL,1,'2018-12-06 14:41:31',33,'2018-12-06 15:08:26',0,5,'2018-12-06 14:41:31',NULL,1,NULL,1,'2018-12-06 14:41:31',4,NULL),
(523,'京A12348','2018-12-06 14:41:34',NULL,NULL,0,31,'2018-12-06 14:41:34',NULL,NULL,0,5,NULL,0,NULL,'',31,'2018-12-06 14:41:34',1,NULL),
(524,'京NDOU39','2018-12-06 14:43:53',17,'广本欢乐谷店/2018年12月6日/进场/1544078632596f8da.jpg',NULL,1,'2018-12-06 14:43:53',NULL,NULL,0,5,'2018-12-06 14:43:53',NULL,1,NULL,1,'2018-12-06 14:43:53',2,NULL),
(525,'京M38309','2018-12-06 14:51:01',17,'广本欢乐谷店/2018年12月6日/进场/15440790605741503.jpg',NULL,1,'2018-12-06 14:51:00',NULL,NULL,0,5,'2018-12-06 14:51:01',NULL,1,NULL,1,'2018-12-06 14:51:01',2,NULL),
(526,'京NS7N07','2018-12-06 14:55:23',17,'广本欢乐谷店/2018年12月6日/进场/1544079322028d760.jpg',NULL,1,'2018-12-06 14:55:22',NULL,NULL,0,5,'2018-12-06 14:55:23',NULL,1,NULL,1,'2018-12-06 14:55:23',2,NULL),
(527,'','2018-12-06 14:59:33',NULL,NULL,1,32,'2018-12-06 14:59:33',33,'2018-12-06 15:21:08',0,5,'2018-12-06 15:21:01',0,33,'8876',33,'2018-12-06 15:20:56',4,NULL),
(528,'','2018-12-06 15:02:26',NULL,NULL,1,31,'2018-12-06 15:02:26',33,'2018-12-06 15:13:32',0,5,'2018-12-06 15:13:28',0,33,'11111111111',33,'2018-12-06 15:13:25',4,NULL),
(529,'京NHD138','2018-12-06 15:04:55',17,'广本欢乐谷店/2018年12月6日/进场/154407989451953b1.jpg',NULL,1,'2018-12-06 15:04:54',NULL,NULL,0,5,'2018-12-06 15:04:55',NULL,1,NULL,1,'2018-12-06 15:04:55',2,NULL),
(530,'京QWJ535','2018-12-06 15:05:04',17,'广本欢乐谷店/2018年12月6日/进场/154407990367594c5.jpg',NULL,1,'2018-12-06 15:05:03',NULL,NULL,0,5,'2018-12-06 15:05:04',NULL,1,NULL,1,'2018-12-06 15:05:04',2,NULL),
(531,'京N822D6','2018-12-06 15:09:36',17,'广本欢乐谷店/2018年12月6日/进场/15440801752350cab.jpg',NULL,1,'2018-12-06 15:09:35',NULL,NULL,0,5,'2018-12-06 15:09:36',NULL,1,NULL,1,'2018-12-06 15:09:36',2,NULL),
(532,'京N822D6','2018-12-06 15:14:16',17,'广本欢乐谷店/2018年12月6日/进场/15440804559874f7e.jpg',NULL,1,'2018-12-06 15:14:16',33,'2018-12-06 15:20:06',0,5,'2018-12-06 15:14:16',NULL,1,NULL,1,'2018-12-06 15:14:16',4,NULL),
(533,'京Q8Y0A9','2018-12-06 15:16:32',17,'广本欢乐谷店/2018年12月6日/进场/1544080592211cd6b.jpg',NULL,1,'2018-12-06 15:16:32',NULL,NULL,0,5,'2018-12-06 15:16:32',NULL,1,NULL,1,'2018-12-06 15:16:32',2,NULL),
(534,'京Q46WJ9','2018-12-06 15:16:48',17,'广本欢乐谷店/2018年12月6日/进场/15440806082800821.jpg',NULL,1,'2018-12-06 15:16:48',NULL,NULL,0,5,'2018-12-06 15:16:48',NULL,1,NULL,1,'2018-12-06 15:16:48',2,NULL),
(535,'京PS2006','2018-12-06 15:37:12',17,'广本欢乐谷店/2018年12月6日/进场/15440818321913805.jpg',NULL,1,'2018-12-06 15:37:12',NULL,NULL,0,5,'2018-12-06 15:37:12',NULL,1,NULL,1,'2018-12-06 15:37:12',2,NULL),
(536,'京MR8663','2018-12-06 15:37:22',17,'广本欢乐谷店/2018年12月6日/进场/1544081842261474a.jpg',NULL,1,'2018-12-06 15:37:22',NULL,NULL,0,5,'2018-12-06 15:37:22',NULL,1,NULL,1,'2018-12-06 15:37:22',2,NULL),
(537,'京QV2962','2018-12-06 15:40:05',17,'广本欢乐谷店/2018年12月6日/进场/1544082004166c1d7.jpg',NULL,1,'2018-12-06 15:40:04',NULL,NULL,0,5,'2018-12-06 15:40:05',NULL,1,NULL,1,'2018-12-06 15:40:05',2,NULL),
(538,'京A12348','2018-12-06 15:40:37',NULL,NULL,0,32,'2018-12-06 15:40:37',NULL,NULL,0,5,NULL,0,NULL,'',32,'2018-12-06 15:40:37',1,NULL),
(539,'京L21598','2018-12-06 15:43:27',17,'广本欢乐谷店/2018年12月6日/进场/154408220698775d4.jpg',NULL,1,'2018-12-06 15:43:27',NULL,NULL,0,5,'2018-12-06 15:43:27',NULL,1,NULL,1,'2018-12-06 15:43:27',2,NULL),
(540,'京AD24898','2018-12-06 15:47:08',17,'广本欢乐谷店/2018年12月6日/进场/1544082428057246d.jpg',NULL,1,'2018-12-06 15:47:08',NULL,NULL,0,5,'2018-12-06 15:47:08',NULL,1,NULL,1,'2018-12-06 15:47:08',2,NULL),
(541,'京LD8253','2018-12-06 15:54:08',17,'广本欢乐谷店/2018年12月6日/进场/15440828477024490.jpg',NULL,1,'2018-12-06 15:54:08',NULL,NULL,0,5,'2018-12-06 15:54:08',NULL,1,NULL,1,'2018-12-06 15:54:08',2,NULL),
(542,'京ET9238','2018-12-06 15:56:21',17,'广本欢乐谷店/2018年12月6日/进场/1544082980857c7e8.jpg',NULL,1,'2018-12-06 15:56:20',NULL,NULL,0,5,'2018-12-06 15:56:21',NULL,1,NULL,1,'2018-12-06 15:56:21',2,NULL),
(543,'京BW8132','2018-12-06 15:56:28',17,'广本欢乐谷店/2018年12月6日/进场/1544082988134db30.jpg',NULL,1,'2018-12-06 15:56:28',NULL,NULL,0,5,'2018-12-06 15:56:28',NULL,1,NULL,1,'2018-12-06 15:56:28',2,NULL),
(544,'京Q98ES2','2018-12-06 16:07:40',17,'广本欢乐谷店/2018年12月6日/进场/15440836599615dbd.jpg',NULL,1,'2018-12-06 16:07:40',NULL,NULL,0,5,'2018-12-06 16:07:40',NULL,1,NULL,1,'2018-12-06 16:07:40',2,NULL),
(545,'京B12347','2018-12-06 16:16:05',NULL,NULL,1,32,'2018-12-06 16:16:05',NULL,NULL,0,5,NULL,0,NULL,'',32,'2018-12-06 16:16:05',1,NULL),
(546,'京A12346','2018-12-06 16:16:55',NULL,NULL,1,32,'2018-12-06 16:16:55',NULL,NULL,0,5,NULL,0,NULL,'',32,'2018-12-06 16:16:55',1,NULL),
(547,'京A12346','2018-12-06 16:24:50',NULL,NULL,1,32,'2018-12-06 16:24:50',NULL,NULL,0,5,NULL,0,NULL,'',32,'2018-12-06 16:24:51',1,NULL),
(548,'京A12346','2018-12-06 16:25:18',NULL,NULL,1,32,'2018-12-06 16:25:18',NULL,NULL,0,5,NULL,0,NULL,'',32,'2018-12-06 16:25:19',1,NULL),
(549,'京A12346','2018-12-06 16:25:29',NULL,NULL,1,32,'2018-12-06 16:25:29',NULL,NULL,0,5,NULL,0,NULL,'',32,'2018-12-06 16:25:29',1,NULL),
(550,'京NCD976','2018-12-06 16:25:44',17,'广本欢乐谷店/2018年12月6日/进场/15440847438443d98.jpg',NULL,1,'2018-12-06 16:25:44',NULL,NULL,0,5,'2018-12-06 16:25:44',NULL,1,NULL,1,'2018-12-06 16:25:44',2,NULL),
(551,'京A12346','2018-12-06 16:26:48',NULL,NULL,1,32,'2018-12-06 16:26:48',NULL,NULL,0,5,NULL,1,NULL,'',32,'2018-12-06 16:26:49',1,NULL),
(552,'京AQ6589','2018-12-06 16:32:37',NULL,NULL,2,27,'2018-12-06 16:32:37',27,'2018-12-06 16:38:27',0,5,'2018-12-06 16:35:30',0,27,'AQ123456789012345',27,'2018-12-06 16:35:21',4,NULL),
(553,'京N8DR76','2018-12-06 16:37:41',17,'广本欢乐谷店/2018年12月6日/进场/15440854612468aa0.jpg',NULL,1,'2018-12-06 16:37:41',NULL,NULL,0,5,'2018-12-06 16:37:41',NULL,1,NULL,1,'2018-12-06 16:37:41',2,NULL),
(554,'京QF29F6','2018-12-06 16:49:05',17,'广本欢乐谷店/2018年12月6日/进场/15440861450838ac2.jpg',2,1,'2018-12-06 16:49:05',27,'2018-12-07 09:14:42',0,5,NULL,1,NULL,'',27,'2018-12-07 09:14:42',1,NULL),
(555,'','2018-12-06 17:10:19',NULL,NULL,0,27,'2018-12-06 17:10:19',NULL,NULL,0,5,NULL,3,NULL,'AQ123456789012345',27,'2018-12-06 17:10:20',1,NULL),
(556,'','2018-12-06 17:23:37',NULL,NULL,2,27,'2018-12-06 17:23:37',27,'2018-12-06 17:25:17',0,5,'2018-12-06 17:23:48',0,27,'0AP88888123456789',27,'2018-12-06 17:23:37',4,NULL),
(557,'京AQ8888','2018-12-06 17:26:05',NULL,NULL,2,27,'2018-12-06 17:26:05',32,'2018-12-06 19:37:29',0,5,'2018-12-06 17:27:13',3,27,'',27,'2018-12-06 17:26:39',4,NULL),
(558,'京Q6L7R7','2018-12-06 17:36:45',17,'广本欢乐谷店/2018年12月6日/进场/15440890049168394.jpg',NULL,1,'2018-12-06 17:36:45',32,'2018-12-06 19:36:49',0,5,'2018-12-06 17:36:45',NULL,1,NULL,1,'2018-12-06 17:36:45',4,NULL),
(559,'京MAH806','2018-12-06 17:54:15',17,'广本欢乐谷店/2018年12月6日/进场/1544090054528d745.jpg',NULL,1,'2018-12-06 17:54:15',NULL,NULL,0,5,'2018-12-06 17:54:15',NULL,1,NULL,1,'2018-12-06 17:54:15',2,NULL),
(560,'','2018-12-06 17:54:48',NULL,NULL,0,33,'2018-12-06 17:54:48',32,'2018-12-07 12:52:19',0,5,'2018-12-07 12:52:19',0,32,'122222222222',33,'2018-12-06 17:54:48',2,NULL),
(561,'京MAH806','2018-12-06 17:55:03',17,'广本欢乐谷店/2018年12月6日/进场/1544090101901cbf5.jpg',NULL,1,'2018-12-06 17:55:02',NULL,NULL,0,5,'2018-12-06 17:55:03',NULL,1,NULL,1,'2018-12-06 17:55:03',2,NULL),
(562,'','2018-12-06 17:55:36',NULL,NULL,1,33,'2018-12-06 17:55:36',33,'2018-12-06 17:55:44',0,5,'2018-12-06 17:55:40',0,33,'1333333',33,'2018-12-06 17:55:37',4,NULL),
(563,'','2018-12-06 18:03:00',NULL,NULL,1,33,'2018-12-06 18:03:00',32,'2018-12-06 18:40:07',0,5,'2018-12-06 18:03:05',0,33,'3333333',33,'2018-12-06 18:03:00',4,NULL),
(564,'京N4WG98','2018-12-06 18:05:22',17,'广本欢乐谷店/2018年12月6日/进场/15440907216802616.jpg',NULL,1,'2018-12-06 18:05:22',NULL,NULL,0,5,'2018-12-06 18:05:22',NULL,1,NULL,1,'2018-12-06 18:05:22',2,NULL),
(565,'京MBM729','2018-12-06 18:12:56',17,'广本欢乐谷店/2018年12月6日/进场/15440911756090fbf.jpg',NULL,1,'2018-12-06 18:12:55',32,'2018-12-06 19:47:35',0,5,'2018-12-06 18:12:56',NULL,1,NULL,1,'2018-12-06 18:12:56',4,NULL),
(566,'','2018-12-06 18:15:41',NULL,NULL,NULL,32,'2018-12-06 18:15:41',32,'2018-12-07 12:52:03',0,5,NULL,NULL,NULL,'1234588',32,'2018-12-06 18:16:11',3,NULL),
(567,'京LBB779','2018-12-06 18:31:10',17,'广本欢乐谷店/2018年12月6日/进场/1544092269938eaf4.jpg',NULL,1,'2018-12-06 18:31:10',32,'2018-12-06 19:46:56',0,5,'2018-12-06 18:31:10',NULL,1,NULL,1,'2018-12-06 18:31:10',4,NULL),
(568,'京Q11SX7','2018-12-06 19:00:51',17,'广本欢乐谷店/2018年12月6日/进场/1544094051039deed.jpg',NULL,1,'2018-12-06 19:00:51',32,'2018-12-06 19:46:47',0,5,'2018-12-06 19:00:51',NULL,1,NULL,1,'2018-12-06 19:00:51',4,NULL),
(569,'京K82007','2018-12-06 19:35:54',17,'广本欢乐谷店/2018年12月6日/进场/15440961530192315.jpg',NULL,1,'2018-12-06 19:35:53',32,'2018-12-06 19:37:50',0,5,'2018-12-06 19:35:54',NULL,1,NULL,1,'2018-12-06 19:35:54',4,NULL),
(570,'京M21951','2018-12-07 06:58:56',17,'广本欢乐谷店/2018年12月7日/进场/15441371350457bc3.jpg',NULL,1,'2018-12-07 06:58:55',NULL,NULL,0,5,'2018-12-07 06:58:56',NULL,1,NULL,1,'2018-12-07 06:58:56',2,NULL),
(571,'京N936B2','2018-12-07 07:45:34',17,'广本欢乐谷店/2018年12月7日/进场/15441399338807eaa.jpg',NULL,1,'2018-12-07 07:45:34',NULL,'2018-12-21 10:55:44',0,5,'2018-12-07 07:45:34',NULL,1,NULL,1,'2018-12-07 07:45:34',4,NULL),
(572,'鲁MP550P','2018-12-07 07:58:00',17,'广本欢乐谷店/2018年12月7日/进场/15441406794984582.jpg',NULL,1,'2018-12-07 07:58:00',NULL,NULL,0,5,'2018-12-07 07:58:00',NULL,1,NULL,1,'2018-12-07 07:58:00',2,NULL),
(573,'京FY7828','2018-12-07 08:01:49',17,'广本欢乐谷店/2018年12月7日/进场/1544140909256ae7f.jpg',NULL,1,'2018-12-07 08:01:49',NULL,NULL,0,5,'2018-12-07 08:01:49',NULL,1,NULL,1,'2018-12-07 08:01:49',2,NULL),
(574,'京JS3519','2018-12-07 08:30:22',17,'广本欢乐谷店/2018年12月7日/进场/1544142621958bdaa.jpg',NULL,1,'2018-12-07 08:30:22',NULL,NULL,0,5,'2018-12-07 08:30:22',NULL,1,NULL,1,'2018-12-07 08:30:22',2,NULL),
(575,'京N1W405','2018-12-07 08:39:52',17,'广本欢乐谷店/2018年12月7日/进场/1544143191522774f.jpg',NULL,1,'2018-12-07 08:39:51',NULL,NULL,0,5,'2018-12-07 08:39:52',NULL,1,NULL,1,'2018-12-07 08:39:52',2,NULL),
(576,'冀RZ8X27','2018-12-07 08:42:37',17,'广本欢乐谷店/2018年12月7日/进场/1544143356449428f.jpg',NULL,1,'2018-12-07 08:42:36',NULL,NULL,0,5,'2018-12-07 08:42:37',NULL,1,NULL,1,'2018-12-07 08:42:37',2,NULL),
(577,'京NE12E7','2018-12-07 08:42:44',17,'广本欢乐谷店/2018年12月7日/进场/1544143363918f90d.jpg',NULL,1,'2018-12-07 08:42:43',NULL,NULL,0,5,'2018-12-07 08:42:44',NULL,1,NULL,1,'2018-12-07 08:42:44',2,NULL),
(578,'京N99F99','2018-12-07 08:58:14',17,'广本欢乐谷店/2018年12月7日/进场/1544144293513532c.jpg',NULL,1,'2018-12-07 08:58:13',NULL,NULL,0,5,'2018-12-07 08:58:14',NULL,1,NULL,1,'2018-12-07 08:58:14',2,NULL),
(579,'京LA8812','2018-12-07 09:05:33',17,'广本欢乐谷店/2018年12月7日/进场/15441447326352c85.jpg',NULL,1,'2018-12-07 09:05:33',NULL,NULL,0,5,'2018-12-07 09:05:33',NULL,1,NULL,1,'2018-12-07 09:05:33',2,NULL),
(580,'京Q79MW0','2018-12-07 09:06:52',17,'广本欢乐谷店/2018年12月7日/进场/1544144812043ec1f.jpg',NULL,1,'2018-12-07 09:06:52',NULL,NULL,0,5,'2018-12-07 09:06:52',NULL,1,NULL,1,'2018-12-07 09:06:52',2,NULL),
(581,'京QZZ827','2018-12-07 09:10:55',17,'广本欢乐谷店/2018年12月7日/进场/1544145054305c577.jpg',NULL,1,'2018-12-07 09:10:54',NULL,NULL,0,5,'2018-12-07 09:10:55',NULL,1,NULL,1,'2018-12-07 09:10:55',2,NULL),
(582,'京P160U3','2018-12-07 09:12:24',17,'广本欢乐谷店/2018年12月7日/进场/1544145143739cb3e.jpg',NULL,1,'2018-12-07 09:12:23',NULL,NULL,0,5,'2018-12-07 09:12:24',NULL,1,NULL,1,'2018-12-07 09:12:24',2,NULL),
(583,'京NQ08X9','2018-12-07 09:19:30',17,'广本欢乐谷店/2018年12月7日/进场/15441455700304fa0.jpg',NULL,1,'2018-12-07 09:19:30',NULL,NULL,0,5,'2018-12-07 09:19:30',NULL,1,NULL,1,'2018-12-07 09:19:30',2,NULL),
(584,'京Q332T0','2018-12-07 09:34:38',17,'广本欢乐谷店/2018年12月7日/进场/15441464776230215.jpg',NULL,1,'2018-12-07 09:34:38',NULL,NULL,0,5,'2018-12-07 09:34:38',NULL,1,NULL,1,'2018-12-07 09:34:38',2,NULL),
(585,'京AP7355','2018-12-07 09:38:51',17,'广本欢乐谷店/2018年12月7日/进场/1544146731343d0eb.jpg',NULL,1,'2018-12-07 09:38:51',NULL,NULL,0,5,'2018-12-07 09:38:51',NULL,1,NULL,1,'2018-12-07 09:38:51',2,NULL),
(586,'京E51369','2018-12-07 10:08:04',17,'广本欢乐谷店/2018年12月7日/进场/1544148483348b459.jpg',NULL,1,'2018-12-07 10:08:04',NULL,NULL,0,5,'2018-12-07 10:08:04',NULL,1,NULL,1,'2018-12-07 10:08:04',2,NULL),
(587,'京FEA337','2018-12-07 10:11:27',17,'广本欢乐谷店/2018年12月7日/进场/15441486866836cf2.jpg',NULL,1,'2018-12-07 10:11:26',NULL,NULL,0,5,'2018-12-07 10:11:27',NULL,1,NULL,1,'2018-12-07 10:11:27',2,NULL),
(588,'京QE99N1','2018-12-07 10:13:16',17,'广本欢乐谷店/2018年12月7日/进场/1544148795396509f.jpg',NULL,1,'2018-12-07 10:13:15',NULL,NULL,0,5,'2018-12-07 10:13:16',NULL,1,NULL,1,'2018-12-07 10:13:16',2,NULL),
(589,'京NPG756','2018-12-07 10:14:49',17,'广本欢乐谷店/2018年12月7日/进场/15441488892075a17.jpg',NULL,1,'2018-12-07 10:14:49',NULL,NULL,0,5,'2018-12-07 10:14:49',NULL,1,NULL,1,'2018-12-07 10:14:49',2,NULL),
(590,'京PE0U55','2018-12-07 10:25:53',17,'广本欢乐谷店/2018年12月7日/进场/154414955337791c9.jpg',NULL,1,'2018-12-07 10:25:53',NULL,NULL,0,5,'2018-12-07 10:25:53',NULL,1,NULL,1,'2018-12-07 10:25:53',2,NULL),
(591,'京Q1V3V0','2018-12-07 10:41:24',17,'广本欢乐谷店/2018年12月7日/进场/1544150483337eca2.jpg',NULL,1,'2018-12-07 10:41:23',NULL,NULL,0,5,'2018-12-07 10:41:24',NULL,1,NULL,1,'2018-12-07 10:41:24',2,NULL),
(592,'京QK3J03','2018-12-07 10:42:07',17,'广本欢乐谷店/2018年12月7日/进场/154415052667047f9.jpg',NULL,1,'2018-12-07 10:42:06',NULL,NULL,0,5,'2018-12-07 10:42:07',NULL,1,NULL,1,'2018-12-07 10:42:07',2,NULL),
(593,'京EN1539','2018-12-07 10:48:41',17,'广本欢乐谷店/2018年12月7日/进场/1544150921300a091.jpg',NULL,1,'2018-12-07 10:48:41',NULL,NULL,0,5,'2018-12-07 10:48:41',NULL,1,NULL,1,'2018-12-07 10:48:41',2,NULL),
(594,'京N87309','2018-12-07 10:50:35',17,'广本欢乐谷店/2018年12月7日/进场/1544151035318b6a5.jpg',NULL,1,'2018-12-07 10:50:35',NULL,NULL,0,5,'2018-12-07 10:50:35',NULL,1,NULL,1,'2018-12-07 10:50:35',2,NULL),
(595,'京N5X0W9','2018-12-07 10:56:47',17,'广本欢乐谷店/2018年12月7日/进场/15441514070725534.jpg',NULL,1,'2018-12-07 10:56:47',NULL,NULL,0,5,'2018-12-07 10:56:47',NULL,1,NULL,1,'2018-12-07 10:56:47',2,NULL),
(596,'京N8FG29','2018-12-07 11:01:58',17,'广本欢乐谷店/2018年12月7日/进场/1544151717421660c.jpg',NULL,1,'2018-12-07 11:01:57',NULL,NULL,0,5,'2018-12-07 11:01:58',NULL,1,NULL,1,'2018-12-07 11:01:58',2,NULL),
(597,'京NH2782','2018-12-07 11:05:18',17,'广本欢乐谷店/2018年12月7日/进场/15441519172617112.jpg',NULL,1,'2018-12-07 11:05:17',NULL,NULL,0,5,'2018-12-07 11:05:18',NULL,1,NULL,1,'2018-12-07 11:05:18',2,NULL),
(598,'京MFQ199','2018-12-07 11:22:36',17,'广本欢乐谷店/2018年12月7日/进场/1544152956046e444.jpg',NULL,1,'2018-12-07 11:22:36',NULL,NULL,0,5,'2018-12-07 11:22:36',NULL,1,NULL,1,'2018-12-07 11:22:36',2,NULL),
(599,'京Q5R1V5','2018-12-07 11:33:52',17,'广本欢乐谷店/2018年12月7日/进场/1544153631610be3e.jpg',NULL,1,'2018-12-07 11:33:51',NULL,NULL,0,5,'2018-12-07 11:33:52',NULL,1,NULL,1,'2018-12-07 11:33:52',2,NULL),
(600,'冀DP013Y','2018-12-07 11:42:44',17,'广本欢乐谷店/2018年12月7日/进场/154415416389864bd.jpg',NULL,1,'2018-12-07 11:42:44',NULL,NULL,0,5,'2018-12-07 11:42:44',NULL,1,NULL,1,'2018-12-07 11:42:44',2,NULL),
(601,'京P639N0','2018-12-07 11:43:52',17,'广本欢乐谷店/2018年12月7日/进场/15441542315796823.jpg',NULL,1,'2018-12-07 11:43:51',NULL,NULL,0,5,'2018-12-07 11:43:52',NULL,1,NULL,1,'2018-12-07 11:43:52',2,NULL),
(602,'京Q0TL99','2018-12-07 11:45:32',17,'广本欢乐谷店/2018年12月7日/进场/15441543323753006.jpg',NULL,1,'2018-12-07 11:45:32',NULL,NULL,0,5,'2018-12-07 11:45:32',NULL,1,NULL,1,'2018-12-07 11:45:32',2,NULL),
(603,'京FAF605','2018-12-07 11:56:54',17,'广本欢乐谷店/2018年12月7日/进场/1544155013818b4a8.jpg',NULL,1,'2018-12-07 11:56:53',NULL,NULL,0,5,'2018-12-07 11:56:54',NULL,1,NULL,1,'2018-12-07 11:56:54',2,NULL),
(604,'京QA7M25','2018-12-07 12:06:06',17,'广本欢乐谷店/2018年12月7日/进场/1544155565537ff33.jpg',NULL,1,'2018-12-07 12:06:05',NULL,NULL,0,5,'2018-12-07 12:06:06',NULL,1,NULL,1,'2018-12-07 12:06:06',2,NULL),
(605,'京P0C712','2018-12-07 12:11:39',17,'广本欢乐谷店/2018年12月7日/进场/1544155898169d5bb.jpg',NULL,1,'2018-12-07 12:11:38',NULL,NULL,0,5,'2018-12-07 12:11:39',NULL,1,NULL,1,'2018-12-07 12:11:39',2,NULL),
(606,'京J49593','2018-12-07 12:16:41',17,'广本欢乐谷店/2018年12月7日/进场/1544156200833f496.jpg',NULL,1,'2018-12-07 12:16:40',NULL,NULL,0,5,'2018-12-07 12:16:41',NULL,1,NULL,1,'2018-12-07 12:16:41',2,NULL),
(607,'京Q716S2','2018-12-07 12:21:57',17,'广本欢乐谷店/2018年12月7日/进场/1544156517120e441.jpg',NULL,1,'2018-12-07 12:21:57',NULL,NULL,0,5,'2018-12-07 12:21:57',NULL,1,NULL,1,'2018-12-07 12:21:57',2,NULL),
(608,'京J35725','2018-12-07 12:37:52',17,'广本欢乐谷店/2018年12月7日/进场/1544157472058f360.jpg',NULL,1,'2018-12-07 12:37:52',NULL,NULL,0,5,'2018-12-07 12:37:52',NULL,1,NULL,1,'2018-12-07 12:37:52',2,NULL),
(609,'京PJ7H12','2018-12-07 12:38:08',17,'广本欢乐谷店/2018年12月7日/进场/154415748727166d8.jpg',NULL,1,'2018-12-07 12:38:07',NULL,NULL,0,5,'2018-12-07 12:38:08',NULL,1,NULL,1,'2018-12-07 12:38:08',2,NULL),
(610,'','2018-12-07 12:51:22',NULL,NULL,1,29,'2018-12-07 12:51:22',NULL,NULL,0,1,NULL,0,NULL,'1234',29,'2018-12-07 12:51:23',1,NULL),
(611,'京Q37MT9','2018-12-07 12:54:28',17,'广本欢乐谷店/2018年12月7日/进场/15441584679945ec6.jpg',NULL,1,'2018-12-07 12:54:28',NULL,NULL,0,5,'2018-12-07 12:54:28',NULL,1,NULL,1,'2018-12-07 12:54:28',2,NULL),
(612,'京N2P789','2018-12-07 12:54:37',17,'广本欢乐谷店/2018年12月7日/进场/1544158476227382d.jpg',NULL,1,'2018-12-07 12:54:36',NULL,NULL,0,5,'2018-12-07 12:54:37',NULL,1,NULL,1,'2018-12-07 12:54:37',2,NULL),
(613,'京N3P547','2018-12-07 13:10:49',17,'广本欢乐谷店/2018年12月7日/进场/154415944899907d7.jpg',NULL,1,'2018-12-07 13:10:49',NULL,NULL,0,5,'2018-12-07 13:10:49',NULL,1,NULL,1,'2018-12-07 13:10:49',2,NULL),
(614,'京HW8730','2018-12-07 13:20:33',17,'广本欢乐谷店/2018年12月7日/进场/15441600329115632.jpg',NULL,1,'2018-12-07 13:20:33',NULL,NULL,0,5,'2018-12-07 13:20:33',NULL,1,NULL,1,'2018-12-07 13:20:33',2,NULL),
(615,'京NA30T0','2018-12-07 13:24:27',17,'广本欢乐谷店/2018年12月7日/进场/1544160266547a05b.jpg',NULL,1,'2018-12-07 13:24:26',NULL,NULL,0,5,'2018-12-07 13:24:27',NULL,1,NULL,1,'2018-12-07 13:24:27',2,NULL),
(616,'京PMN270','2018-12-07 13:30:26',17,'广本欢乐谷店/2018年12月7日/进场/1544160625920eb88.jpg',NULL,1,'2018-12-07 13:30:26',NULL,NULL,0,5,'2018-12-07 13:30:26',NULL,1,NULL,1,'2018-12-07 13:30:26',2,NULL),
(617,'苏F9EG32','2018-12-07 13:30:58',17,'广本欢乐谷店/2018年12月7日/进场/1544160657377ab23.jpg',NULL,1,'2018-12-07 13:30:57',NULL,NULL,0,5,'2018-12-07 13:30:58',NULL,1,NULL,1,'2018-12-07 13:30:58',2,NULL),
(618,'京PR6Z01','2018-12-07 13:36:47',17,'广本欢乐谷店/2018年12月7日/进场/1544161006442c3d0.jpg',NULL,1,'2018-12-07 13:36:46',NULL,NULL,0,5,'2018-12-07 13:36:47',NULL,1,NULL,1,'2018-12-07 13:36:47',2,NULL),
(619,'京NE8108','2018-12-07 13:52:14',17,'广本欢乐谷店/2018年12月7日/进场/15441619339557bfe.jpg',NULL,1,'2018-12-07 13:52:14',NULL,NULL,0,5,'2018-12-07 13:52:14',NULL,1,NULL,1,'2018-12-07 13:52:14',2,NULL),
(620,'京N765P2','2018-12-07 13:56:38',17,'广本欢乐谷店/2018年12月7日/进场/1544162197487213a.jpg',NULL,1,'2018-12-07 13:56:37',NULL,NULL,0,5,'2018-12-07 13:56:38',NULL,1,NULL,1,'2018-12-07 13:56:38',2,NULL),
(621,'京QD33U0','2018-12-07 14:00:33',17,'广本欢乐谷店/2018年12月7日/进场/1544162432359295f.jpg',NULL,1,'2018-12-07 14:00:32',NULL,NULL,0,5,'2018-12-07 14:00:33',NULL,1,NULL,1,'2018-12-07 14:00:33',2,NULL),
(622,'京P18S83','2018-12-07 14:05:31',17,'广本欢乐谷店/2018年12月7日/进场/1544162730741cfb5.jpg',NULL,1,'2018-12-07 14:05:30',NULL,NULL,0,5,'2018-12-07 14:05:31',NULL,1,NULL,1,'2018-12-07 14:05:31',2,NULL),
(623,'宁EV8859','2018-12-07 14:09:21',17,'广本欢乐谷店/2018年12月7日/进场/154416296003974d1.jpg',NULL,1,'2018-12-07 14:09:20',NULL,NULL,0,5,'2018-12-07 14:09:21',NULL,1,NULL,1,'2018-12-07 14:09:21',2,NULL),
(624,'京Q29XU8','2018-12-07 14:12:14',17,'广本欢乐谷店/2018年12月7日/进场/154416313375678b2.jpg',NULL,1,'2018-12-07 14:12:14',NULL,NULL,0,5,'2018-12-07 14:12:14',NULL,1,NULL,1,'2018-12-07 14:12:14',2,NULL),
(625,'鲁M3009S','2018-12-07 14:18:27',17,'广本欢乐谷店/2018年12月7日/进场/15441635066227d70.jpg',NULL,1,'2018-12-07 14:18:26',NULL,NULL,0,5,'2018-12-07 14:18:27',NULL,1,NULL,1,'2018-12-07 14:18:27',2,NULL),
(626,'京NG3K15','2018-12-07 14:18:31',17,'广本欢乐谷店/2018年12月7日/进场/1544163511410dbb8.jpg',NULL,1,'2018-12-07 14:18:31',NULL,NULL,0,5,'2018-12-07 14:18:31',NULL,1,NULL,1,'2018-12-07 14:18:31',2,NULL),
(627,'京N466R0','2018-12-07 14:35:57',17,'广本欢乐谷店/2018年12月7日/进场/1544164556957a8b4.jpg',NULL,1,'2018-12-07 14:35:57',NULL,NULL,0,5,'2018-12-07 14:35:57',NULL,1,NULL,1,'2018-12-07 14:35:57',2,NULL),
(628,'晋B1550C','2018-12-07 14:48:19',17,'广本欢乐谷店/2018年12月7日/进场/1544165298426997f.jpg',NULL,1,'2018-12-07 14:48:18',NULL,NULL,0,5,'2018-12-07 14:48:19',NULL,1,NULL,1,'2018-12-07 14:48:19',2,NULL),
(629,'京HW3932','2018-12-07 14:53:13',17,'广本欢乐谷店/2018年12月7日/进场/154416559300516be.jpg',NULL,1,'2018-12-07 14:53:13',NULL,NULL,0,5,'2018-12-07 14:53:13',NULL,1,NULL,1,'2018-12-07 14:53:13',2,NULL),
(630,'京KFE075','2018-12-07 14:55:29',17,'广本欢乐谷店/2018年12月7日/进场/154416572851953fc.jpg',NULL,1,'2018-12-07 14:55:28',NULL,NULL,0,5,'2018-12-07 14:55:29',NULL,1,NULL,1,'2018-12-07 14:55:29',2,NULL),
(631,'京CBU009','2018-12-07 15:01:49',17,'广本欢乐谷店/2018年12月7日/进场/15441661088398154.jpg',NULL,1,'2018-12-07 15:01:48',NULL,NULL,0,5,'2018-12-07 15:01:49',NULL,1,NULL,1,'2018-12-07 15:01:49',2,NULL),
(632,'京N250N9','2018-12-07 15:05:25',17,'广本欢乐谷店/2018年12月7日/进场/15441663246470f5b.jpg',NULL,1,'2018-12-07 15:05:24',NULL,NULL,0,5,'2018-12-07 15:05:25',NULL,1,NULL,1,'2018-12-07 15:05:25',2,NULL),
(633,'WJ京0098X','2018-12-07 15:07:35',17,'广本欢乐谷店/2018年12月7日/进场/15441664552568883.jpg',NULL,1,'2018-12-07 15:07:35',NULL,NULL,0,5,'2018-12-07 15:07:35',NULL,1,NULL,1,'2018-12-07 15:07:35',2,NULL),
(634,'冀R0K5A7','2018-12-07 15:10:31',17,'广本欢乐谷店/2018年12月7日/进场/15441666307587b39.jpg',NULL,1,'2018-12-07 15:10:30',NULL,NULL,0,5,'2018-12-07 15:10:31',NULL,1,NULL,1,'2018-12-07 15:10:31',2,NULL),
(635,'辽NHZ272','2018-12-07 15:26:24',17,'广本欢乐谷店/2018年12月7日/进场/1544167583975ed15.jpg',NULL,1,'2018-12-07 15:26:24',NULL,NULL,0,5,'2018-12-07 15:26:24',NULL,1,NULL,1,'2018-12-07 15:26:24',2,NULL),
(636,'京QT67A7','2018-12-07 15:45:08',17,'广本欢乐谷店/2018年12月7日/进场/1544168707596e660.jpg',NULL,1,'2018-12-07 15:45:07',NULL,NULL,0,5,'2018-12-07 15:45:08',NULL,1,NULL,1,'2018-12-07 15:45:08',2,NULL),
(637,'京KFE015','2018-12-07 17:30:10',17,'广本欢乐谷店/2018年12月7日/进场/15441750094140125.jpg',NULL,1,'2018-12-07 17:30:10',NULL,NULL,0,5,'2018-12-07 17:30:10',NULL,1,NULL,1,'2018-12-07 17:30:10',2,NULL),
(638,'京NYZ165','2018-12-07 17:41:30',17,'广本欢乐谷店/2018年12月7日/进场/15441756896089cd8.jpg',NULL,1,'2018-12-07 17:41:29',NULL,NULL,0,5,'2018-12-07 17:41:30',NULL,1,NULL,1,'2018-12-07 17:41:30',2,NULL),
(639,'京MBV818','2018-12-07 18:00:28',17,'广本欢乐谷店/2018年12月7日/进场/154417682713637d9.jpg',NULL,1,'2018-12-07 18:00:27',NULL,NULL,0,5,'2018-12-07 18:00:28',NULL,1,NULL,1,'2018-12-07 18:00:28',2,NULL),
(640,'京Q11SX7','2018-12-07 18:21:21',17,'广本欢乐谷店/2018年12月7日/进场/1544178080786ba7c.jpg',NULL,1,'2018-12-07 18:21:21',NULL,NULL,0,5,'2018-12-07 18:21:21',NULL,1,NULL,1,'2018-12-07 18:21:21',2,NULL),
(641,'京QU78X8','2018-12-08 07:27:26',17,'广本欢乐谷店/2018年12月8日/进场/1544225245820a060.jpg',NULL,1,'2018-12-08 07:27:26',NULL,NULL,0,5,'2018-12-08 07:27:26',NULL,1,NULL,1,'2018-12-08 07:27:26',2,NULL),
(642,'冀D327BJ','2018-12-08 07:47:08',17,'广本欢乐谷店/2018年12月8日/进场/1544226427180c897.jpg',NULL,1,'2018-12-08 07:47:07',NULL,NULL,0,5,'2018-12-08 07:47:08',NULL,1,NULL,1,'2018-12-08 07:47:08',2,NULL),
(643,'京Q11SX7','2018-12-08 08:09:27',17,'广本欢乐谷店/2018年12月8日/进场/15442277665067b5f.jpg',NULL,1,'2018-12-08 08:09:26',NULL,NULL,0,5,'2018-12-08 08:09:27',NULL,1,NULL,1,'2018-12-08 08:09:27',2,NULL),
(644,'京HY8027','2018-12-08 08:10:35',17,'广本欢乐谷店/2018年12月8日/进场/15442278342301fc7.jpg',NULL,1,'2018-12-08 08:10:34',NULL,NULL,0,5,'2018-12-08 08:10:35',NULL,1,NULL,1,'2018-12-08 08:10:35',2,NULL),
(645,'京N8TP66','2018-12-08 08:12:16',17,'广本欢乐谷店/2018年12月8日/进场/1544227935505dbcf.jpg',NULL,1,'2018-12-08 08:12:15',NULL,NULL,0,5,'2018-12-08 08:12:16',NULL,1,NULL,1,'2018-12-08 08:12:16',2,NULL),
(646,'京EAQ519','2018-12-08 08:19:21',17,'广本欢乐谷店/2018年12月8日/进场/1544228360820ccec.jpg',NULL,1,'2018-12-08 08:19:20',NULL,NULL,0,5,'2018-12-08 08:19:21',NULL,1,NULL,1,'2018-12-08 08:19:21',2,NULL),
(647,'京N38RE2','2018-12-08 08:20:05',17,'广本欢乐谷店/2018年12月8日/进场/1544228404627147c.jpg',NULL,1,'2018-12-08 08:20:04',NULL,NULL,0,5,'2018-12-08 08:20:05',NULL,1,NULL,1,'2018-12-08 08:20:05',2,NULL),
(648,'冀G0980W','2018-12-08 08:24:24',17,'广本欢乐谷店/2018年12月8日/进场/15442286630912b93.jpg',NULL,1,'2018-12-08 08:24:23',NULL,NULL,0,5,'2018-12-08 08:24:24',NULL,1,NULL,1,'2018-12-08 08:24:24',2,NULL),
(649,'冀R1E8G6','2018-12-08 08:27:38',17,'广本欢乐谷店/2018年12月8日/进场/154422885794802cb.jpg',NULL,1,'2018-12-08 08:27:38',NULL,NULL,0,5,'2018-12-08 08:27:38',NULL,1,NULL,1,'2018-12-08 08:27:38',2,NULL),
(650,'京NMG675','2018-12-08 08:31:57',17,'广本欢乐谷店/2018年12月8日/进场/15442291164969251.jpg',NULL,1,'2018-12-08 08:31:56',NULL,NULL,0,5,'2018-12-08 08:31:57',NULL,1,NULL,1,'2018-12-08 08:31:57',2,NULL),
(651,'京KA5930','2018-12-08 08:40:08',17,'广本欢乐谷店/2018年12月8日/进场/15442296071804453.jpg',NULL,1,'2018-12-08 08:40:07',NULL,NULL,0,5,'2018-12-08 08:40:08',NULL,1,NULL,1,'2018-12-08 08:40:08',2,NULL),
(652,'京KFY566','2018-12-08 08:40:29',17,'广本欢乐谷店/2018年12月8日/进场/1544229628248e951.jpg',NULL,1,'2018-12-08 08:40:28',NULL,NULL,0,5,'2018-12-08 08:40:29',NULL,1,NULL,1,'2018-12-08 08:40:29',2,NULL),
(653,'京Q18UG1','2018-12-08 08:46:10',17,'广本欢乐谷店/2018年12月8日/进场/15442299697849856.jpg',NULL,1,'2018-12-08 08:46:09',NULL,NULL,0,5,'2018-12-08 08:46:10',NULL,1,NULL,1,'2018-12-08 08:46:10',2,NULL),
(654,'京JJ183M','2018-12-08 08:56:13',17,'广本欢乐谷店/2018年12月8日/进场/15442305733403395.jpg',NULL,1,'2018-12-08 08:56:13',NULL,NULL,0,5,'2018-12-08 08:56:13',NULL,1,NULL,1,'2018-12-08 08:56:13',2,NULL),
(655,'冀GAS901','2018-12-08 09:04:40',17,'广本欢乐谷店/2018年12月8日/进场/15442310791948b79.jpg',NULL,1,'2018-12-08 09:04:39',NULL,NULL,0,5,'2018-12-08 09:04:40',NULL,1,NULL,1,'2018-12-08 09:04:40',2,NULL),
(656,'京KG9937','2018-12-08 09:08:06',17,'广本欢乐谷店/2018年12月8日/进场/15442312860096050.jpg',NULL,1,'2018-12-08 09:08:06',NULL,NULL,0,5,'2018-12-08 09:08:06',NULL,1,NULL,1,'2018-12-08 09:08:06',2,NULL),
(657,'冀AA31Z2','2018-12-08 09:17:20',17,'广本欢乐谷店/2018年12月8日/进场/1544231840096564f.jpg',NULL,1,'2018-12-08 09:17:20',NULL,NULL,0,5,'2018-12-08 09:17:20',NULL,1,NULL,1,'2018-12-08 09:17:20',2,NULL),
(658,'京NE1510','2018-12-08 09:30:50',17,'广本欢乐谷店/2018年12月8日/进场/15442326496157e92.jpg',NULL,1,'2018-12-08 09:30:50',NULL,NULL,0,5,'2018-12-08 09:30:50',NULL,1,NULL,1,'2018-12-08 09:30:50',2,NULL),
(659,'京QR2T99','2018-12-08 09:31:29',17,'广本欢乐谷店/2018年12月8日/进场/154423268880120b2.jpg',NULL,1,'2018-12-08 09:31:28',NULL,NULL,0,5,'2018-12-08 09:31:29',NULL,1,NULL,1,'2018-12-08 09:31:29',2,NULL),
(660,'豫R806Y5','2018-12-08 09:38:46',17,'广本欢乐谷店/2018年12月8日/进场/15442331257942c19.jpg',NULL,1,'2018-12-08 09:38:46',NULL,NULL,0,5,'2018-12-08 09:38:46',NULL,1,NULL,1,'2018-12-08 09:38:46',2,NULL),
(661,'京J45391','2018-12-08 09:43:33',17,'广本欢乐谷店/2018年12月8日/进场/1544233412673f395.jpg',NULL,1,'2018-12-08 09:43:33',NULL,NULL,0,5,'2018-12-08 09:43:33',NULL,1,NULL,1,'2018-12-08 09:43:33',2,NULL),
(662,'京QT35V7','2018-12-08 09:45:13',17,'广本欢乐谷店/2018年12月8日/进场/154423351241946ec.jpg',NULL,1,'2018-12-08 09:45:12',NULL,NULL,0,5,'2018-12-08 09:45:13',NULL,1,NULL,1,'2018-12-08 09:45:13',2,NULL),
(663,'京PL6U22','2018-12-08 10:08:39',17,'广本欢乐谷店/2018年12月8日/进场/1544234918560696d.jpg',NULL,1,'2018-12-08 10:08:38',NULL,NULL,0,5,'2018-12-08 10:08:39',NULL,1,NULL,1,'2018-12-08 10:08:39',2,NULL),
(664,'京QB07N7','2018-12-08 10:13:16',17,'广本欢乐谷店/2018年12月8日/进场/15442351959244bae.jpg',NULL,1,'2018-12-08 10:13:16',NULL,NULL,0,5,'2018-12-08 10:13:16',NULL,1,NULL,1,'2018-12-08 10:13:16',2,NULL),
(665,'京P15606','2018-12-08 10:17:22',17,'广本欢乐谷店/2018年12月8日/进场/15442354420356489.jpg',NULL,1,'2018-12-08 10:17:22',NULL,NULL,0,5,'2018-12-08 10:17:22',NULL,1,NULL,1,'2018-12-08 10:17:22',2,NULL),
(666,'京N229V3','2018-12-08 10:27:41',17,'广本欢乐谷店/2018年12月8日/进场/1544236060431c0a9.jpg',NULL,1,'2018-12-08 10:27:40',NULL,NULL,0,5,'2018-12-08 10:27:41',NULL,1,NULL,1,'2018-12-08 10:27:41',2,NULL),
(667,'京GWW396','2018-12-08 10:33:58',17,'广本欢乐谷店/2018年12月8日/进场/154423643756249f9.jpg',NULL,1,'2018-12-08 10:33:58',NULL,NULL,0,5,'2018-12-08 10:33:58',NULL,1,NULL,1,'2018-12-08 10:33:58',2,NULL),
(668,'京EBA349','2018-12-08 10:35:16',17,'广本欢乐谷店/2018年12月8日/进场/1544236515845c8c3.jpg',NULL,1,'2018-12-08 10:35:16',NULL,NULL,0,5,'2018-12-08 10:35:16',NULL,1,NULL,1,'2018-12-08 10:35:16',2,NULL),
(669,'京NTH246','2018-12-08 10:45:23',17,'广本欢乐谷店/2018年12月8日/进场/1544237122945f227.jpg',NULL,1,'2018-12-08 10:45:23',NULL,NULL,0,5,'2018-12-08 10:45:23',NULL,1,NULL,1,'2018-12-08 10:45:23',2,NULL),
(670,'京NQD517','2018-12-08 10:45:56',17,'广本欢乐谷店/2018年12月8日/进场/15442371556704b17.jpg',NULL,1,'2018-12-08 10:45:55',NULL,NULL,0,5,'2018-12-08 10:45:56',NULL,1,NULL,1,'2018-12-08 10:45:56',2,NULL),
(671,'京PM2S56','2018-12-08 10:48:12',17,'广本欢乐谷店/2018年12月8日/进场/15442372913783d3f.jpg',NULL,1,'2018-12-08 10:48:11',NULL,NULL,0,5,'2018-12-08 10:48:12',NULL,1,NULL,1,'2018-12-08 10:48:12',2,NULL),
(672,'京NRY324','2018-12-08 10:50:27',17,'广本欢乐谷店/2018年12月8日/进场/1544237427006e976.jpg',NULL,1,'2018-12-08 10:50:27',NULL,NULL,0,5,'2018-12-08 10:50:27',NULL,1,NULL,1,'2018-12-08 10:50:27',2,NULL),
(673,'京N66MV9','2018-12-08 10:50:46',17,'广本欢乐谷店/2018年12月8日/进场/15442374462498628.jpg',NULL,1,'2018-12-08 10:50:46',NULL,NULL,0,5,'2018-12-08 10:50:46',NULL,1,NULL,1,'2018-12-08 10:50:46',2,NULL),
(674,'京NS2985','2018-12-08 11:04:13',17,'广本欢乐谷店/2018年12月8日/进场/15442382522342da9.jpg',NULL,1,'2018-12-08 11:04:12',NULL,NULL,0,5,'2018-12-08 11:04:13',NULL,1,NULL,1,'2018-12-08 11:04:13',2,NULL),
(675,'京KFW378','2018-12-08 11:07:11',17,'广本欢乐谷店/2018年12月8日/进场/1544238430508df2f.jpg',NULL,1,'2018-12-08 11:07:10',NULL,NULL,0,5,'2018-12-08 11:07:11',NULL,1,NULL,1,'2018-12-08 11:07:11',2,NULL),
(676,'冀B2JX52','2018-12-08 11:15:44',17,'广本欢乐谷店/2018年12月8日/进场/154423894394455ed.jpg',NULL,1,'2018-12-08 11:15:44',NULL,NULL,0,5,'2018-12-08 11:15:44',NULL,1,NULL,1,'2018-12-08 11:15:44',2,NULL),
(677,'吉AAC261','2018-12-08 11:16:27',17,'广本欢乐谷店/2018年12月8日/进场/15442389868022db1.jpg',NULL,1,'2018-12-08 11:16:27',NULL,NULL,0,5,'2018-12-08 11:16:27',NULL,1,NULL,1,'2018-12-08 11:16:27',2,NULL),
(678,'豫PQC590','2018-12-08 11:28:25',17,'广本欢乐谷店/2018年12月8日/进场/154423970503833de.jpg',NULL,1,'2018-12-08 11:28:25',NULL,NULL,0,5,'2018-12-08 11:28:25',NULL,1,NULL,1,'2018-12-08 11:28:25',2,NULL),
(679,'京NDB005','2018-12-08 11:28:32',17,'广本欢乐谷店/2018年12月8日/进场/1544239712076d83f.jpg',NULL,1,'2018-12-08 11:28:32',NULL,NULL,0,5,'2018-12-08 11:28:32',NULL,1,NULL,1,'2018-12-08 11:28:32',2,NULL),
(680,'鲁P010WE','2018-12-08 11:28:47',17,'广本欢乐谷店/2018年12月8日/进场/15442397264563677.jpg',NULL,1,'2018-12-08 11:28:46',NULL,NULL,0,5,'2018-12-08 11:28:47',NULL,1,NULL,1,'2018-12-08 11:28:47',2,NULL),
(681,'京P8S991','2018-12-08 11:30:48',17,'广本欢乐谷店/2018年12月8日/进场/1544239847729baf4.jpg',NULL,1,'2018-12-08 11:30:47',NULL,NULL,0,5,'2018-12-08 11:30:48',NULL,1,NULL,1,'2018-12-08 11:30:48',2,NULL),
(682,'京EF8675','2018-12-08 11:32:58',17,'广本欢乐谷店/2018年12月8日/进场/15442399774075f9d.jpg',NULL,1,'2018-12-08 11:32:57',NULL,NULL,0,5,'2018-12-08 11:32:58',NULL,1,NULL,1,'2018-12-08 11:32:58',2,NULL),
(683,'京J93745','2018-12-08 11:47:05',17,'广本欢乐谷店/2018年12月8日/进场/15442408244665ff0.jpg',NULL,1,'2018-12-08 11:47:04',NULL,NULL,0,5,'2018-12-08 11:47:05',NULL,1,NULL,1,'2018-12-08 11:47:05',2,NULL),
(684,'京N9XF87','2018-12-08 12:01:55',17,'广本欢乐谷店/2018年12月8日/进场/1544241714582ce6e.jpg',NULL,1,'2018-12-08 12:01:54',NULL,NULL,0,5,'2018-12-08 12:01:55',NULL,1,NULL,1,'2018-12-08 12:01:55',2,NULL),
(685,'蒙A367FR','2018-12-08 12:02:03',17,'广本欢乐谷店/2018年12月8日/进场/1544241722430896d.jpg',NULL,1,'2018-12-08 12:02:02',NULL,NULL,0,5,'2018-12-08 12:02:03',NULL,1,NULL,1,'2018-12-08 12:02:03',2,NULL),
(686,'冀HLD670','2018-12-08 12:02:09',17,'广本欢乐谷店/2018年12月8日/进场/1544241729271d844.jpg',NULL,1,'2018-12-08 12:02:09',NULL,NULL,0,5,'2018-12-08 12:02:09',NULL,1,NULL,1,'2018-12-08 12:02:09',2,NULL),
(687,'京N379Y2','2018-12-08 12:16:48',17,'广本欢乐谷店/2018年12月8日/进场/15442426077591ed4.jpg',NULL,1,'2018-12-08 12:16:47',NULL,NULL,0,5,'2018-12-08 12:16:48',NULL,1,NULL,1,'2018-12-08 12:16:48',2,NULL),
(688,'京MA8085','2018-12-08 12:22:54',17,'广本欢乐谷店/2018年12月8日/进场/1544242973756a216.jpg',NULL,1,'2018-12-08 12:22:54',NULL,NULL,0,5,'2018-12-08 12:22:54',NULL,1,NULL,1,'2018-12-08 12:22:54',2,NULL),
(689,'京NE0962','2018-12-08 12:31:37',17,'广本欢乐谷店/2018年12月8日/进场/15442434971425c97.jpg',NULL,1,'2018-12-08 12:31:37',NULL,NULL,0,5,'2018-12-08 12:31:37',NULL,1,NULL,1,'2018-12-08 12:31:37',2,NULL),
(690,'京P333Q0','2018-12-08 12:33:55',17,'广本欢乐谷店/2018年12月8日/进场/1544243635142b393.jpg',NULL,1,'2018-12-08 12:33:55',NULL,NULL,0,5,'2018-12-08 12:33:55',NULL,1,NULL,1,'2018-12-08 12:33:55',2,NULL),
(691,'京N5Z550','2018-12-08 12:36:44',17,'广本欢乐谷店/2018年12月8日/进场/15442438043839709.jpg',NULL,1,'2018-12-08 12:36:44',NULL,NULL,0,5,'2018-12-08 12:36:44',NULL,1,NULL,1,'2018-12-08 12:36:44',2,NULL),
(692,'京HBY533','2018-12-08 12:55:48',17,'广本欢乐谷店/2018年12月8日/进场/15442449479050bc8.jpg',NULL,1,'2018-12-08 12:55:48',NULL,NULL,0,5,'2018-12-08 12:55:48',NULL,1,NULL,1,'2018-12-08 12:55:48',2,NULL),
(693,'鄂FCP798','2018-12-08 12:58:32',17,'广本欢乐谷店/2018年12月8日/进场/1544245111706e733.jpg',NULL,1,'2018-12-08 12:58:31',NULL,NULL,0,5,'2018-12-08 12:58:32',NULL,1,NULL,1,'2018-12-08 12:58:32',2,NULL),
(694,'京J30678','2018-12-08 12:58:37',17,'广本欢乐谷店/2018年12月8日/进场/154424511731313cf.jpg',NULL,1,'2018-12-08 12:58:37',NULL,NULL,0,5,'2018-12-08 12:58:37',NULL,1,NULL,1,'2018-12-08 12:58:37',2,NULL),
(695,'京ND7J30','2018-12-08 13:05:20',17,'广本欢乐谷店/2018年12月8日/进场/1544245519964eb53.jpg',NULL,1,'2018-12-08 13:05:20',NULL,NULL,0,5,'2018-12-08 13:05:20',NULL,1,NULL,1,'2018-12-08 13:05:20',2,NULL),
(696,'京FER096','2018-12-08 13:13:49',17,'广本欢乐谷店/2018年12月8日/进场/154424602877536ab.jpg',NULL,1,'2018-12-08 13:13:48',NULL,NULL,0,5,'2018-12-08 13:13:49',NULL,1,NULL,1,'2018-12-08 13:13:49',2,NULL),
(697,'京QC1Y21','2018-12-08 13:22:03',17,'广本欢乐谷店/2018年12月8日/进场/1544246522656d8b2.jpg',NULL,1,'2018-12-08 13:22:02',NULL,NULL,0,5,'2018-12-08 13:22:03',NULL,1,NULL,1,'2018-12-08 13:22:03',2,NULL),
(698,'京F90459','2018-12-08 13:22:07',17,'广本欢乐谷店/2018年12月8日/进场/15442465273652f12.jpg',NULL,1,'2018-12-08 13:22:07',NULL,NULL,0,5,'2018-12-08 13:22:07',NULL,1,NULL,1,'2018-12-08 13:22:07',2,NULL),
(699,'京N9H619','2018-12-08 13:26:35',17,'广本欢乐谷店/2018年12月8日/进场/1544246795041aebb.jpg',NULL,1,'2018-12-08 13:26:35',NULL,NULL,0,5,'2018-12-08 13:26:35',NULL,1,NULL,1,'2018-12-08 13:26:35',2,NULL),
(700,'京N250N9','2018-12-08 13:36:27',17,'广本欢乐谷店/2018年12月8日/进场/15442473863528281.jpg',NULL,1,'2018-12-08 13:36:26',NULL,NULL,0,5,'2018-12-08 13:36:27',NULL,1,NULL,1,'2018-12-08 13:36:27',2,NULL),
(701,'鲁AK11V0','2018-12-08 13:37:37',17,'广本欢乐谷店/2018年12月8日/进场/154424745723916fe.jpg',NULL,1,'2018-12-08 13:37:37',NULL,NULL,0,5,'2018-12-08 13:37:37',NULL,1,NULL,1,'2018-12-08 13:37:37',2,NULL),
(702,'鲁D7510V','2018-12-08 13:40:14',17,'广本欢乐谷店/2018年12月8日/进场/1544247613588a2c3.jpg',NULL,1,'2018-12-08 13:40:13',NULL,NULL,0,5,'2018-12-08 13:40:14',NULL,1,NULL,1,'2018-12-08 13:40:14',2,NULL),
(703,'京Q60QF0','2018-12-08 13:40:21',17,'广本欢乐谷店/2018年12月8日/进场/1544247621435aabc.jpg',NULL,1,'2018-12-08 13:40:21',NULL,NULL,0,5,'2018-12-08 13:40:21',NULL,1,NULL,1,'2018-12-08 13:40:21',2,NULL),
(704,'京N8PP16','2018-12-08 13:53:11',17,'广本欢乐谷店/2018年12月8日/进场/1544248390809ac8d.jpg',NULL,1,'2018-12-08 13:53:11',NULL,NULL,0,5,'2018-12-08 13:53:11',NULL,1,NULL,1,'2018-12-08 13:53:11',2,NULL),
(705,'京JP6145','2018-12-08 14:02:11',17,'广本欢乐谷店/2018年12月8日/进场/15442489305283081.jpg',NULL,1,'2018-12-08 14:02:10',NULL,NULL,0,5,'2018-12-08 14:02:11',NULL,1,NULL,1,'2018-12-08 14:02:11',2,NULL),
(706,'京QH6K68','2018-12-08 14:03:23',17,'广本欢乐谷店/2018年12月8日/进场/15442490024561c48.jpg',NULL,1,'2018-12-08 14:03:22',NULL,NULL,0,5,'2018-12-08 14:03:23',NULL,1,NULL,1,'2018-12-08 14:03:23',2,NULL),
(707,'京BR6716','2018-12-08 14:05:35',17,'广本欢乐谷店/2018年12月8日/进场/154424913446080ee.jpg',NULL,1,'2018-12-08 14:05:34',NULL,NULL,0,5,'2018-12-08 14:05:35',NULL,1,NULL,1,'2018-12-08 14:05:35',2,NULL),
(708,'京Q76NH5','2018-12-08 14:35:02',17,'广本欢乐谷店/2018年12月8日/进场/1544250901475a35b.jpg',NULL,1,'2018-12-08 14:35:01',NULL,NULL,0,5,'2018-12-08 14:35:02',NULL,1,NULL,1,'2018-12-08 14:35:02',2,NULL),
(709,'京M58725','2018-12-08 14:37:58',17,'广本欢乐谷店/2018年12月8日/进场/1544251078119f298.jpg',NULL,1,'2018-12-08 14:37:58',NULL,NULL,0,5,'2018-12-08 14:37:58',NULL,1,NULL,1,'2018-12-08 14:37:58',2,NULL),
(710,'京N4V712','2018-12-08 14:44:36',17,'广本欢乐谷店/2018年12月8日/进场/1544251475750f956.jpg',NULL,1,'2018-12-08 14:44:35',NULL,NULL,0,5,'2018-12-08 14:44:36',NULL,1,NULL,1,'2018-12-08 14:44:36',2,NULL),
(711,'京QM90A0','2018-12-08 14:44:43',17,'广本欢乐谷店/2018年12月8日/进场/15442514830081392.jpg',NULL,1,'2018-12-08 14:44:43',NULL,NULL,0,5,'2018-12-08 14:44:43',NULL,1,NULL,1,'2018-12-08 14:44:43',2,NULL),
(712,'京AD58002','2018-12-08 14:44:53',17,'广本欢乐谷店/2018年12月8日/进场/15442514930720adc.jpg',NULL,1,'2018-12-08 14:44:53',NULL,NULL,0,5,'2018-12-08 14:44:53',NULL,1,NULL,1,'2018-12-08 14:44:53',2,NULL),
(713,'京FAZ237','2018-12-08 14:45:02',17,'广本欢乐谷店/2018年12月8日/进场/154425150223390f2.jpg',NULL,1,'2018-12-08 14:45:02',NULL,NULL,0,5,'2018-12-08 14:45:02',NULL,1,NULL,1,'2018-12-08 14:45:02',2,NULL),
(714,'京Q28S37','2018-12-08 14:47:24',17,'广本欢乐谷店/2018年12月8日/进场/15442516443758df7.jpg',NULL,1,'2018-12-08 14:47:24',NULL,NULL,0,5,'2018-12-08 14:47:24',NULL,1,NULL,1,'2018-12-08 14:47:24',2,NULL),
(715,'京EF8675','2018-12-08 14:47:46',17,'广本欢乐谷店/2018年12月8日/进场/1544251666013b458.jpg',NULL,1,'2018-12-08 14:47:46',NULL,NULL,0,5,'2018-12-08 14:47:46',NULL,1,NULL,1,'2018-12-08 14:47:46',2,NULL),
(716,'京PL9E15','2018-12-08 14:48:28',17,'广本欢乐谷店/2018年12月8日/进场/1544251707522a530.jpg',NULL,1,'2018-12-08 14:48:27',NULL,NULL,0,5,'2018-12-08 14:48:28',NULL,1,NULL,1,'2018-12-08 14:48:28',2,NULL),
(717,'京NPK654','2018-12-08 14:48:58',17,'广本欢乐谷店/2018年12月8日/进场/15442517382962391.jpg',NULL,1,'2018-12-08 14:48:58',NULL,NULL,0,5,'2018-12-08 14:48:58',NULL,1,NULL,1,'2018-12-08 14:48:58',2,NULL),
(718,'京NPK654','2018-12-08 14:49:27',17,'广本欢乐谷店/2018年12月8日/进场/154425176647520bd.jpg',NULL,1,'2018-12-08 14:49:26',NULL,NULL,0,5,'2018-12-08 14:49:27',NULL,1,NULL,1,'2018-12-08 14:49:27',2,NULL),
(719,'京FL4048','2018-12-08 14:49:35',17,'广本欢乐谷店/2018年12月8日/进场/1544251775126b1f4.jpg',NULL,1,'2018-12-08 14:49:35',NULL,NULL,0,5,'2018-12-08 14:49:35',NULL,1,NULL,1,'2018-12-08 14:49:35',2,NULL),
(720,'京Q01XA4','2018-12-08 14:57:00',17,'广本欢乐谷店/2018年12月8日/进场/154425221981897d7.jpg',NULL,1,'2018-12-08 14:56:59',NULL,NULL,0,5,'2018-12-08 14:57:00',NULL,1,NULL,1,'2018-12-08 14:57:00',2,NULL),
(721,'京NG0W77','2018-12-08 15:06:57',17,'广本欢乐谷店/2018年12月8日/进场/1544252816935886a.jpg',NULL,1,'2018-12-08 15:06:57',NULL,NULL,0,5,'2018-12-08 15:06:57',NULL,1,NULL,1,'2018-12-08 15:06:57',2,NULL),
(722,'京QG50S2','2018-12-08 15:13:31',17,'广本欢乐谷店/2018年12月8日/进场/15442532111151af2.jpg',NULL,1,'2018-12-08 15:13:31',NULL,NULL,0,5,'2018-12-08 15:13:31',NULL,1,NULL,1,'2018-12-08 15:13:31',2,NULL),
(723,'京NU8M27','2018-12-08 15:17:47',17,'广本欢乐谷店/2018年12月8日/进场/1544253466631be9d.jpg',NULL,1,'2018-12-08 15:17:46',NULL,NULL,0,5,'2018-12-08 15:17:47',NULL,1,NULL,1,'2018-12-08 15:17:47',2,NULL),
(724,'冀RRA317','2018-12-08 15:17:56',17,'广本欢乐谷店/2018年12月8日/进场/1544253475468d601.jpg',NULL,1,'2018-12-08 15:17:55',NULL,NULL,0,5,'2018-12-08 15:17:56',NULL,1,NULL,1,'2018-12-08 15:17:56',2,NULL),
(725,'冀J9P6E9','2018-12-08 15:30:00',17,'广本欢乐谷店/2018年12月8日/进场/15442542000477cd2.jpg',NULL,1,'2018-12-08 15:30:00',NULL,NULL,0,5,'2018-12-08 15:30:00',NULL,1,NULL,1,'2018-12-08 15:30:00',2,NULL),
(726,'京PR3Q76','2018-12-08 15:33:36',17,'广本欢乐谷店/2018年12月8日/进场/154425441619671bc.jpg',NULL,1,'2018-12-08 15:33:36',NULL,NULL,0,5,'2018-12-08 15:33:36',NULL,1,NULL,1,'2018-12-08 15:33:36',2,NULL),
(727,'京FFH002','2018-12-08 15:34:46',17,'广本欢乐谷店/2018年12月8日/进场/1544254485888b494.jpg',NULL,1,'2018-12-08 15:34:46',NULL,NULL,0,5,'2018-12-08 15:34:46',NULL,1,NULL,1,'2018-12-08 15:34:46',2,NULL),
(728,'京P639N0','2018-12-08 15:52:35',17,'广本欢乐谷店/2018年12月8日/进场/15442555548923d58.jpg',NULL,1,'2018-12-08 15:52:35',NULL,NULL,0,5,'2018-12-08 15:52:35',NULL,1,NULL,1,'2018-12-08 15:52:35',2,NULL),
(729,'京HFN081','2018-12-08 16:12:04',17,'广本欢乐谷店/2018年12月8日/进场/1544256724313d8cd.jpg',NULL,1,'2018-12-08 16:12:04',NULL,NULL,0,5,'2018-12-08 16:12:04',NULL,1,NULL,1,'2018-12-08 16:12:04',2,NULL),
(730,'京Q0Q551','2018-12-08 16:12:12',17,'广本欢乐谷店/2018年12月8日/进场/1544256731916706a.jpg',NULL,1,'2018-12-08 16:12:12',NULL,NULL,0,5,'2018-12-08 16:12:12',NULL,1,NULL,1,'2018-12-08 16:12:12',2,NULL),
(731,'津MZ1658','2018-12-08 16:18:24',17,'广本欢乐谷店/2018年12月8日/进场/1544257103277f023.jpg',NULL,1,'2018-12-08 16:18:23',NULL,NULL,0,5,'2018-12-08 16:18:24',NULL,1,NULL,1,'2018-12-08 16:18:24',2,NULL),
(732,'冀B0715U','2018-12-08 16:18:54',17,'广本欢乐谷店/2018年12月8日/进场/15442571336175b83.jpg',NULL,1,'2018-12-08 16:18:53',NULL,NULL,0,5,'2018-12-08 16:18:54',NULL,1,NULL,1,'2018-12-08 16:18:54',2,NULL),
(733,'京NG0367','2018-12-08 16:23:57',17,'广本欢乐谷店/2018年12月8日/进场/1544257437298db3d.jpg',NULL,1,'2018-12-08 16:23:57',NULL,NULL,0,5,'2018-12-08 16:23:57',NULL,1,NULL,1,'2018-12-08 16:23:57',2,NULL),
(734,'京HAY237','2018-12-08 16:27:59',17,'广本欢乐谷店/2018年12月8日/进场/15442576784926318.jpg',NULL,1,'2018-12-08 16:27:58',NULL,NULL,0,5,'2018-12-08 16:27:59',NULL,1,NULL,1,'2018-12-08 16:27:59',2,NULL),
(735,'京LBW779','2018-12-08 16:31:13',17,'广本欢乐谷店/2018年12月8日/进场/1544257872484032a.jpg',NULL,1,'2018-12-08 16:31:12',NULL,NULL,0,5,'2018-12-08 16:31:13',NULL,1,NULL,1,'2018-12-08 16:31:13',2,NULL),
(736,'冀CZ9152','2018-12-08 16:31:17',17,'广本欢乐谷店/2018年12月8日/进场/1544257877006d7c7.jpg',NULL,1,'2018-12-08 16:31:17',NULL,NULL,0,5,'2018-12-08 16:31:17',NULL,1,NULL,1,'2018-12-08 16:31:17',2,NULL),
(737,'豫KST902','2018-12-08 16:37:31',17,'广本欢乐谷店/2018年12月8日/进场/1544258250840b544.jpg',NULL,1,'2018-12-08 16:37:30',NULL,NULL,0,5,'2018-12-08 16:37:31',NULL,1,NULL,1,'2018-12-08 16:37:31',2,NULL),
(738,'京Q8K9Y7','2018-12-08 16:37:36',17,'广本欢乐谷店/2018年12月8日/进场/15442582561712296.jpg',NULL,1,'2018-12-08 16:37:36',NULL,NULL,0,5,'2018-12-08 16:37:36',NULL,1,NULL,1,'2018-12-08 16:37:36',2,NULL),
(739,'京KFE075','2018-12-08 17:08:04',17,'广本欢乐谷店/2018年12月8日/进场/1544260083638edb9.jpg',NULL,1,'2018-12-08 17:08:04',NULL,NULL,0,5,'2018-12-08 17:08:04',NULL,1,NULL,1,'2018-12-08 17:08:04',2,NULL),
(740,'京PS2006','2018-12-08 17:28:13',17,'广本欢乐谷店/2018年12月8日/进场/1544261292526ce6c.jpg',NULL,1,'2018-12-08 17:28:13',NULL,NULL,0,5,'2018-12-08 17:28:13',NULL,1,NULL,1,'2018-12-08 17:28:13',2,NULL),
(741,'京CDV250','2018-12-08 17:36:23',17,'广本欢乐谷店/2018年12月8日/进场/154426178273673f0.jpg',NULL,1,'2018-12-08 17:36:23',NULL,NULL,0,5,'2018-12-08 17:36:23',NULL,1,NULL,1,'2018-12-08 17:36:23',2,NULL),
(742,'京Q11SX7','2018-12-08 19:01:53',17,'广本欢乐谷店/2018年12月8日/进场/15442669127566e9d.jpg',NULL,1,'2018-12-08 19:01:53',NULL,NULL,0,5,'2018-12-08 19:01:53',NULL,1,NULL,1,'2018-12-08 19:01:53',2,NULL),
(743,'京AT9656','2018-12-08 22:14:16',17,'广本欢乐谷店/2018年12月8日/进场/1544278456014c6c8.jpg',NULL,1,'2018-12-08 22:14:16',NULL,NULL,0,5,'2018-12-08 22:14:16',NULL,1,NULL,1,'2018-12-08 22:14:16',2,NULL),
(744,'豫NXV602','2018-12-09 07:03:21',17,'广本欢乐谷店/2018年12月9日/进场/1544310201044e002.jpg',NULL,1,'2018-12-09 07:03:21',NULL,NULL,0,5,'2018-12-09 07:03:21',NULL,1,NULL,1,'2018-12-09 07:03:21',2,NULL),
(745,'京NS6790','2018-12-09 08:20:26',17,'广本欢乐谷店/2018年12月9日/进场/15443148255396ebb.jpg',NULL,1,'2018-12-09 08:20:25',NULL,NULL,0,5,'2018-12-09 08:20:26',NULL,1,NULL,1,'2018-12-09 08:20:26',2,NULL),
(746,'京C39996','2018-12-09 08:23:13',17,'广本欢乐谷店/2018年12月9日/进场/1544314992258e0f7.jpg',NULL,1,'2018-12-09 08:23:12',NULL,NULL,0,5,'2018-12-09 08:23:13',NULL,1,NULL,1,'2018-12-09 08:23:13',2,NULL),
(747,'京N6DX55','2018-12-09 08:25:17',17,'广本欢乐谷店/2018年12月9日/进场/1544315116835d34c.jpg',NULL,1,'2018-12-09 08:25:16',NULL,NULL,0,5,'2018-12-09 08:25:17',NULL,1,NULL,1,'2018-12-09 08:25:17',2,NULL),
(748,'冀FWH602','2018-12-09 08:32:44',17,'广本欢乐谷店/2018年12月9日/进场/15443155634346de1.jpg',NULL,1,'2018-12-09 08:32:43',NULL,NULL,0,5,'2018-12-09 08:32:44',NULL,1,NULL,1,'2018-12-09 08:32:44',2,NULL),
(749,'京MQ5229','2018-12-09 08:38:38',17,'广本欢乐谷店/2018年12月9日/进场/1544315917574b79d.jpg',NULL,1,'2018-12-09 08:38:38',NULL,NULL,0,5,'2018-12-09 08:38:38',NULL,1,NULL,1,'2018-12-09 08:38:38',2,NULL),
(750,'京N0L6L1','2018-12-09 08:49:05',17,'广本欢乐谷店/2018年12月9日/进场/15443165445708a8e.jpg',NULL,1,'2018-12-09 08:49:05',NULL,NULL,0,5,'2018-12-09 08:49:05',NULL,1,NULL,1,'2018-12-09 08:49:05',2,NULL),
(751,'京Q5AZ96','2018-12-09 08:51:40',17,'广本欢乐谷店/2018年12月9日/进场/15443166991726abf.jpg',NULL,1,'2018-12-09 08:51:39',NULL,NULL,0,5,'2018-12-09 08:51:40',NULL,1,NULL,1,'2018-12-09 08:51:40',2,NULL),
(752,'豫KST902','2018-12-09 08:51:45',17,'广本欢乐谷店/2018年12月9日/进场/1544316705174a8c1.jpg',NULL,1,'2018-12-09 08:51:45',NULL,NULL,0,5,'2018-12-09 08:51:45',NULL,1,NULL,1,'2018-12-09 08:51:45',2,NULL),
(753,'京E85058','2018-12-09 08:53:21',17,'广本欢乐谷店/2018年12月9日/进场/1544316801205b559.jpg',NULL,1,'2018-12-09 08:53:21',NULL,NULL,0,5,'2018-12-09 08:53:21',NULL,1,NULL,1,'2018-12-09 08:53:21',2,NULL),
(754,'京PXW253','2018-12-09 08:53:42',17,'广本欢乐谷店/2018年12月9日/进场/154431682221434e9.jpg',NULL,1,'2018-12-09 08:53:42',NULL,NULL,0,5,'2018-12-09 08:53:42',NULL,1,NULL,1,'2018-12-09 08:53:42',2,NULL),
(755,'京P2LJ66','2018-12-09 08:59:15',17,'广本欢乐谷店/2018年12月9日/进场/1544317154842519b.jpg',NULL,1,'2018-12-09 08:59:15',NULL,NULL,0,5,'2018-12-09 08:59:15',NULL,1,NULL,1,'2018-12-09 08:59:15',2,NULL),
(756,'津MMT085','2018-12-09 08:59:26',17,'广本欢乐谷店/2018年12月9日/进场/15443171661769668.jpg',NULL,1,'2018-12-09 08:59:26',NULL,NULL,0,5,'2018-12-09 08:59:26',NULL,1,NULL,1,'2018-12-09 08:59:26',2,NULL),
(757,'京PE8Q73','2018-12-09 09:20:19',17,'广本欢乐谷店/2018年12月9日/进场/15443184189325d4e.jpg',NULL,1,'2018-12-09 09:20:19',NULL,NULL,0,5,'2018-12-09 09:20:19',NULL,1,NULL,1,'2018-12-09 09:20:19',2,NULL),
(758,'京N0ZM36','2018-12-09 09:37:45',17,'广本欢乐谷店/2018年12月9日/进场/1544319465154ba39.jpg',NULL,1,'2018-12-09 09:37:45',NULL,NULL,0,5,'2018-12-09 09:37:45',NULL,1,NULL,1,'2018-12-09 09:37:45',2,NULL),
(759,'京ADD576','2018-12-09 09:50:33',17,'广本欢乐谷店/2018年12月9日/进场/154432023257799cc.jpg',NULL,1,'2018-12-09 09:50:32',NULL,NULL,0,5,'2018-12-09 09:50:33',NULL,1,NULL,1,'2018-12-09 09:50:33',2,NULL),
(760,'京PB0959','2018-12-09 09:56:50',17,'广本欢乐谷店/2018年12月9日/进场/1544320610185ce8e.jpg',NULL,1,'2018-12-09 09:56:50',NULL,NULL,0,5,'2018-12-09 09:56:50',NULL,1,NULL,1,'2018-12-09 09:56:50',2,NULL),
(761,'京FU2026','2018-12-09 10:05:34',17,'广本欢乐谷店/2018年12月9日/进场/1544321133909d7d9.jpg',NULL,1,'2018-12-09 10:05:34',NULL,NULL,0,5,'2018-12-09 10:05:34',NULL,1,NULL,1,'2018-12-09 10:05:34',2,NULL),
(762,'京PD9T82','2018-12-09 10:05:51',17,'广本欢乐谷店/2018年12月9日/进场/1544321150783df78.jpg',NULL,1,'2018-12-09 10:05:50',NULL,NULL,0,5,'2018-12-09 10:05:51',NULL,1,NULL,1,'2018-12-09 10:05:51',2,NULL),
(763,'京KV3628','2018-12-09 10:08:37',17,'广本欢乐谷店/2018年12月9日/进场/15443213167991ade.jpg',NULL,1,'2018-12-09 10:08:36',NULL,NULL,0,5,'2018-12-09 10:08:37',NULL,1,NULL,1,'2018-12-09 10:08:37',2,NULL),
(764,'京M30811','2018-12-09 10:11:56',17,'广本欢乐谷店/2018年12月9日/进场/154432151583184db.jpg',NULL,1,'2018-12-09 10:11:56',NULL,NULL,0,5,'2018-12-09 10:11:56',NULL,1,NULL,1,'2018-12-09 10:11:56',2,NULL),
(765,'京FB1959','2018-12-09 10:40:33',17,'广本欢乐谷店/2018年12月9日/进场/1544323233011218d.jpg',NULL,1,'2018-12-09 10:40:33',NULL,NULL,0,5,'2018-12-09 10:40:33',NULL,1,NULL,1,'2018-12-09 10:40:33',2,NULL),
(766,'京M71000','2018-12-09 10:40:40',17,'广本欢乐谷店/2018年12月9日/进场/15443232401038d69.jpg',NULL,1,'2018-12-09 10:40:40',NULL,NULL,0,5,'2018-12-09 10:40:40',NULL,1,NULL,1,'2018-12-09 10:40:40',2,NULL),
(767,'京NCR702','2018-12-09 10:48:33',17,'广本欢乐谷店/2018年12月9日/进场/15443237130485c4a.jpg',NULL,1,'2018-12-09 10:48:33',NULL,NULL,0,5,'2018-12-09 10:48:33',NULL,1,NULL,1,'2018-12-09 10:48:33',2,NULL),
(768,'京PP5R30','2018-12-09 10:49:24',17,'广本欢乐谷店/2018年12月9日/进场/15443237643480303.jpg',NULL,1,'2018-12-09 10:49:24',NULL,NULL,0,5,'2018-12-09 10:49:24',NULL,1,NULL,1,'2018-12-09 10:49:24',2,NULL),
(769,'京N8WB80','2018-12-09 10:49:34',17,'广本欢乐谷店/2018年12月9日/进场/15443237736911e93.jpg',NULL,1,'2018-12-09 10:49:33',NULL,NULL,0,5,'2018-12-09 10:49:34',NULL,1,NULL,1,'2018-12-09 10:49:34',2,NULL),
(770,'京E51369','2018-12-09 10:54:20',17,'广本欢乐谷店/2018年12月9日/进场/1544324060361161f.jpg',NULL,1,'2018-12-09 10:54:20',NULL,NULL,0,5,'2018-12-09 10:54:20',NULL,1,NULL,1,'2018-12-09 10:54:20',2,NULL),
(771,'京N719DD','2018-12-09 10:54:27',17,'广本欢乐谷店/2018年12月9日/进场/1544324066983c52f.jpg',NULL,1,'2018-12-09 10:54:27',NULL,NULL,0,5,'2018-12-09 10:54:27',NULL,1,NULL,1,'2018-12-09 10:54:27',2,NULL),
(772,'豫NDU378','2018-12-09 10:55:34',17,'广本欢乐谷店/2018年12月9日/进场/1544324133433616e.jpg',NULL,1,'2018-12-09 10:55:33',NULL,NULL,0,5,'2018-12-09 10:55:34',NULL,1,NULL,1,'2018-12-09 10:55:34',2,NULL),
(773,'京PK5R39','2018-12-09 10:57:01',17,'广本欢乐谷店/2018年12月9日/进场/1544324220485461b.jpg',NULL,1,'2018-12-09 10:57:00',NULL,NULL,0,5,'2018-12-09 10:57:01',NULL,1,NULL,1,'2018-12-09 10:57:01',2,NULL),
(774,'冀GRJ521','2018-12-09 11:13:29',17,'广本欢乐谷店/2018年12月9日/进场/154432520881175e8.jpg',NULL,1,'2018-12-09 11:13:28',NULL,NULL,0,5,'2018-12-09 11:13:29',NULL,1,NULL,1,'2018-12-09 11:13:29',2,NULL),
(775,'京AD50060','2018-12-09 11:23:49',17,'广本欢乐谷店/2018年12月9日/进场/1544325828543849b.jpg',NULL,1,'2018-12-09 11:23:48',NULL,NULL,0,5,'2018-12-09 11:23:49',NULL,1,NULL,1,'2018-12-09 11:23:49',2,NULL),
(776,'京P639N0','2018-12-09 11:24:32',17,'广本欢乐谷店/2018年12月9日/进场/15443258719848acf.jpg',NULL,1,'2018-12-09 11:24:32',NULL,NULL,0,5,'2018-12-09 11:24:32',NULL,1,NULL,1,'2018-12-09 11:24:32',2,NULL),
(777,'京PS6028','2018-12-09 11:27:18',17,'广本欢乐谷店/2018年12月9日/进场/15443260381793cbf.jpg',NULL,1,'2018-12-09 11:27:18',NULL,NULL,0,5,'2018-12-09 11:27:18',NULL,1,NULL,1,'2018-12-09 11:27:18',2,NULL),
(778,'京P6Q857','2018-12-09 11:46:22',17,'广本欢乐谷店/2018年12月9日/进场/154432718233648e3.jpg',NULL,1,'2018-12-09 11:46:22',NULL,NULL,0,5,'2018-12-09 11:46:22',NULL,1,NULL,1,'2018-12-09 11:46:22',2,NULL),
(779,'京Q6KE58','2018-12-09 11:49:52',17,'广本欢乐谷店/2018年12月9日/进场/154432739127913a2.jpg',NULL,1,'2018-12-09 11:49:51',NULL,NULL,0,5,'2018-12-09 11:49:52',NULL,1,NULL,1,'2018-12-09 11:49:52',2,NULL),
(780,'京HBZ352','2018-12-09 11:53:22',17,'广本欢乐谷店/2018年12月9日/进场/15443276015979105.jpg',NULL,1,'2018-12-09 11:53:21',NULL,NULL,0,5,'2018-12-09 11:53:22',NULL,1,NULL,1,'2018-12-09 11:53:22',2,NULL),
(781,'京N5M198','2018-12-09 12:03:18',17,'广本欢乐谷店/2018年12月9日/进场/1544328197331db99.jpg',NULL,1,'2018-12-09 12:03:17',NULL,NULL,0,5,'2018-12-09 12:03:18',NULL,1,NULL,1,'2018-12-09 12:03:18',2,NULL),
(782,'京N1L427','2018-12-09 12:11:23',17,'广本欢乐谷店/2018年12月9日/进场/154432868278474f6.jpg',NULL,1,'2018-12-09 12:11:22',NULL,NULL,0,5,'2018-12-09 12:11:23',NULL,1,NULL,1,'2018-12-09 12:11:23',2,NULL),
(783,'赣A6S498','2018-12-09 12:13:20',17,'广本欢乐谷店/2018年12月9日/进场/1544328800006d189.jpg',NULL,1,'2018-12-09 12:13:20',NULL,NULL,0,5,'2018-12-09 12:13:20',NULL,1,NULL,1,'2018-12-09 12:13:20',2,NULL),
(784,'京AD7282','2018-12-09 12:22:19',17,'广本欢乐谷店/2018年12月9日/进场/15443293380278c0a.jpg',NULL,1,'2018-12-09 12:22:18',NULL,NULL,0,5,'2018-12-09 12:22:19',NULL,1,NULL,1,'2018-12-09 12:22:19',2,NULL),
(785,'京K57112','2018-12-09 12:24:42',17,'广本欢乐谷店/2018年12月9日/进场/1544329482000af75.jpg',NULL,1,'2018-12-09 12:24:42',NULL,NULL,0,5,'2018-12-09 12:24:42',NULL,1,NULL,1,'2018-12-09 12:24:42',2,NULL),
(786,'京NF3U69','2018-12-09 12:36:29',17,'广本欢乐谷店/2018年12月9日/进场/154433018880506c6.jpg',NULL,1,'2018-12-09 12:36:28',NULL,NULL,0,5,'2018-12-09 12:36:29',NULL,1,NULL,1,'2018-12-09 12:36:29',2,NULL),
(787,'苏EV5J73','2018-12-09 12:51:22',17,'广本欢乐谷店/2018年12月9日/进场/1544331082089ca23.jpg',NULL,1,'2018-12-09 12:51:22',NULL,NULL,0,5,'2018-12-09 12:51:22',NULL,1,NULL,1,'2018-12-09 12:51:22',2,NULL),
(788,'冀J288KG','2018-12-09 12:52:17',17,'广本欢乐谷店/2018年12月9日/进场/1544331137132487b.jpg',NULL,1,'2018-12-09 12:52:17',NULL,NULL,0,5,'2018-12-09 12:52:17',NULL,1,NULL,1,'2018-12-09 12:52:17',2,NULL),
(789,'京GDG565','2018-12-09 12:53:52',17,'广本欢乐谷店/2018年12月9日/进场/15443312318545ba4.jpg',NULL,1,'2018-12-09 12:53:51',NULL,NULL,0,5,'2018-12-09 12:53:52',NULL,1,NULL,1,'2018-12-09 12:53:52',2,NULL),
(790,'晋BJC046','2018-12-09 13:03:58',17,'广本欢乐谷店/2018年12月9日/进场/15443318380972bbd.jpg',NULL,1,'2018-12-09 13:03:58',NULL,NULL,0,5,'2018-12-09 13:03:58',NULL,1,NULL,1,'2018-12-09 13:03:58',2,NULL),
(791,'京EFY860','2018-12-09 13:19:25',17,'广本欢乐谷店/2018年12月9日/进场/1544332764356a734.jpg',NULL,1,'2018-12-09 13:19:24',NULL,NULL,0,5,'2018-12-09 13:19:25',NULL,1,NULL,1,'2018-12-09 13:19:25',2,NULL),
(792,'蒙D0X279','2018-12-09 13:19:52',17,'广本欢乐谷店/2018年12月9日/进场/1544332791521c581.jpg',NULL,1,'2018-12-09 13:19:51',NULL,NULL,0,5,'2018-12-09 13:19:52',NULL,1,NULL,1,'2018-12-09 13:19:52',2,NULL),
(793,'京FQ8418','2018-12-09 13:23:38',17,'广本欢乐谷店/2018年12月9日/进场/1544333017778c743.jpg',NULL,1,'2018-12-09 13:23:37',NULL,NULL,0,5,'2018-12-09 13:23:38',NULL,1,NULL,1,'2018-12-09 13:23:38',2,NULL),
(794,'豫NDU378','2018-12-09 13:52:26',17,'广本欢乐谷店/2018年12月9日/进场/154433474621474b2.jpg',NULL,1,'2018-12-09 13:52:26',NULL,NULL,0,5,'2018-12-09 13:52:26',NULL,1,NULL,1,'2018-12-09 13:52:26',2,NULL),
(795,'京N5WY71','2018-12-09 13:52:32',17,'广本欢乐谷店/2018年12月9日/进场/1544334751619446b.jpg',NULL,1,'2018-12-09 13:52:31',NULL,NULL,0,5,'2018-12-09 13:52:32',NULL,1,NULL,1,'2018-12-09 13:52:32',2,NULL),
(796,'京N1V0C8','2018-12-09 13:53:06',17,'广本欢乐谷店/2018年12月9日/进场/1544334785686a7b5.jpg',NULL,1,'2018-12-09 13:53:05',NULL,NULL,0,5,'2018-12-09 13:53:06',NULL,1,NULL,1,'2018-12-09 13:53:06',2,NULL),
(797,'京L57782','2018-12-09 14:04:57',17,'广本欢乐谷店/2018年12月9日/进场/1544335496488c35c.jpg',NULL,1,'2018-12-09 14:04:56',NULL,NULL,0,5,'2018-12-09 14:04:57',NULL,1,NULL,1,'2018-12-09 14:04:57',2,NULL),
(798,'京QV3H32','2018-12-09 14:17:43',17,'广本欢乐谷店/2018年12月9日/进场/154433626255982ca.jpg',NULL,1,'2018-12-09 14:17:42',NULL,NULL,0,5,'2018-12-09 14:17:43',NULL,1,NULL,1,'2018-12-09 14:17:43',2,NULL),
(799,'冀RKA867','2018-12-09 14:17:50',17,'广本欢乐谷店/2018年12月9日/进场/1544336269307f6a6.jpg',NULL,1,'2018-12-09 14:17:49',NULL,NULL,0,5,'2018-12-09 14:17:50',NULL,1,NULL,1,'2018-12-09 14:17:50',2,NULL),
(800,'京NS3538','2018-12-09 14:27:08',17,'广本欢乐谷店/2018年12月9日/进场/1544336827496d879.jpg',NULL,1,'2018-12-09 14:27:07',NULL,NULL,0,5,'2018-12-09 14:27:08',NULL,1,NULL,1,'2018-12-09 14:27:08',2,NULL),
(801,'京N966G6','2018-12-09 14:41:07',17,'广本欢乐谷店/2018年12月9日/进场/1544337666903e374.jpg',NULL,1,'2018-12-09 14:41:07',NULL,NULL,0,5,'2018-12-09 14:41:07',NULL,1,NULL,1,'2018-12-09 14:41:07',2,NULL),
(802,'津MZ1658','2018-12-09 14:48:16',17,'广本欢乐谷店/2018年12月9日/进场/1544338095488c9c8.jpg',NULL,1,'2018-12-09 14:48:15',NULL,NULL,0,5,'2018-12-09 14:48:16',NULL,1,NULL,1,'2018-12-09 14:48:16',2,NULL),
(803,'京CBB735','2018-12-09 15:00:15',17,'广本欢乐谷店/2018年12月9日/进场/1544338814472a516.jpg',NULL,1,'2018-12-09 15:00:14',NULL,NULL,0,5,'2018-12-09 15:00:15',NULL,1,NULL,1,'2018-12-09 15:00:15',2,NULL),
(804,'京EFA255','2018-12-09 15:00:23',17,'广本欢乐谷店/2018年12月9日/进场/15443388224145925.jpg',NULL,1,'2018-12-09 15:00:22',NULL,NULL,0,5,'2018-12-09 15:00:23',NULL,1,NULL,1,'2018-12-09 15:00:23',2,NULL),
(805,'京LEC668','2018-12-09 15:01:06',17,'广本欢乐谷店/2018年12月9日/进场/15443388663946ee8.jpg',NULL,1,'2018-12-09 15:01:06',NULL,NULL,0,5,'2018-12-09 15:01:06',NULL,1,NULL,1,'2018-12-09 15:01:06',2,NULL),
(806,'京PXE855','2018-12-09 15:07:42',17,'广本欢乐谷店/2018年12月9日/进场/1544339261808e30f.jpg',NULL,1,'2018-12-09 15:07:41',NULL,NULL,0,5,'2018-12-09 15:07:42',NULL,1,NULL,1,'2018-12-09 15:07:42',2,NULL),
(807,'京Q123D2','2018-12-09 15:10:35',17,'广本欢乐谷店/2018年12月9日/进场/154433943486476b6.jpg',NULL,1,'2018-12-09 15:10:34',NULL,NULL,0,5,'2018-12-09 15:10:35',NULL,1,NULL,1,'2018-12-09 15:10:35',2,NULL),
(808,'京NDN410','2018-12-09 15:12:59',17,'广本欢乐谷店/2018年12月9日/进场/1544339579167d0e6.jpg',NULL,1,'2018-12-09 15:12:59',NULL,NULL,0,5,'2018-12-09 15:12:59',NULL,1,NULL,1,'2018-12-09 15:12:59',2,NULL),
(809,'京NMG675','2018-12-09 15:29:48',17,'广本欢乐谷店/2018年12月9日/进场/15443405879068d04.jpg',NULL,1,'2018-12-09 15:29:48',NULL,NULL,0,5,'2018-12-09 15:29:48',NULL,1,NULL,1,'2018-12-09 15:29:48',2,NULL),
(810,'京Q3BE07','2018-12-09 15:30:51',17,'广本欢乐谷店/2018年12月9日/进场/15443406505696ccf.jpg',NULL,1,'2018-12-09 15:30:50',NULL,NULL,0,5,'2018-12-09 15:30:51',NULL,1,NULL,1,'2018-12-09 15:30:51',2,NULL),
(811,'京QC63B0','2018-12-09 15:33:05',17,'广本欢乐谷店/2018年12月9日/进场/1544340785251c12d.jpg',NULL,1,'2018-12-09 15:33:05',NULL,NULL,0,5,'2018-12-09 15:33:05',NULL,1,NULL,1,'2018-12-09 15:33:05',2,NULL),
(812,'晋HK0301','2018-12-09 15:36:13',17,'广本欢乐谷店/2018年12月9日/进场/15443409728223d33.jpg',NULL,1,'2018-12-09 15:36:12',NULL,NULL,0,5,'2018-12-09 15:36:13',NULL,1,NULL,1,'2018-12-09 15:36:13',2,NULL),
(813,'京HC5783','2018-12-09 15:38:25',17,'广本欢乐谷店/2018年12月9日/进场/1544341104580454d.jpg',NULL,1,'2018-12-09 15:38:25',NULL,NULL,0,5,'2018-12-09 15:38:25',NULL,1,NULL,1,'2018-12-09 15:38:25',2,NULL),
(814,'冀R0G0R3','2018-12-09 15:39:30',17,'广本欢乐谷店/2018年12月9日/进场/15443411700989d01.jpg',NULL,1,'2018-12-09 15:39:30',NULL,NULL,0,5,'2018-12-09 15:39:30',NULL,1,NULL,1,'2018-12-09 15:39:30',2,NULL),
(815,'京NTP357','2018-12-09 15:48:35',17,'广本欢乐谷店/2018年12月9日/进场/1544341715071d368.jpg',NULL,1,'2018-12-09 15:48:35',NULL,NULL,0,5,'2018-12-09 15:48:35',NULL,1,NULL,1,'2018-12-09 15:48:35',2,NULL),
(816,'京N95L80','2018-12-09 15:48:58',17,'广本欢乐谷店/2018年12月9日/进场/154434173751088ba.jpg',NULL,1,'2018-12-09 15:48:57',NULL,NULL,0,5,'2018-12-09 15:48:58',NULL,1,NULL,1,'2018-12-09 15:48:58',2,NULL),
(817,'京PP5R30','2018-12-09 15:54:30',17,'广本欢乐谷店/2018年12月9日/进场/154434207014941ae.jpg',NULL,1,'2018-12-09 15:54:30',NULL,NULL,0,5,'2018-12-09 15:54:30',NULL,1,NULL,1,'2018-12-09 15:54:30',2,NULL),
(818,'京Q3D8W3','2018-12-09 16:04:26',17,'广本欢乐谷店/2018年12月9日/进场/15443426660964ed5.jpg',NULL,1,'2018-12-09 16:04:26',NULL,NULL,0,5,'2018-12-09 16:04:26',NULL,1,NULL,1,'2018-12-09 16:04:26',2,NULL),
(819,'冀F6NM53','2018-12-09 16:12:02',17,'广本欢乐谷店/2018年12月9日/进场/1544343122116ef00.jpg',NULL,1,'2018-12-09 16:12:02',NULL,NULL,0,5,'2018-12-09 16:12:02',NULL,1,NULL,1,'2018-12-09 16:12:02',2,NULL),
(820,'京Q46WJ9','2018-12-09 16:27:30',17,'广本欢乐谷店/2018年12月9日/进场/154434404985383fb.jpg',NULL,1,'2018-12-09 16:27:29',NULL,NULL,0,5,'2018-12-09 16:27:30',NULL,1,NULL,1,'2018-12-09 16:27:30',2,NULL),
(821,'京P3LH68','2018-12-09 16:30:54',17,'广本欢乐谷店/2018年12月9日/进场/1544344253922ec77.jpg',NULL,1,'2018-12-09 16:30:54',NULL,NULL,0,5,'2018-12-09 16:30:54',NULL,1,NULL,1,'2018-12-09 16:30:54',2,NULL),
(822,'冀B3J2B8','2018-12-09 16:46:12',17,'广本欢乐谷店/2018年12月9日/进场/1544345172000c58b.jpg',NULL,1,'2018-12-09 16:46:12',NULL,NULL,0,5,'2018-12-09 16:46:12',NULL,1,NULL,1,'2018-12-09 16:46:12',2,NULL),
(823,'京QF1525','2018-12-09 16:46:33',17,'广本欢乐谷店/2018年12月9日/进场/154434519321768d8.jpg',NULL,1,'2018-12-09 16:46:33',NULL,NULL,0,5,'2018-12-09 16:46:33',NULL,1,NULL,1,'2018-12-09 16:46:33',2,NULL),
(824,'京N1V0C8','2018-12-09 17:03:27',17,'广本欢乐谷店/2018年12月9日/进场/1544346206794ddca.jpg',NULL,1,'2018-12-09 17:03:27',NULL,NULL,0,5,'2018-12-09 17:03:27',NULL,1,NULL,1,'2018-12-09 17:03:27',2,NULL),
(825,'京HW3225','2018-12-09 18:00:26',17,'广本欢乐谷店/2018年12月9日/进场/15443496251581072.jpg',NULL,1,'2018-12-09 18:00:25',NULL,NULL,0,5,'2018-12-09 18:00:26',NULL,1,NULL,1,'2018-12-09 18:00:26',2,NULL),
(826,'京R9F713','2018-12-09 18:38:17',17,'广本欢乐谷店/2018年12月9日/进场/1544351896019774b.jpg',NULL,1,'2018-12-09 18:38:16',NULL,NULL,0,5,'2018-12-09 18:38:17',NULL,1,NULL,1,'2018-12-09 18:38:17',2,NULL),
(827,'豫R336SN','2018-12-09 18:39:29',17,'广本欢乐谷店/2018年12月9日/进场/15443519685062b06.jpg',NULL,1,'2018-12-09 18:39:28',NULL,NULL,0,5,'2018-12-09 18:39:29',NULL,1,NULL,1,'2018-12-09 18:39:29',2,NULL),
(828,'豫NXV602','2018-12-10 07:43:43',17,'广本欢乐谷店/2018年12月10日/进场/154439902295048c7.jpg',NULL,1,'2018-12-10 07:43:43',NULL,NULL,0,5,NULL,NULL,NULL,NULL,NULL,NULL,0,NULL),
(829,'津K59711','2018-12-10 07:49:53',17,'广本欢乐谷店/2018年12月10日/进场/15443993927714d04.jpg',NULL,1,'2018-12-10 07:49:52',NULL,NULL,0,5,NULL,NULL,NULL,NULL,NULL,NULL,0,NULL),
(830,'京N1W405','2018-12-10 08:04:33',17,'广本欢乐谷店/2018年12月10日/进场/15444002724508cca.jpg',NULL,1,'2018-12-10 08:04:32',NULL,NULL,0,5,NULL,NULL,NULL,NULL,NULL,NULL,0,NULL),
(831,'京ADR252','2018-12-10 08:16:44',17,'广本欢乐谷店/2018年12月10日/进场/1544401003966e72f.jpg',NULL,1,'2018-12-10 08:16:44',NULL,NULL,0,5,NULL,NULL,NULL,NULL,NULL,NULL,0,NULL),
(832,'京Q38EN9','2018-12-10 08:20:43',17,'广本欢乐谷店/2018年12月10日/进场/1544401242949d9a0.jpg',NULL,1,'2018-12-10 08:20:43',NULL,NULL,0,5,NULL,NULL,NULL,NULL,NULL,NULL,0,NULL),
(833,'京N60E11','2018-12-10 08:22:49',17,'广本欢乐谷店/2018年12月10日/进场/1544401369163cea3.jpg',NULL,1,'2018-12-10 08:22:49',NULL,NULL,0,5,NULL,NULL,NULL,NULL,NULL,NULL,0,NULL),
(834,'京NRZ021','2018-12-10 08:26:37',17,'广本欢乐谷店/2018年12月10日/进场/1544401597024e19e.jpg',NULL,1,'2018-12-10 08:26:37',NULL,NULL,0,5,NULL,NULL,NULL,NULL,NULL,NULL,0,NULL),
(835,'京NJ6Q18','2018-12-10 08:38:13',17,'广本欢乐谷店/2018年12月10日/进场/154440229267338d3.jpg',NULL,1,'2018-12-10 08:38:12',NULL,NULL,0,5,NULL,NULL,NULL,NULL,NULL,NULL,0,NULL),
(836,'京HAK390','2018-12-10 08:49:42',17,'广本欢乐谷店/2018年12月10日/进场/15444029818426e95.jpg',NULL,1,'2018-12-10 08:49:41',NULL,NULL,0,5,NULL,NULL,NULL,NULL,NULL,NULL,0,NULL),
(837,'京N98CT5','2018-12-10 08:49:49',17,'广本欢乐谷店/2018年12月10日/进场/15444029889246393.jpg',NULL,1,'2018-12-10 08:49:48',NULL,NULL,0,5,NULL,NULL,NULL,NULL,NULL,NULL,0,NULL),
(838,'京Q3GS67','2018-12-10 09:11:07',17,'广本欢乐谷店/2018年12月10日/进场/154440426680738e0.jpg',NULL,1,'2018-12-10 09:11:07',NULL,NULL,0,5,NULL,NULL,NULL,NULL,NULL,NULL,0,NULL),
(839,'京Q0R089','2018-12-10 09:12:04',17,'广本欢乐谷店/2018年12月10日/进场/1544404323564dff4.jpg',NULL,1,'2018-12-10 09:12:03',NULL,NULL,0,5,NULL,NULL,NULL,NULL,NULL,NULL,0,NULL),
(840,'京M90823','2018-12-10 09:16:16',17,'广本欢乐谷店/2018年12月10日/进场/1544404576299e4b3.jpg',NULL,1,'2018-12-10 09:16:16',NULL,NULL,0,5,NULL,NULL,NULL,NULL,NULL,NULL,0,NULL),
(841,'京CP9348','2018-12-10 09:18:06',17,'广本欢乐谷店/2018年12月10日/进场/15444046861887785.jpg',NULL,1,'2018-12-10 09:18:06',NULL,NULL,0,5,NULL,NULL,NULL,NULL,NULL,NULL,0,NULL),
(842,'京Q10VH1','2018-12-10 09:23:16',17,'广本欢乐谷店/2018年12月10日/进场/1544404995890f68a.jpg',NULL,1,'2018-12-10 09:23:16',NULL,NULL,0,5,NULL,NULL,NULL,NULL,NULL,NULL,0,NULL),
(843,'京Q0XN99','2018-12-10 09:24:20',17,'广本欢乐谷店/2018年12月10日/进场/15444050594865138.jpg',NULL,1,'2018-12-10 09:24:19',NULL,NULL,0,5,NULL,NULL,NULL,NULL,NULL,NULL,0,NULL),
(844,'京PS5V95','2018-12-10 09:41:57',17,'广本欢乐谷店/2018年12月10日/进场/15444061164466a03.jpg',NULL,1,'2018-12-10 09:41:56',NULL,NULL,0,5,NULL,NULL,NULL,NULL,NULL,NULL,0,NULL),
(845,'京N250N9','2018-12-10 09:54:57',17,'广本欢乐谷店/2018年12月10日/进场/15444068966050f82.jpg',NULL,1,'2018-12-10 09:54:57',NULL,NULL,0,5,NULL,NULL,NULL,NULL,NULL,NULL,0,NULL),
(846,'京HAU120','2018-12-10 09:56:57',17,'广本欢乐谷店/2018年12月10日/进场/15444070167757216.jpg',NULL,1,'2018-12-10 09:56:56',NULL,NULL,0,5,NULL,NULL,NULL,NULL,NULL,NULL,0,NULL),
(847,'京N6QV55','2018-12-10 10:06:03',17,'广本欢乐谷店/2018年12月10日/进场/15444075624262e6f.jpg',NULL,1,'2018-12-10 10:06:02',NULL,NULL,0,5,NULL,NULL,NULL,NULL,NULL,NULL,0,NULL),
(848,'京JZ8683','2018-12-10 10:06:08',17,'广本欢乐谷店/2018年12月10日/进场/15444075677431bac.jpg',NULL,1,'2018-12-10 10:06:08',NULL,NULL,0,5,NULL,NULL,NULL,NULL,NULL,NULL,0,NULL),
(849,'京N915M1','2018-12-10 10:11:35',17,'广本欢乐谷店/2018年12月10日/进场/15444078947152a61.jpg',NULL,1,'2018-12-10 10:11:34',NULL,NULL,0,5,NULL,NULL,NULL,NULL,NULL,NULL,0,NULL),
(850,'京ES8439','2018-12-10 10:18:44',17,'广本欢乐谷店/2018年12月10日/进场/15444083236416220.jpg',NULL,1,'2018-12-10 10:18:44',NULL,NULL,0,5,NULL,NULL,NULL,NULL,NULL,NULL,0,NULL),
(851,'京NZC245','2018-12-10 10:19:00',17,'广本欢乐谷店/2018年12月10日/进场/1544408339992002f.jpg',NULL,1,'2018-12-10 10:19:00',NULL,NULL,0,5,NULL,NULL,NULL,NULL,NULL,NULL,0,NULL),
(852,'京N8TX18','2018-12-10 10:19:42',17,'广本欢乐谷店/2018年12月10日/进场/1544408381436fdb1.jpg',NULL,1,'2018-12-10 10:19:41',NULL,NULL,0,5,NULL,NULL,NULL,NULL,NULL,NULL,0,NULL),
(853,'京NJA690','2018-12-10 10:19:58',17,'广本欢乐谷店/2018年12月10日/进场/1544408397226f7ae.jpg',NULL,1,'2018-12-10 10:19:57',NULL,NULL,0,5,NULL,NULL,NULL,NULL,NULL,NULL,0,NULL),
(854,'京ND3543','2018-12-10 10:33:48',17,'广本欢乐谷店/2018年12月10日/进场/154440922831706b1.jpg',NULL,1,'2018-12-10 10:33:48',NULL,NULL,0,5,NULL,NULL,NULL,NULL,NULL,NULL,0,NULL),
(855,'京PP6L38','2018-12-10 10:39:45',17,'广本欢乐谷店/2018年12月10日/进场/1544409584466eef6.jpg',NULL,1,'2018-12-10 10:39:44',NULL,NULL,0,5,NULL,NULL,NULL,NULL,NULL,NULL,0,NULL),
(856,'京MAP003','2018-12-10 10:52:31',17,'广本欢乐谷店/2018年12月10日/进场/1544410350657b3f8.jpg',NULL,1,'2018-12-10 10:52:30',NULL,NULL,0,5,NULL,NULL,NULL,NULL,NULL,NULL,0,NULL),
(857,'鲁NA66D9','2018-12-10 10:59:38',17,'广本欢乐谷店/2018年12月10日/进场/1544410777613f799.jpg',NULL,1,'2018-12-10 10:59:37',NULL,NULL,0,5,NULL,NULL,NULL,NULL,NULL,NULL,0,NULL),
(858,'京N829J1','2018-12-10 13:42:47',17,'广本欢乐谷店/2018年12月10日/进场/154442056671451e9.jpg',NULL,1,'2018-12-10 13:42:46',NULL,NULL,0,5,NULL,NULL,NULL,NULL,NULL,NULL,0,NULL),
(859,'京NL0L54','2018-12-10 13:48:45',17,'广本欢乐谷店/2018年12月10日/进场/15444209253305101.jpg',NULL,1,'2018-12-10 13:48:45',NULL,NULL,0,5,NULL,NULL,NULL,NULL,NULL,NULL,0,NULL),
(860,'京NW3W09','2018-12-10 13:51:19',17,'广本欢乐谷店/2018年12月10日/进场/15444210790291b7d.jpg',NULL,1,'2018-12-10 13:51:19',NULL,NULL,0,5,NULL,NULL,NULL,NULL,NULL,NULL,0,NULL),
(861,'京KAP161','2018-12-10 13:57:03',17,'广本欢乐谷店/2018年12月10日/进场/1544421422206aa7f.jpg',NULL,1,'2018-12-10 13:57:02',NULL,NULL,0,5,NULL,NULL,NULL,NULL,NULL,NULL,0,NULL),
(862,'京N6QJ08','2018-12-10 14:05:05',17,'广本欢乐谷店/2018年12月10日/进场/15444219045656c2c.jpg',NULL,1,'2018-12-10 14:05:04',NULL,NULL,0,5,NULL,NULL,NULL,NULL,NULL,NULL,0,NULL),
(863,'京YW0866','2018-12-10 14:05:56',17,'广本欢乐谷店/2018年12月10日/进场/1544421955878c825.jpg',NULL,1,'2018-12-10 14:05:56',NULL,NULL,0,5,NULL,NULL,NULL,NULL,NULL,NULL,0,NULL),
(864,'京N18WT9','2018-12-10 14:06:41',17,'广本欢乐谷店/2018年12月10日/进场/1544422000734c326.jpg',NULL,1,'2018-12-10 14:06:40',NULL,NULL,0,5,NULL,NULL,NULL,NULL,NULL,NULL,0,NULL),
(865,'京NW2985','2018-12-10 14:14:18',17,'广本欢乐谷店/2018年12月10日/进场/1544422457726c701.jpg',NULL,1,'2018-12-10 14:14:17',NULL,NULL,0,5,NULL,NULL,NULL,NULL,NULL,NULL,0,NULL),
(866,'京N2XE08','2018-12-10 14:24:00',17,'广本欢乐谷店/2018年12月10日/进场/154442303933234db.jpg',NULL,1,'2018-12-10 14:23:59',NULL,NULL,0,5,NULL,NULL,NULL,NULL,NULL,NULL,0,NULL),
(867,'京NJM921','2018-12-10 14:24:32',17,'广本欢乐谷店/2018年12月10日/进场/1544423071521b86c.jpg',NULL,1,'2018-12-10 14:24:31',NULL,NULL,0,5,NULL,NULL,NULL,NULL,NULL,NULL,0,NULL),
(868,'豫NDU378','2018-12-10 14:30:23',17,'广本欢乐谷店/2018年12月10日/进场/15444234231813a79.jpg',NULL,1,'2018-12-10 14:30:23',NULL,NULL,0,5,NULL,NULL,NULL,NULL,NULL,NULL,0,NULL),
(869,'冀F49Z48','2018-12-10 14:39:25',17,'广本欢乐谷店/2018年12月10日/进场/1544423965384e3f0.jpg',NULL,1,'2018-12-10 14:39:25',NULL,NULL,0,5,NULL,NULL,NULL,NULL,NULL,NULL,0,NULL),
(870,'蒙GGS790','2018-12-10 14:39:29',17,'广本欢乐谷店/2018年12月10日/进场/154442396870844e9.jpg',NULL,1,'2018-12-10 14:39:29',NULL,NULL,0,5,NULL,NULL,NULL,NULL,NULL,NULL,0,NULL),
(871,'京PS5H31','2018-12-10 14:42:25',17,'广本欢乐谷店/2018年12月10日/进场/1544424144762de45.jpg',NULL,1,'2018-12-10 14:42:24',NULL,NULL,0,5,NULL,NULL,NULL,NULL,NULL,NULL,0,NULL),
(872,'京P7YJ85','2018-12-10 14:42:32',17,'广本欢乐谷店/2018年12月10日/进场/15444241520122012.jpg',NULL,1,'2018-12-10 14:42:32',NULL,NULL,0,5,NULL,NULL,NULL,NULL,NULL,NULL,0,NULL),
(873,'京Q5UT09','2018-12-10 14:45:31',17,'广本欢乐谷店/2018年12月10日/进场/15444243310691b58.jpg',NULL,1,'2018-12-10 14:45:31',NULL,NULL,0,5,NULL,NULL,NULL,NULL,NULL,NULL,0,NULL),
(874,'京EBH339','2018-12-10 14:59:31',17,'广本欢乐谷店/2018年12月10日/进场/15444251704234f4e.jpg',2,1,'2018-12-10 14:59:30',38,'2018-12-15 17:01:36',0,5,NULL,8,NULL,'',38,'2018-12-15 17:01:36',1,''),
(875,'京QX39Q7','2018-12-10 14:59:36',17,'广本欢乐谷店/2018年12月10日/进场/1544425176250a84a.jpg',NULL,1,'2018-12-10 14:59:36',NULL,NULL,0,5,NULL,NULL,NULL,NULL,NULL,NULL,0,NULL),
(876,'冀R5V5G7','2018-12-10 15:00:23',17,'广本欢乐谷店/2018年12月10日/进场/15444252225371bb3.jpg',NULL,1,'2018-12-10 15:00:23',NULL,NULL,0,5,NULL,NULL,NULL,NULL,NULL,NULL,0,NULL),
(877,'京Q06E09','2018-12-10 15:09:30',17,'广本欢乐谷店/2018年12月10日/进场/1544425769028cf07.jpg',NULL,1,'2018-12-10 15:09:29',NULL,NULL,0,5,NULL,NULL,NULL,NULL,NULL,NULL,0,NULL),
(878,'京N9HY96','2018-12-10 15:12:13',17,'广本欢乐谷店/2018年12月10日/进场/1544425933124dccf.jpg',NULL,1,'2018-12-10 15:12:13',NULL,NULL,0,5,NULL,NULL,NULL,NULL,NULL,NULL,0,NULL),
(879,'京NT0224','2018-12-10 15:30:26',17,'广本欢乐谷店/2018年12月10日/进场/1544427025847c49d.jpg',NULL,1,'2018-12-10 15:30:25',NULL,NULL,0,5,NULL,NULL,NULL,NULL,NULL,NULL,0,NULL),
(880,'鲁R0E90E','2018-12-10 15:34:41',17,'广本欢乐谷店/2018年12月10日/进场/15444272809057297.jpg',NULL,1,'2018-12-10 15:34:41',NULL,NULL,0,5,NULL,NULL,NULL,NULL,NULL,NULL,0,NULL),
(881,'京HL2508','2018-12-10 15:38:35',17,'广本欢乐谷店/2018年12月10日/进场/15444275153520d1b.jpg',NULL,1,'2018-12-10 15:38:35',NULL,NULL,0,5,NULL,NULL,NULL,NULL,NULL,NULL,0,NULL),
(882,'京N119T9','2018-12-10 15:52:51',17,'广本欢乐谷店/2018年12月10日/进场/15444283705429e48.jpg',NULL,1,'2018-12-10 15:52:50',NULL,NULL,0,5,NULL,NULL,NULL,NULL,NULL,NULL,0,NULL),
(883,'京K04118','2018-12-10 15:58:27',17,'广本欢乐谷店/2018年12月10日/进场/1544428706746f1b7.jpg',NULL,1,'2018-12-10 15:58:27',NULL,NULL,0,5,NULL,NULL,NULL,NULL,NULL,NULL,0,NULL),
(884,'京NV2658','2018-12-10 16:03:31',17,'广本欢乐谷店/2018年12月10日/进场/15444290103084e3b.jpg',NULL,1,'2018-12-10 16:03:30',NULL,NULL,0,5,NULL,NULL,NULL,NULL,NULL,NULL,0,NULL),
(885,'京CCV365','2018-12-10 16:08:06',17,'广本欢乐谷店/2018年12月10日/进场/154442928635325ae.jpg',NULL,1,'2018-12-10 16:08:06',NULL,NULL,0,5,NULL,NULL,NULL,NULL,NULL,NULL,0,NULL),
(886,'京Q62WD5','2018-12-10 16:08:21',17,'广本欢乐谷店/2018年12月10日/进场/15444293000368ea3.jpg',NULL,1,'2018-12-10 16:08:20',NULL,NULL,0,5,NULL,NULL,NULL,NULL,NULL,NULL,0,NULL),
(887,'京Q09VV8','2018-12-10 16:09:22',17,'广本欢乐谷店/2018年12月10日/进场/15444293614370d5c.jpg',NULL,1,'2018-12-10 16:09:21',NULL,NULL,0,5,NULL,NULL,NULL,NULL,NULL,NULL,0,NULL),
(888,'京Q46WJ9','2018-12-10 16:14:03',17,'广本欢乐谷店/2018年12月10日/进场/1544429642725fba1.jpg',NULL,1,'2018-12-10 16:14:02',NULL,NULL,0,5,NULL,NULL,NULL,NULL,NULL,NULL,0,NULL),
(889,'京QK98F6','2018-12-10 16:15:11',17,'广本欢乐谷店/2018年12月10日/进场/15444297107941820.jpg',NULL,1,'2018-12-10 16:15:10',NULL,NULL,0,5,NULL,NULL,NULL,NULL,NULL,NULL,0,NULL),
(890,'京Q62ZZ3','2018-12-10 16:20:03',17,'广本欢乐谷店/2018年12月10日/进场/15444300030075fd8.jpg',NULL,1,'2018-12-10 16:20:03',NULL,NULL,0,5,NULL,NULL,NULL,NULL,NULL,NULL,0,NULL),
(891,'京Q08Y99','2018-12-10 16:20:19',17,'广本欢乐谷店/2018年12月10日/进场/1544430018899f910.jpg',NULL,1,'2018-12-10 16:20:18',NULL,NULL,0,5,NULL,NULL,NULL,NULL,NULL,NULL,0,NULL),
(892,'京PK5R39','2018-12-10 16:28:45',17,'广本欢乐谷店/2018年12月10日/进场/1544430524954cfee.jpg',NULL,1,'2018-12-10 16:28:45',NULL,NULL,0,5,NULL,NULL,NULL,NULL,NULL,NULL,0,NULL),
(893,'京Q2FF96','2018-12-10 16:52:34',17,'广本欢乐谷店/2018年12月10日/进场/15444319531060570.jpg',NULL,1,'2018-12-10 16:52:33',NULL,NULL,0,5,NULL,NULL,NULL,NULL,NULL,NULL,0,NULL),
(894,'京Q7H0R6','2018-12-10 17:04:51',17,'广本欢乐谷店/2018年12月10日/进场/15444326903738f1b.jpg',2,1,'2018-12-10 17:04:50',32,'2018-12-10 17:56:44',0,5,'2018-12-10 17:57:13',8,32,NULL,32,'2018-12-10 17:56:44',2,NULL),
(895,'京NL7037','2018-12-10 17:09:18',17,'广本欢乐谷店/2018年12月10日/进场/15444329579850bc0.jpg',1,1,'2018-12-10 17:09:18',32,'2018-12-10 17:55:52',0,5,NULL,2,NULL,NULL,32,'2018-12-10 17:55:52',1,NULL),
(896,'京PX2H73','2018-12-10 17:56:57',17,'广本欢乐谷店/2018年12月10日/进场/15444358168299564.jpg',NULL,1,'2018-12-10 17:56:57',NULL,NULL,0,5,NULL,NULL,NULL,NULL,NULL,NULL,0,NULL),
(897,'京EAD938','2018-12-11 07:59:04',17,'广本欢乐谷店/2018年12月11日/进场/1544486343819c5e2.jpg',NULL,1,'2018-12-11 07:59:03',NULL,NULL,0,5,NULL,NULL,NULL,NULL,NULL,NULL,0,NULL),
(898,'京QY38X6','2018-12-11 07:59:47',17,'广本欢乐谷店/2018年12月11日/进场/154448638662687b0.jpg',NULL,1,'2018-12-11 07:59:46',NULL,NULL,0,5,NULL,NULL,NULL,NULL,NULL,NULL,0,NULL),
(899,'冀T2A660','2018-12-11 08:10:11',17,'广本欢乐谷店/2018年12月11日/进场/1544487010809f2a3.jpg',NULL,1,'2018-12-11 08:10:10',NULL,NULL,0,5,NULL,NULL,NULL,NULL,NULL,NULL,0,NULL),
(900,'京N8X2W7','2018-12-11 08:20:29',17,'广本欢乐谷店/2018年12月11日/进场/1544487628783f447.jpg',NULL,1,'2018-12-11 08:20:29',NULL,NULL,0,5,NULL,NULL,NULL,NULL,NULL,NULL,0,NULL),
(901,'京Q31MT9','2018-12-11 08:30:14',17,'广本欢乐谷店/2018年12月11日/进场/15444882133430a42.jpg',NULL,1,'2018-12-11 08:30:13',NULL,NULL,0,5,NULL,NULL,NULL,NULL,NULL,NULL,0,NULL),
(902,'京Q3DS53','2018-12-11 08:31:19',17,'广本欢乐谷店/2018年12月11日/进场/154448827880611b1.jpg',NULL,1,'2018-12-11 08:31:18',NULL,NULL,0,5,NULL,NULL,NULL,NULL,NULL,NULL,0,NULL),
(903,'京PWB132','2018-12-11 08:41:13',17,'广本欢乐谷店/2018年12月11日/进场/1544488872569ade9.jpg',NULL,1,'2018-12-11 08:41:12',NULL,NULL,0,5,NULL,NULL,NULL,NULL,NULL,NULL,0,NULL),
(904,'京MU8859','2018-12-11 08:43:58',17,'广本欢乐谷店/2018年12月11日/进场/1544489038061d218.jpg',NULL,1,'2018-12-11 08:43:58',NULL,NULL,0,5,NULL,NULL,NULL,NULL,NULL,NULL,0,NULL),
(905,'京CP8107','2018-12-11 08:46:34',17,'广本欢乐谷店/2018年12月11日/进场/1544489193519c765.jpg',NULL,1,'2018-12-11 08:46:33',NULL,NULL,0,5,NULL,NULL,NULL,NULL,NULL,NULL,0,NULL),
(906,'京AU9964','2018-12-11 08:50:45',17,'广本欢乐谷店/2018年12月11日/进场/1544489444794acac.jpg',NULL,1,'2018-12-11 08:50:44',NULL,NULL,0,5,NULL,NULL,NULL,NULL,NULL,NULL,0,NULL),
(907,'京J68370','2018-12-11 08:57:06',17,'广本欢乐谷店/2018年12月11日/进场/15444898251748738.jpg',NULL,1,'2018-12-11 08:57:05',NULL,NULL,0,5,NULL,NULL,NULL,NULL,NULL,NULL,0,NULL),
(908,'京N60E11','2018-12-11 09:02:51',17,'广本欢乐谷店/2018年12月11日/进场/15444901703844c06.jpg',NULL,1,'2018-12-11 09:02:50',NULL,NULL,0,5,NULL,NULL,NULL,NULL,NULL,NULL,0,NULL),
(909,'京FP3600','2018-12-11 09:04:35',17,'广本欢乐谷店/2018年12月11日/进场/15444902745785872.jpg',NULL,1,'2018-12-11 09:04:35',NULL,NULL,0,5,NULL,NULL,NULL,NULL,NULL,NULL,0,NULL),
(910,'京P0P232','2018-12-11 09:05:54',17,'广本欢乐谷店/2018年12月11日/进场/154449035372979a6.jpg',NULL,1,'2018-12-11 09:05:53',NULL,NULL,0,5,NULL,NULL,NULL,NULL,NULL,NULL,0,NULL),
(911,'京C56529','2018-12-11 09:14:45',17,'广本欢乐谷店/2018年12月11日/进场/15444908847681c67.jpg',NULL,1,'2018-12-11 09:14:45',NULL,NULL,1,5,NULL,NULL,NULL,NULL,NULL,NULL,2,NULL),
(912,'京E51369','2018-12-11 09:14:55',17,'广本欢乐谷店/2018年12月11日/进场/15444908952081576.jpg',NULL,1,'2018-12-11 09:14:55',NULL,NULL,0,5,NULL,NULL,NULL,NULL,NULL,NULL,0,NULL),
(913,'京NF8J85','2018-12-11 09:20:57',17,'广本欢乐谷店/2018年12月11日/进场/15444912566882d96.jpg',NULL,1,'2018-12-11 09:20:56',NULL,NULL,0,5,NULL,NULL,NULL,NULL,NULL,NULL,0,NULL),
(914,'黑LDV507','2018-12-11 09:21:54',17,'广本欢乐谷店/2018年12月11日/进场/1544491313833d579.jpg',NULL,1,'2018-12-11 09:21:53',NULL,NULL,0,5,NULL,NULL,NULL,NULL,NULL,NULL,0,NULL),
(915,'京M70538','2018-12-11 09:24:10',17,'广本欢乐谷店/2018年12月11日/进场/1544491450364cf25.jpg',NULL,1,'2018-12-11 09:24:10',NULL,NULL,0,5,NULL,NULL,NULL,NULL,NULL,NULL,0,NULL),
(916,'京N151V2','2018-12-11 09:24:18',17,'广本欢乐谷店/2018年12月11日/进场/1544491458229e4f5.jpg',NULL,1,'2018-12-11 09:24:18',NULL,NULL,0,5,NULL,NULL,NULL,NULL,NULL,NULL,0,NULL),
(917,'京P32388','2018-12-11 09:31:18',17,'广本欢乐谷店/2018年12月11日/进场/154449187766714f0.jpg',NULL,1,'2018-12-11 09:31:18',NULL,NULL,0,5,NULL,NULL,NULL,NULL,NULL,NULL,0,NULL),
(918,'京N94H06','2018-12-11 09:36:34',17,'广本欢乐谷店/2018年12月11日/进场/1544492194243d6fb.jpg',NULL,1,'2018-12-11 09:36:34',NULL,NULL,0,5,NULL,NULL,NULL,NULL,NULL,NULL,0,NULL),
(919,'京N6QV55','2018-12-11 09:41:47',17,'广本欢乐谷店/2018年12月11日/进场/15444925061115f23.jpg',NULL,1,'2018-12-11 09:41:46',NULL,NULL,0,5,NULL,NULL,NULL,NULL,NULL,NULL,0,NULL),
(920,'京NND277','2018-12-11 09:43:23',17,'广本欢乐谷店/2018年12月11日/进场/1544492602482419d.jpg',NULL,1,'2018-12-11 09:43:22',NULL,NULL,0,5,NULL,NULL,NULL,NULL,NULL,NULL,0,NULL),
(921,'京YAP731','2018-12-11 09:46:38',17,'广本欢乐谷店/2018年12月11日/进场/15444927977694672.jpg',NULL,1,'2018-12-11 09:46:38',NULL,NULL,0,5,NULL,NULL,NULL,NULL,NULL,NULL,0,NULL),
(922,'京QD33J0','2018-12-11 09:47:07',17,'广本欢乐谷店/2018年12月11日/进场/1544492827276f11d.jpg',NULL,1,'2018-12-11 09:47:07',NULL,NULL,0,5,NULL,NULL,NULL,NULL,NULL,NULL,0,NULL),
(923,'京NC7A79','2018-12-11 09:47:26',17,'广本欢乐谷店/2018年12月11日/进场/1544492845747411a.jpg',NULL,1,'2018-12-11 09:47:26',NULL,NULL,0,5,NULL,NULL,NULL,NULL,NULL,NULL,0,NULL),
(924,'京NU9X98','2018-12-11 09:47:39',17,'广本欢乐谷店/2018年12月11日/进场/1544492858837dbe1.jpg',NULL,1,'2018-12-11 09:47:38',NULL,NULL,0,5,NULL,NULL,NULL,NULL,NULL,NULL,0,NULL),
(925,'京Q97M56','2018-12-11 09:51:52',17,'广本欢乐谷店/2018年12月11日/进场/15444931114318f92.jpg',NULL,1,'2018-12-11 09:51:51',NULL,NULL,0,5,NULL,NULL,NULL,NULL,NULL,NULL,0,NULL),
(926,'京CBG386','2018-12-11 09:58:11',17,'广本欢乐谷店/2018年12月11日/进场/15444934902335239.jpg',NULL,1,'2018-12-11 09:58:10',NULL,NULL,0,5,NULL,NULL,NULL,NULL,NULL,NULL,0,NULL),
(927,'京NA6C61','2018-12-11 09:59:38',17,'广本欢乐谷店/2018年12月11日/进场/1544493577483c1c8.jpg',NULL,1,'2018-12-11 09:59:37',NULL,NULL,0,5,NULL,NULL,NULL,NULL,NULL,NULL,0,NULL),
(928,'京N250N9','2018-12-11 10:00:04',17,'广本欢乐谷店/2018年12月11日/进场/15444936043532664.jpg',NULL,1,'2018-12-11 10:00:04',NULL,NULL,0,5,NULL,NULL,NULL,NULL,NULL,NULL,0,NULL),
(929,'京MFA789','2018-12-11 10:10:35',17,'广本欢乐谷店/2018年12月11日/进场/15444942345272e9b.jpg',NULL,1,'2018-12-11 10:10:34',NULL,NULL,0,5,NULL,NULL,NULL,NULL,NULL,NULL,0,NULL),
(930,'京Q2ZK87','2018-12-11 10:15:56',17,'广本欢乐谷店/2018年12月11日/进场/15444945550238526.jpg',NULL,1,'2018-12-11 10:15:55',NULL,NULL,0,5,NULL,NULL,NULL,NULL,NULL,NULL,0,NULL),
(931,'京N9AH87','2018-12-11 10:17:55',17,'广本欢乐谷店/2018年12月11日/进场/15444946749213a98.jpg',NULL,1,'2018-12-11 10:17:55',NULL,NULL,0,5,NULL,NULL,NULL,NULL,NULL,NULL,0,NULL),
(932,'京Q2KQ57','2018-12-11 10:19:45',17,'广本欢乐谷店/2018年12月11日/进场/15444947842576a13.jpg',NULL,1,'2018-12-11 10:19:44',NULL,NULL,0,5,NULL,NULL,NULL,NULL,NULL,NULL,0,NULL),
(933,'京QE99N1','2018-12-11 10:31:35',17,'广本欢乐谷店/2018年12月11日/进场/15444954944964006.jpg',NULL,1,'2018-12-11 10:31:34',NULL,NULL,0,5,NULL,NULL,NULL,NULL,NULL,NULL,0,NULL),
(934,'冀J288KG','2018-12-11 10:38:10',17,'广本欢乐谷店/2018年12月11日/进场/154449588948759be.jpg',NULL,1,'2018-12-11 10:38:09',NULL,NULL,0,5,NULL,NULL,NULL,NULL,NULL,NULL,0,NULL),
(935,'京KFE075','2018-12-11 10:58:57',17,'广本欢乐谷店/2018年12月11日/进场/154449713643637d8.jpg',NULL,1,'2018-12-11 10:58:56',NULL,NULL,0,5,NULL,NULL,NULL,NULL,NULL,NULL,0,NULL),
(936,'京CBE669','2018-12-11 10:59:56',17,'广本欢乐谷店/2018年12月11日/进场/1544497196255679d.jpg',NULL,1,'2018-12-11 10:59:56',NULL,NULL,0,5,NULL,NULL,NULL,NULL,NULL,NULL,0,NULL),
(937,'京NMF151','2018-12-11 11:25:00',17,'广本欢乐谷店/2018年12月11日/进场/1544498700250891e.jpg',NULL,1,'2018-12-11 11:25:00',NULL,NULL,0,5,NULL,NULL,NULL,NULL,NULL,NULL,0,NULL),
(938,'京HM5801','2018-12-11 11:25:24',17,'广本欢乐谷店/2018年12月11日/进场/1544498723041864f.jpg',NULL,1,'2018-12-11 11:25:23',NULL,NULL,0,5,NULL,NULL,NULL,NULL,NULL,NULL,0,NULL),
(939,'京HFN081','2018-12-11 11:25:31',17,'广本欢乐谷店/2018年12月11日/进场/1544498730911aac3.jpg',NULL,1,'2018-12-11 11:25:31',NULL,NULL,0,5,NULL,NULL,NULL,NULL,NULL,NULL,0,NULL),
(940,'京N51QS6','2018-12-11 11:28:06',17,'广本欢乐谷店/2018年12月11日/进场/15444988854267580.jpg',NULL,1,'2018-12-11 11:28:05',NULL,NULL,0,5,NULL,NULL,NULL,NULL,NULL,NULL,0,NULL),
(941,'京QA50A7','2018-12-11 11:41:44',17,'广本欢乐谷店/2018年12月11日/进场/1544499703144bf84.jpg',NULL,1,'2018-12-11 11:41:43',NULL,NULL,0,5,NULL,NULL,NULL,NULL,NULL,NULL,0,NULL),
(942,'京P5HN20','2018-12-11 11:42:16',17,'广本欢乐谷店/2018年12月11日/进场/1544499735221b151.jpg',NULL,1,'2018-12-11 11:42:15',NULL,NULL,0,5,NULL,NULL,NULL,NULL,NULL,NULL,0,NULL),
(943,'京NYJ270','2018-12-11 11:43:20',17,'广本欢乐谷店/2018年12月11日/进场/1544499799783d2bf.jpg',NULL,1,'2018-12-11 11:43:20',NULL,NULL,0,5,NULL,NULL,NULL,NULL,NULL,NULL,0,NULL),
(944,'京NHM114','2018-12-11 11:54:00',17,'广本欢乐谷店/2018年12月11日/进场/1544500439478a69c.jpg',NULL,1,'2018-12-11 11:53:59',NULL,NULL,0,5,NULL,NULL,NULL,NULL,NULL,NULL,0,NULL),
(945,'京MY7951','2018-12-11 11:56:48',17,'广本欢乐谷店/2018年12月11日/进场/15445006082234af0.jpg',NULL,1,'2018-12-11 11:56:48',NULL,NULL,0,5,NULL,NULL,NULL,NULL,NULL,NULL,0,NULL),
(946,'京Q6QE80','2018-12-11 12:03:47',17,'广本欢乐谷店/2018年12月11日/进场/15445010260730e7f.jpg',NULL,1,'2018-12-11 12:03:46',NULL,NULL,0,5,NULL,NULL,NULL,NULL,NULL,NULL,0,NULL),
(947,'豫AN9P56','2018-12-11 12:05:12',17,'广本欢乐谷店/2018年12月11日/进场/15445011113186f95.jpg',NULL,1,'2018-12-11 12:05:11',NULL,NULL,0,5,NULL,NULL,NULL,NULL,NULL,NULL,0,NULL),
(948,'宁AK9550','2018-12-11 12:07:14',17,'广本欢乐谷店/2018年12月11日/进场/15445012338341b0a.jpg',NULL,1,'2018-12-11 12:07:13',NULL,NULL,0,5,NULL,NULL,NULL,NULL,NULL,NULL,0,NULL),
(949,'京M87010','2018-12-11 12:08:17',17,'广本欢乐谷店/2018年12月11日/进场/1544501296783ee03.jpg',NULL,1,'2018-12-11 12:08:17',NULL,NULL,0,5,NULL,NULL,NULL,NULL,NULL,NULL,0,NULL),
(950,'京F09835','2018-12-11 12:11:40',17,'广本欢乐谷店/2018年12月11日/进场/1544501499451ca12.jpg',NULL,1,'2018-12-11 12:11:39',NULL,NULL,0,5,NULL,NULL,NULL,NULL,NULL,NULL,0,NULL),
(951,'京KR4716','2018-12-11 12:22:27',17,'广本欢乐谷店/2018年12月11日/进场/154450214645448c3.jpg',NULL,1,'2018-12-11 12:22:26',NULL,NULL,0,5,NULL,NULL,NULL,NULL,NULL,NULL,0,NULL),
(952,'京Q2ZK87','2018-12-11 12:24:13',17,'广本欢乐谷店/2018年12月11日/进场/1544502252617c7b8.jpg',NULL,1,'2018-12-11 12:24:12',NULL,NULL,0,5,NULL,NULL,NULL,NULL,NULL,NULL,0,NULL),
(953,'京NE0096','2018-12-11 12:30:46',17,'广本欢乐谷店/2018年12月11日/进场/1544502645877a983.jpg',NULL,1,'2018-12-11 12:30:46',NULL,NULL,0,5,NULL,NULL,NULL,NULL,NULL,NULL,0,NULL),
(954,'京NQ0416','2018-12-11 12:42:03',17,'广本欢乐谷店/2018年12月11日/进场/15445033223552a36.jpg',NULL,1,'2018-12-11 12:42:02',NULL,NULL,0,5,NULL,NULL,NULL,NULL,NULL,NULL,0,NULL),
(955,'京N5S8G8','2018-12-11 12:43:12',17,'广本欢乐谷店/2018年12月11日/进场/1544503390884593a.jpg',NULL,1,'2018-12-11 12:43:11',NULL,NULL,0,5,NULL,NULL,NULL,NULL,NULL,NULL,0,NULL),
(956,'京Q051M6','2018-12-11 12:48:15',17,'广本欢乐谷店/2018年12月11日/进场/1544503694830652c.jpg',NULL,1,'2018-12-11 12:48:15',NULL,NULL,0,5,NULL,NULL,NULL,NULL,NULL,NULL,0,NULL),
(957,'京JN9610','2018-12-11 12:57:46',17,'广本欢乐谷店/2018年12月11日/进场/154450426576563c1.jpg',NULL,1,'2018-12-11 12:57:46',NULL,NULL,0,5,NULL,NULL,NULL,NULL,NULL,NULL,0,NULL),
(958,'京PLY266','2018-12-11 13:03:51',17,'广本欢乐谷店/2018年12月11日/进场/1544504630465ef29.jpg',NULL,1,'2018-12-11 13:03:50',NULL,NULL,0,5,NULL,NULL,NULL,NULL,NULL,NULL,0,NULL),
(959,'京NF0K62','2018-12-11 13:11:37',17,'广本欢乐谷店/2018年12月11日/进场/15445050968338384.jpg',NULL,1,'2018-12-11 13:11:37',NULL,NULL,0,5,NULL,NULL,NULL,NULL,NULL,NULL,0,NULL),
(960,'京YZ2576','2018-12-11 13:12:04',17,'广本欢乐谷店/2018年12月11日/进场/1544505124331d026.jpg',NULL,1,'2018-12-11 13:12:04',NULL,NULL,0,5,NULL,NULL,NULL,NULL,NULL,NULL,0,NULL),
(961,'京R1T6S0','2018-12-11 13:14:42',17,'广本欢乐谷店/2018年12月11日/进场/1544505282121f552.jpg',NULL,1,'2018-12-11 13:14:42',NULL,NULL,0,5,NULL,NULL,NULL,NULL,NULL,NULL,0,NULL),
(962,'京A85500','2018-12-11 13:20:40',17,'广本欢乐谷店/2018年12月11日/进场/154450564011126b8.jpg',NULL,1,'2018-12-11 13:20:40',NULL,NULL,0,5,NULL,NULL,NULL,NULL,NULL,NULL,0,NULL),
(963,'京CV8585','2018-12-11 13:27:01',17,'广本欢乐谷店/2018年12月11日/进场/15445060204912190.jpg',NULL,1,'2018-12-11 13:27:00',NULL,NULL,0,5,NULL,NULL,NULL,NULL,NULL,NULL,0,NULL),
(964,'京N51QS6','2018-12-11 13:30:09',17,'广本欢乐谷店/2018年12月11日/进场/1544506208850f1b0.jpg',NULL,1,'2018-12-11 13:30:08',NULL,NULL,0,5,NULL,NULL,NULL,NULL,NULL,NULL,0,NULL),
(965,'京BR1515','2018-12-11 13:32:03',17,'广本欢乐谷店/2018年12月11日/进场/15445063223995f7b.jpg',NULL,1,'2018-12-11 13:32:02',NULL,NULL,0,5,NULL,NULL,NULL,NULL,NULL,NULL,0,NULL),
(966,'冀EBB321','2018-12-11 13:33:53',17,'广本欢乐谷店/2018年12月11日/进场/154450643259785aa.jpg',NULL,1,'2018-12-11 13:33:52',NULL,NULL,0,5,NULL,NULL,NULL,NULL,NULL,NULL,0,NULL),
(967,'京GL79A5','2018-12-11 13:36:06',17,'广本欢乐谷店/2018年12月11日/进场/1544506566261eba2.jpg',NULL,1,'2018-12-11 13:36:06',NULL,NULL,0,5,NULL,NULL,NULL,NULL,NULL,NULL,0,NULL),
(968,'京MQ5229','2018-12-11 13:37:31',17,'广本欢乐谷店/2018年12月11日/进场/15445066506947cf0.jpg',NULL,1,'2018-12-11 13:37:30',NULL,NULL,0,5,NULL,NULL,NULL,NULL,NULL,NULL,0,NULL),
(969,'京JP6145','2018-12-11 13:38:09',17,'广本欢乐谷店/2018年12月11日/进场/15445066882477120.jpg',NULL,1,'2018-12-11 13:38:08',NULL,NULL,0,5,NULL,NULL,NULL,NULL,NULL,NULL,0,NULL),
(970,'京EBB525','2018-12-11 13:52:15',17,'广本欢乐谷店/2018年12月11日/进场/1544507535304c2d9.jpg',NULL,1,'2018-12-11 13:52:15',NULL,NULL,0,5,NULL,NULL,NULL,NULL,NULL,NULL,0,NULL),
(971,'京PS2006','2018-12-11 14:05:40',17,'广本欢乐谷店/2018年12月11日/进场/15445083402010b19.jpg',NULL,1,'2018-12-11 14:05:40',NULL,NULL,0,5,NULL,NULL,NULL,NULL,NULL,NULL,0,NULL),
(972,'京Q25ZC4','2018-12-11 14:16:15',17,'广本欢乐谷店/2018年12月11日/进场/1544508974755b14b.jpg',NULL,1,'2018-12-11 14:16:14',NULL,NULL,0,5,NULL,NULL,NULL,NULL,NULL,NULL,0,NULL),
(973,'蒙GGS790','2018-12-11 14:26:56',17,'广本欢乐谷店/2018年12月11日/进场/15445096155214c7f.jpg',NULL,1,'2018-12-11 14:26:55',NULL,NULL,0,5,NULL,NULL,NULL,NULL,NULL,NULL,0,NULL),
(974,'京Q0L8A5','2018-12-11 14:42:25',17,'广本欢乐谷店/2018年12月11日/进场/1544510545285a8b8.jpg',NULL,1,'2018-12-11 14:42:25',NULL,NULL,0,5,NULL,NULL,NULL,NULL,NULL,NULL,0,NULL),
(975,'京Q38EN9','2018-12-11 14:47:16',17,'广本欢乐谷店/2018年12月11日/进场/1544510835587376e.jpg',NULL,1,'2018-12-11 14:47:15',NULL,NULL,0,5,NULL,NULL,NULL,NULL,NULL,NULL,0,NULL),
(976,'京NK00E0','2018-12-11 14:50:59',17,'广本欢乐谷店/2018年12月11日/进场/15445110590447f18.jpg',NULL,1,'2018-12-11 14:50:59',NULL,NULL,0,5,NULL,NULL,NULL,NULL,NULL,NULL,0,NULL),
(977,'京Q38H91','2018-12-11 14:54:24',17,'广本欢乐谷店/2018年12月11日/进场/1544511263929e49d.jpg',NULL,1,'2018-12-11 14:54:24',NULL,NULL,0,5,NULL,NULL,NULL,NULL,NULL,NULL,0,NULL),
(978,'京L92111','2018-12-11 15:00:15',17,'广本欢乐谷店/2018年12月11日/进场/1544511614993498a.jpg',NULL,1,'2018-12-11 15:00:15',NULL,NULL,0,5,NULL,NULL,NULL,NULL,NULL,NULL,0,NULL),
(979,'京Q09RJ9','2018-12-11 15:04:10',17,'广本欢乐谷店/2018年12月11日/进场/15445118498274d50.jpg',NULL,1,'2018-12-11 15:04:09',NULL,NULL,0,5,NULL,NULL,NULL,NULL,NULL,NULL,0,NULL),
(980,'京K24866','2018-12-11 15:11:50',17,'广本欢乐谷店/2018年12月11日/进场/1544512309825fe1d.jpg',NULL,1,'2018-12-11 15:11:49',NULL,NULL,0,5,NULL,NULL,NULL,NULL,NULL,NULL,0,NULL),
(981,'京FBH852','2018-12-11 15:13:36',17,'广本欢乐谷店/2018年12月11日/进场/15445124162517458.jpg',NULL,1,'2018-12-11 15:13:36',NULL,NULL,0,5,NULL,NULL,NULL,NULL,NULL,NULL,0,NULL),
(982,'皖KAA949','2018-12-11 15:14:00',17,'广本欢乐谷店/2018年12月11日/进场/154451244027152ad.jpg',NULL,1,'2018-12-11 15:14:00',NULL,NULL,0,5,NULL,NULL,NULL,NULL,NULL,NULL,0,NULL),
(983,'京NE9G66','2018-12-11 15:14:10',17,'广本欢乐谷店/2018年12月11日/进场/1544512449707295b.jpg',NULL,1,'2018-12-11 15:14:09',NULL,NULL,0,5,NULL,NULL,NULL,NULL,NULL,NULL,0,NULL),
(984,'京Q0DS27','2018-12-11 15:16:22',17,'广本欢乐谷店/2018年12月11日/进场/154451258204899d3.jpg',NULL,1,'2018-12-11 15:16:22',NULL,NULL,0,5,NULL,NULL,NULL,NULL,NULL,NULL,0,NULL),
(985,'冀F185CM','2018-12-11 15:30:39',17,'广本欢乐谷店/2018年12月11日/进场/1544513439100d1af.jpg',NULL,1,'2018-12-11 15:30:39',NULL,NULL,0,5,NULL,NULL,NULL,NULL,NULL,NULL,0,NULL),
(986,'皖Q719A9','2018-12-11 15:39:46',17,'广本欢乐谷店/2018年12月11日/进场/154451398563924bc.jpg',NULL,1,'2018-12-11 15:39:45',NULL,NULL,0,5,NULL,NULL,NULL,NULL,NULL,NULL,0,NULL),
(987,'京Q7MH18','2018-12-11 15:39:53',17,'广本欢乐谷店/2018年12月11日/进场/154451399336291ad.jpg',NULL,1,'2018-12-11 15:39:53',NULL,NULL,0,5,NULL,NULL,NULL,NULL,NULL,NULL,0,NULL),
(988,'京N11026','2018-12-11 15:47:26',17,'广本欢乐谷店/2018年12月11日/进场/15445144455880bcb.jpg',NULL,1,'2018-12-11 15:47:25',NULL,NULL,0,5,NULL,NULL,NULL,NULL,NULL,NULL,0,NULL),
(989,'鄂KF0E01','2018-12-11 15:47:36',17,'广本欢乐谷店/2018年12月11日/进场/1544514455771d1ed.jpg',NULL,1,'2018-12-11 15:47:35',NULL,NULL,0,5,NULL,NULL,NULL,NULL,NULL,NULL,0,NULL),
(990,'京A4359警','2018-12-11 16:03:41',17,'广本欢乐谷店/2018年12月11日/进场/15445154204603806.jpg',NULL,1,'2018-12-11 16:03:40',NULL,NULL,0,5,NULL,NULL,NULL,NULL,NULL,NULL,0,NULL),
(992,'京HBZ352','2018-12-11 16:53:46',17,'广本欢乐谷店/2018年12月11日/进场/1544518426123038a.jpg',NULL,1,'2018-12-11 16:53:46',NULL,NULL,0,5,NULL,NULL,NULL,NULL,NULL,NULL,0,NULL),
(993,'京N51QS6','2018-12-11 17:08:27',17,'广本欢乐谷店/2018年12月11日/进场/1544519306281a2a4.jpg',NULL,1,'2018-12-11 17:08:26',NULL,NULL,0,5,NULL,NULL,NULL,NULL,NULL,NULL,0,NULL),
(994,'京E52725','2018-12-11 17:09:57',17,'广本欢乐谷店/2018年12月11日/进场/1544519396956e4c0.jpg',NULL,1,'2018-12-11 17:09:57',NULL,NULL,0,5,NULL,NULL,NULL,NULL,NULL,NULL,0,NULL),
(995,'京Q11SX7','2018-12-11 17:10:26',17,'广本欢乐谷店/2018年12月11日/进场/15445194259066d0e.jpg',NULL,1,'2018-12-11 17:10:25',NULL,NULL,0,5,NULL,NULL,NULL,NULL,NULL,NULL,0,NULL),
(997,'冀AK770U','2018-12-11 17:16:10',17,'广本欢乐谷店/2018年12月11日/进场/1544519769792309d.jpg',NULL,1,'2018-12-11 17:16:09',NULL,NULL,0,5,NULL,NULL,NULL,NULL,NULL,NULL,0,NULL),
(998,'京NY18Z6','2018-12-11 17:21:51',17,'广本欢乐谷店/2018年12月11日/进场/154452011045731eb.jpg',NULL,1,'2018-12-11 17:21:50',NULL,NULL,0,5,NULL,NULL,NULL,NULL,NULL,NULL,0,NULL),
(999,'京M71000','2018-12-11 17:27:49',17,'广本欢乐谷店/2018年12月11日/进场/1544520468163d603.jpg',NULL,1,'2018-12-11 17:27:48',NULL,NULL,0,5,NULL,NULL,NULL,NULL,NULL,NULL,0,NULL),
(1000,'京KC6772','2018-12-11 17:28:17',17,'广本欢乐谷店/2018年12月11日/进场/15445204964643cf0.jpg',NULL,1,'2018-12-11 17:28:17',NULL,NULL,0,5,NULL,NULL,NULL,NULL,NULL,NULL,0,NULL),
(1001,'京QP6397','2018-12-11 17:37:46',17,'广本欢乐谷店/2018年12月11日/进场/15445210657797a56.jpg',NULL,1,'2018-12-11 17:37:45',NULL,NULL,0,5,NULL,NULL,NULL,NULL,NULL,NULL,0,NULL),
(1002,'京N0W268','2018-12-12 07:36:09',17,'广本欢乐谷店/2018年12月12日/进场/15445713691756942.jpg',NULL,1,'2018-12-12 07:36:09',NULL,NULL,0,5,NULL,NULL,NULL,NULL,NULL,NULL,0,NULL),
(1003,'京N5JL15','2018-12-12 07:42:12',17,'广本欢乐谷店/2018年12月12日/进场/15445717322944025.jpg',NULL,1,'2018-12-12 07:42:12',NULL,NULL,0,5,NULL,NULL,NULL,NULL,NULL,NULL,0,NULL),
(1004,'京NZ10X6','2018-12-12 07:42:43',17,'广本欢乐谷店/2018年12月12日/进场/15445717623610d7e.jpg',NULL,1,'2018-12-12 07:42:42',NULL,NULL,0,5,NULL,NULL,NULL,NULL,NULL,NULL,0,NULL),
(1005,'京QR03W5','2018-12-12 07:47:56',17,'广本欢乐谷店/2018年12月12日/进场/1544572075793449d.jpg',NULL,1,'2018-12-12 07:47:55',NULL,NULL,0,5,NULL,NULL,NULL,NULL,NULL,NULL,0,NULL),
(1006,'京ADG890','2018-12-12 08:02:02',17,'广本欢乐谷店/2018年12月12日/进场/1544572921485b1e5.jpg',NULL,1,'2018-12-12 08:02:01',NULL,NULL,0,5,NULL,NULL,NULL,NULL,NULL,NULL,0,NULL),
(1007,'京FAQ850','2018-12-12 08:02:16',17,'广本欢乐谷店/2018年12月12日/进场/15445729356578ac6.jpg',NULL,1,'2018-12-12 08:02:15',NULL,NULL,0,5,NULL,NULL,NULL,NULL,NULL,NULL,0,NULL),
(1008,'晋B8309G','2018-12-12 08:13:17',17,'广本欢乐谷店/2018年12月12日/进场/15445735963202b18.jpg',NULL,1,'2018-12-12 08:13:16',NULL,NULL,0,5,NULL,NULL,NULL,NULL,NULL,NULL,0,NULL),
(1009,'京KY1963','2018-12-12 08:14:28',17,'广本欢乐谷店/2018年12月12日/进场/15445736674277498.jpg',NULL,1,'2018-12-12 08:14:27',NULL,NULL,0,5,NULL,NULL,NULL,NULL,NULL,NULL,0,NULL),
(1010,'冀T2A660','2018-12-12 08:16:48',17,'广本欢乐谷店/2018年12月12日/进场/1544573808019a862.jpg',NULL,1,'2018-12-12 08:16:48',NULL,NULL,0,5,NULL,NULL,NULL,NULL,NULL,NULL,0,NULL),
(1011,'京L65410','2018-12-12 08:19:51',17,'广本欢乐谷店/2018年12月12日/进场/1544573990869c368.jpg',NULL,1,'2018-12-12 08:19:50',NULL,NULL,0,5,NULL,NULL,NULL,NULL,NULL,NULL,0,NULL),
(1012,'京N6Z973','2018-12-12 08:30:52',17,'广本欢乐谷店/2018年12月12日/进场/1544574651629dfa4.jpg',NULL,1,'2018-12-12 08:30:51',NULL,NULL,0,5,NULL,NULL,NULL,NULL,NULL,NULL,0,NULL),
(1013,'京ND1583','2018-12-12 08:35:33',17,'广本欢乐谷店/2018年12月12日/进场/15445749323605dc5.jpg',NULL,1,'2018-12-12 08:35:32',NULL,NULL,0,5,NULL,NULL,NULL,NULL,NULL,NULL,0,NULL),
(1014,'京Q2K880','2018-12-12 08:52:21',17,'广本欢乐谷店/2018年12月12日/进场/1544575941363ad8f.jpg',NULL,1,'2018-12-12 08:52:21',NULL,NULL,0,5,NULL,NULL,NULL,NULL,NULL,NULL,0,NULL),
(1015,'京ME1398','2018-12-12 08:52:28',17,'广本欢乐谷店/2018年12月12日/进场/154457594802113e1.jpg',NULL,1,'2018-12-12 08:52:28',NULL,NULL,0,5,NULL,NULL,NULL,NULL,NULL,NULL,0,NULL),
(1016,'京QM83F5','2018-12-12 09:02:04',17,'广本欢乐谷店/2018年12月12日/进场/15445765233631798.jpg',NULL,1,'2018-12-12 09:02:03',NULL,NULL,0,5,NULL,NULL,NULL,NULL,NULL,NULL,0,NULL),
(1017,'京N60E11','2018-12-12 09:05:44',17,'广本欢乐谷店/2018年12月12日/进场/1544576743819a8a4.jpg',NULL,1,'2018-12-12 09:05:43',NULL,NULL,0,5,NULL,NULL,NULL,NULL,NULL,NULL,0,NULL),
(1018,'京LP1565','2018-12-12 09:06:00',17,'广本欢乐谷店/2018年12月12日/进场/15445767599648c1c.jpg',NULL,1,'2018-12-12 09:06:00',NULL,NULL,0,5,NULL,NULL,NULL,NULL,NULL,NULL,0,NULL),
(1019,'京J92208','2018-12-12 09:09:28',17,'广本欢乐谷店/2018年12月12日/进场/15445769675176683.jpg',NULL,1,'2018-12-12 09:09:27',NULL,NULL,0,5,NULL,NULL,NULL,NULL,NULL,NULL,0,NULL),
(1020,'京LZ6903','2018-12-12 09:21:58',17,'广本欢乐谷店/2018年12月12日/进场/15445777171589592.jpg',NULL,1,'2018-12-12 09:21:57',NULL,NULL,0,5,NULL,NULL,NULL,NULL,NULL,NULL,0,NULL),
(1021,'京G7J55P','2018-12-12 09:23:04',17,'广本欢乐谷店/2018年12月12日/进场/15445777834744089.jpg',NULL,1,'2018-12-12 09:23:03',NULL,NULL,0,5,NULL,NULL,NULL,NULL,NULL,NULL,0,NULL),
(1022,'京N1F9F1','2018-12-12 09:24:03',17,'广本欢乐谷店/2018年12月12日/进场/15445778429433b1a.jpg',NULL,1,'2018-12-12 09:24:02',NULL,NULL,0,5,NULL,NULL,NULL,NULL,NULL,NULL,0,NULL),
(1023,'京N6N1A8','2018-12-12 09:29:00',17,'广本欢乐谷店/2018年12月12日/进场/154457813995292f1.jpg',NULL,1,'2018-12-12 09:29:00',NULL,NULL,0,5,NULL,NULL,NULL,NULL,NULL,NULL,0,NULL),
(1024,'京N90P22','2018-12-12 09:35:52',17,'广本欢乐谷店/2018年12月12日/进场/1544578551341a6e6.jpg',NULL,1,'2018-12-12 09:35:51',NULL,NULL,0,5,NULL,NULL,NULL,NULL,NULL,NULL,0,NULL),
(1025,'京QA50A7','2018-12-12 09:38:28',17,'广本欢乐谷店/2018年12月12日/进场/15445787075326f4b.jpg',NULL,1,'2018-12-12 09:38:28',NULL,NULL,0,5,NULL,NULL,NULL,NULL,NULL,NULL,0,NULL),
(1026,'京Q089E5','2018-12-12 09:45:41',17,'广本欢乐谷店/2018年12月12日/进场/15445791411936d0a.jpg',NULL,1,'2018-12-12 09:45:41',NULL,NULL,0,5,NULL,NULL,NULL,NULL,NULL,NULL,0,NULL),
(1027,'豫SM5X56','2018-12-12 09:47:00',17,'广本欢乐谷店/2018年12月12日/进场/1544579220009161a.jpg',NULL,1,'2018-12-12 09:47:00',NULL,NULL,0,5,NULL,NULL,NULL,NULL,NULL,NULL,0,NULL),
(1028,'京EF8675','2018-12-12 09:53:35',17,'广本欢乐谷店/2018年12月12日/进场/154457961460378ac.jpg',NULL,1,'2018-12-12 09:53:34',NULL,NULL,0,5,NULL,NULL,NULL,NULL,NULL,NULL,0,NULL),
(1029,'甘KW7166','2018-12-12 10:00:48',17,'广本欢乐谷店/2018年12月12日/进场/15445800473562fd4.jpg',NULL,1,'2018-12-12 10:00:47',NULL,NULL,0,5,NULL,NULL,NULL,NULL,NULL,NULL,0,NULL),
(1030,'京P8FF13','2018-12-12 10:09:56',17,'广本欢乐谷店/2018年12月12日/进场/154458059578715fa.jpg',NULL,1,'2018-12-12 10:09:55',NULL,NULL,0,5,NULL,NULL,NULL,NULL,NULL,NULL,0,NULL),
(1031,'京Q2KQ57','2018-12-12 10:10:55',17,'广本欢乐谷店/2018年12月12日/进场/15445806547175291.jpg',NULL,1,'2018-12-12 10:10:55',NULL,NULL,0,5,NULL,NULL,NULL,NULL,NULL,NULL,0,NULL),
(1032,'京PMB688','2018-12-12 10:15:58',17,'广本欢乐谷店/2018年12月12日/进场/1544580957875d0d6.jpg',NULL,1,'2018-12-12 10:15:58',NULL,NULL,0,5,NULL,NULL,NULL,NULL,NULL,NULL,0,NULL),
(1033,'京NW7P29','2018-12-12 10:16:23',17,'广本欢乐谷店/2018年12月12日/进场/154458098255825bb.jpg',NULL,1,'2018-12-12 10:16:23',NULL,NULL,0,5,NULL,NULL,NULL,NULL,NULL,NULL,0,NULL),
(1034,'京E91565','2018-12-12 10:22:19',17,'广本欢乐谷店/2018年12月12日/进场/15445813389646074.jpg',NULL,1,'2018-12-12 10:22:19',NULL,NULL,0,5,NULL,NULL,NULL,NULL,NULL,NULL,0,NULL),
(1035,'京QD33U0','2018-12-12 10:26:02',17,'广本欢乐谷店/2018年12月12日/进场/1544581561541ab84.jpg',NULL,1,'2018-12-12 10:26:02',NULL,NULL,0,5,NULL,NULL,NULL,NULL,NULL,NULL,0,NULL),
(1036,'京N93B56','2018-12-12 10:32:13',17,'广本欢乐谷店/2018年12月12日/进场/1544581933014ca00.jpg',NULL,1,'2018-12-12 10:32:13',NULL,NULL,0,5,NULL,NULL,NULL,NULL,NULL,NULL,0,NULL),
(1037,'京HL2508','2018-12-12 10:36:26',17,'广本欢乐谷店/2018年12月12日/进场/1544582185113335a.jpg',NULL,1,'2018-12-12 10:36:25',NULL,NULL,0,5,NULL,NULL,NULL,NULL,NULL,NULL,0,NULL),
(1038,'皖BH0J88','2018-12-12 10:42:53',17,'广本欢乐谷店/2018年12月12日/进场/15445825731574a00.jpg',NULL,1,'2018-12-12 10:42:53',NULL,NULL,0,5,NULL,NULL,NULL,NULL,NULL,NULL,0,NULL),
(1039,'京JAH600','2018-12-12 10:45:08',17,'广本欢乐谷店/2018年12月12日/进场/15445827074638284.jpg',NULL,1,'2018-12-12 10:45:07',NULL,NULL,0,5,NULL,NULL,NULL,NULL,NULL,NULL,0,NULL),
(1040,'京NKM305','2018-12-12 10:50:33',17,'广本欢乐谷店/2018年12月12日/进场/154458303273160f4.jpg',NULL,1,'2018-12-12 10:50:32',NULL,NULL,0,5,NULL,NULL,NULL,NULL,NULL,NULL,0,NULL),
(1041,'京MH1662','2018-12-12 10:53:17',17,'广本欢乐谷店/2018年12月12日/进场/15445831968847032.jpg',NULL,1,'2018-12-12 10:53:16',NULL,NULL,0,5,NULL,NULL,NULL,NULL,NULL,NULL,0,NULL),
(1042,'京PWB136','2018-12-12 10:53:43',17,'广本欢乐谷店/2018年12月12日/进场/154458322218724d5.jpg',NULL,1,'2018-12-12 10:53:42',NULL,NULL,0,5,NULL,NULL,NULL,NULL,NULL,NULL,0,NULL),
(1043,'京NZ6W26','2018-12-12 11:05:09',17,'广本欢乐谷店/2018年12月12日/进场/15445839082559eb2.jpg',NULL,1,'2018-12-12 11:05:08',NULL,NULL,0,5,NULL,NULL,NULL,NULL,NULL,NULL,0,NULL),
(1044,'京Q5RF76','2018-12-12 11:13:43',17,'广本欢乐谷店/2018年12月12日/进场/15445844220632220.jpg',NULL,1,'2018-12-12 11:13:42',NULL,NULL,0,5,NULL,NULL,NULL,NULL,NULL,NULL,0,NULL),
(1045,'京N23778','2018-12-12 11:22:34',17,'广本欢乐谷店/2018年12月12日/进场/15445849533855394.jpg',NULL,1,'2018-12-12 11:22:33',NULL,NULL,0,5,NULL,NULL,NULL,NULL,NULL,NULL,0,NULL),
(1046,'京P0W181','2018-12-12 11:25:39',17,'广本欢乐谷店/2018年12月12日/进场/1544585138522848c.jpg',NULL,1,'2018-12-12 11:25:39',NULL,NULL,0,5,NULL,NULL,NULL,NULL,NULL,NULL,0,NULL),
(1047,'京N8FG29','2018-12-12 11:28:51',17,'广本欢乐谷店/2018年12月12日/进场/1544585330388ab7e.jpg',NULL,1,'2018-12-12 11:28:51',NULL,NULL,0,5,NULL,NULL,NULL,NULL,NULL,NULL,0,NULL),
(1048,'京QR5S71','2018-12-12 11:31:08',17,'广本欢乐谷店/2018年12月12日/进场/1544585467476aeed.jpg',NULL,1,'2018-12-12 11:31:08',NULL,NULL,0,5,NULL,NULL,NULL,NULL,NULL,NULL,0,NULL),
(1049,'京AD24898','2018-12-12 11:48:32',17,'广本欢乐谷店/2018年12月12日/进场/1544586511268aea2.jpg',NULL,1,'2018-12-12 11:48:31',NULL,NULL,0,5,NULL,NULL,NULL,NULL,NULL,NULL,0,NULL),
(1050,'京L65410','2018-12-12 11:49:25',17,'广本欢乐谷店/2018年12月12日/进场/15445865644932c24.jpg',NULL,1,'2018-12-12 11:49:25',NULL,NULL,0,5,NULL,NULL,NULL,NULL,NULL,NULL,0,NULL),
(1051,'京JZ8683','2018-12-12 11:52:27',17,'广本欢乐谷店/2018年12月12日/进场/154458674651919be.jpg',NULL,1,'2018-12-12 11:52:27',NULL,NULL,0,5,NULL,NULL,NULL,NULL,NULL,NULL,0,NULL),
(1052,'京EE0715','2018-12-12 11:54:17',17,'广本欢乐谷店/2018年12月12日/进场/15445868567340ad8.jpg',NULL,1,'2018-12-12 11:54:17',NULL,NULL,0,5,NULL,NULL,NULL,NULL,NULL,NULL,0,NULL),
(1053,'京Q19WT0','2018-12-12 12:00:20',17,'广本欢乐谷店/2018年12月12日/进场/15445872196902403.jpg',NULL,1,'2018-12-12 12:00:19',NULL,NULL,0,5,NULL,NULL,NULL,NULL,NULL,NULL,0,NULL),
(1054,'京PS6A76','2018-12-12 12:00:36',17,'广本欢乐谷店/2018年12月12日/进场/154458723539077f8.jpg',NULL,1,'2018-12-12 12:00:35',NULL,NULL,0,5,NULL,NULL,NULL,NULL,NULL,NULL,0,NULL),
(1055,'辽MPG172','2018-12-12 12:02:44',17,'广本欢乐谷店/2018年12月12日/进场/15445873637222df8.jpg',NULL,1,'2018-12-12 12:02:44',NULL,NULL,0,5,NULL,NULL,NULL,NULL,NULL,NULL,0,NULL),
(1056,'京HFP873','2018-12-12 12:02:56',17,'广本欢乐谷店/2018年12月12日/进场/1544587375548fccb.jpg',NULL,1,'2018-12-12 12:02:55',NULL,NULL,0,5,NULL,NULL,NULL,NULL,NULL,NULL,0,NULL),
(1057,'冀J288KG','2018-12-12 12:08:51',17,'广本欢乐谷店/2018年12月12日/进场/1544587730249182e.jpg',NULL,1,'2018-12-12 12:08:50',NULL,NULL,0,5,NULL,NULL,NULL,NULL,NULL,NULL,0,NULL),
(1058,'京K68633','2018-12-12 12:17:12',17,'广本欢乐谷店/2018年12月12日/进场/15445882321982a4a.jpg',NULL,1,'2018-12-12 12:17:12',NULL,NULL,0,5,NULL,NULL,NULL,NULL,NULL,NULL,0,NULL),
(1059,'冀J688XK','2018-12-12 12:17:16',17,'广本欢乐谷店/2018年12月12日/进场/1544588236163039b.jpg',NULL,1,'2018-12-12 12:17:16',NULL,NULL,0,5,NULL,NULL,NULL,NULL,NULL,NULL,0,NULL),
(1060,'京EAS561','2018-12-12 12:26:27',17,'广本欢乐谷店/2018年12月12日/进场/15445887867474083.jpg',NULL,1,'2018-12-12 12:26:26',NULL,NULL,0,5,NULL,NULL,NULL,NULL,NULL,NULL,0,NULL),
(1061,'京N15BM6','2018-12-12 12:26:47',17,'广本欢乐谷店/2018年12月12日/进场/154458880633307af.jpg',NULL,1,'2018-12-12 12:26:46',NULL,NULL,0,5,NULL,NULL,NULL,NULL,NULL,NULL,0,NULL),
(1062,'京Q32HW1','2018-12-12 12:35:21',17,'广本欢乐谷店/2018年12月12日/进场/154458932061056d1.jpg',NULL,1,'2018-12-12 12:35:20',NULL,NULL,0,5,NULL,NULL,NULL,NULL,NULL,NULL,0,NULL),
(1063,'京P29927','2018-12-12 12:45:20',17,'广本欢乐谷店/2018年12月12日/进场/154458991957297da.jpg',NULL,1,'2018-12-12 12:45:20',NULL,NULL,0,5,NULL,NULL,NULL,NULL,NULL,NULL,0,NULL),
(1064,'京Q8VC78','2018-12-12 12:49:07',17,'广本欢乐谷店/2018年12月12日/进场/15445901473432679.jpg',NULL,1,'2018-12-12 12:49:07',NULL,NULL,0,5,NULL,NULL,NULL,NULL,NULL,NULL,0,NULL),
(1065,'京Q85SM0','2018-12-12 12:51:56',17,'广本欢乐谷店/2018年12月12日/进场/15445903152830311.jpg',NULL,1,'2018-12-12 12:51:55',NULL,NULL,0,5,NULL,NULL,NULL,NULL,NULL,NULL,0,NULL),
(1066,'京N65P38','2018-12-12 13:11:01',17,'广本欢乐谷店/2018年12月12日/进场/15445914602506642.jpg',NULL,1,'2018-12-12 13:11:00',NULL,NULL,0,5,NULL,NULL,NULL,NULL,NULL,NULL,0,NULL),
(1067,'京N6ZA65','2018-12-12 13:11:37',17,'广本欢乐谷店/2018年12月12日/进场/1544591496882f5be.jpg',NULL,1,'2018-12-12 13:11:37',NULL,NULL,0,5,NULL,NULL,NULL,NULL,NULL,NULL,0,NULL),
(1068,'京ABM275','2018-12-12 13:13:06',17,'广本欢乐谷店/2018年12月12日/进场/15445915854024d81.jpg',NULL,1,'2018-12-12 13:13:05',NULL,NULL,0,5,NULL,NULL,NULL,NULL,NULL,NULL,0,NULL),
(1069,'京N9V277','2018-12-12 13:22:17',17,'广本欢乐谷店/2018年12月12日/进场/1544592136815a30f.jpg',NULL,1,'2018-12-12 13:22:16',NULL,NULL,0,5,NULL,NULL,NULL,NULL,NULL,NULL,0,NULL),
(1070,'京CAD396','2018-12-12 13:22:43',17,'广本欢乐谷店/2018年12月12日/进场/1544592162945ae7d.jpg',NULL,1,'2018-12-12 13:22:42',NULL,NULL,0,5,NULL,NULL,NULL,NULL,NULL,NULL,0,NULL),
(1071,'京Q0DZ07','2018-12-12 13:27:17',17,'广本欢乐谷店/2018年12月12日/进场/15445924368929d88.jpg',NULL,1,'2018-12-12 13:27:17',NULL,NULL,0,5,NULL,NULL,NULL,NULL,NULL,NULL,0,NULL),
(1072,'京HAL578','2018-12-12 13:27:28',17,'广本欢乐谷店/2018年12月12日/进场/154459244843869c9.jpg',NULL,1,'2018-12-12 13:27:28',NULL,NULL,0,5,NULL,NULL,NULL,NULL,NULL,NULL,0,NULL),
(1073,'京QUY663','2018-12-12 13:32:33',17,'广本欢乐谷店/2018年12月12日/进场/1544592752938db14.jpg',NULL,1,'2018-12-12 13:32:33',NULL,NULL,0,5,NULL,NULL,NULL,NULL,NULL,NULL,0,NULL),
(1074,'京GED807','2018-12-12 13:37:35',17,'广本欢乐谷店/2018年12月12日/进场/15445930546939a18.jpg',NULL,1,'2018-12-12 13:37:34',NULL,NULL,0,5,NULL,NULL,NULL,NULL,NULL,NULL,0,NULL),
(1075,'京QB06F2','2018-12-12 13:56:29',17,'广本欢乐谷店/2018年12月12日/进场/15445941886337ac4.jpg',NULL,1,'2018-12-12 13:56:28',NULL,NULL,0,5,NULL,NULL,NULL,NULL,NULL,NULL,0,NULL),
(1076,'京NW1D12','2018-12-12 14:00:04',17,'广本欢乐谷店/2018年12月12日/进场/1544594404220eff6.jpg',NULL,1,'2018-12-12 14:00:04',NULL,NULL,0,5,NULL,NULL,NULL,NULL,NULL,NULL,0,NULL),
(1077,'京NA3757','2018-12-12 14:05:59',17,'广本欢乐谷店/2018年12月12日/进场/15445947585118ef0.jpg',NULL,1,'2018-12-12 14:05:58',NULL,NULL,0,5,NULL,NULL,NULL,NULL,NULL,NULL,0,NULL),
(1078,'京FAU853','2018-12-12 14:06:10',17,'广本欢乐谷店/2018年12月12日/进场/15445947698834ffe.jpg',NULL,1,'2018-12-12 14:06:10',NULL,NULL,0,5,NULL,NULL,NULL,NULL,NULL,NULL,0,NULL),
(1079,'京QF99E3','2018-12-12 14:06:15',17,'广本欢乐谷店/2018年12月12日/进场/1544594774389e4dd.jpg',NULL,1,'2018-12-12 14:06:14',NULL,NULL,0,5,NULL,NULL,NULL,NULL,NULL,NULL,0,NULL),
(1080,'京Q71XZ1','2018-12-12 14:09:06',17,'广本欢乐谷店/2018年12月12日/进场/1544594945573b7aa.jpg',NULL,1,'2018-12-12 14:09:05',NULL,NULL,0,5,NULL,NULL,NULL,NULL,NULL,NULL,0,NULL),
(1081,'冀H5Z735','2018-12-12 14:09:20',17,'广本欢乐谷店/2018年12月12日/进场/1544594959277e21d.jpg',NULL,1,'2018-12-12 14:09:19',NULL,NULL,0,5,NULL,NULL,NULL,NULL,NULL,NULL,0,NULL),
(1082,'京QT12C3','2018-12-12 14:12:48',17,'广本欢乐谷店/2018年12月12日/进场/1544595168187ec44.jpg',NULL,1,'2018-12-12 14:12:48',NULL,NULL,0,5,NULL,NULL,NULL,NULL,NULL,NULL,0,NULL),
(1083,'京H14011','2018-12-12 14:16:32',17,'广本欢乐谷店/2018年12月12日/进场/15445953919077acd.jpg',NULL,1,'2018-12-12 14:16:32',NULL,NULL,0,5,NULL,NULL,NULL,NULL,NULL,NULL,0,NULL),
(1084,'冀R6L1N3','2018-12-12 14:25:13',17,'广本欢乐谷店/2018年12月12日/进场/1544595913155d69b.jpg',NULL,1,'2018-12-12 14:25:13',NULL,NULL,0,5,NULL,NULL,NULL,NULL,NULL,NULL,0,NULL),
(1085,'冀AN3Q60','2018-12-12 14:29:32',17,'广本欢乐谷店/2018年12月12日/进场/15445961715773395.jpg',NULL,1,'2018-12-12 14:29:31',NULL,NULL,0,5,NULL,NULL,NULL,NULL,NULL,NULL,0,NULL),
(1086,'京Q3F1E9','2018-12-12 14:35:13',17,'广本欢乐谷店/2018年12月12日/进场/15445965130132cd6.jpg',NULL,1,'2018-12-12 14:35:13',NULL,NULL,0,5,NULL,NULL,NULL,NULL,NULL,NULL,0,NULL),
(1087,'辽MPG172','2018-12-12 14:38:15',17,'广本欢乐谷店/2018年12月12日/进场/15445966945648bf1.jpg',NULL,1,'2018-12-12 14:38:14',NULL,NULL,0,5,NULL,NULL,NULL,NULL,NULL,NULL,0,NULL),
(1088,'京PAM570','2018-12-12 14:40:06',17,'广本欢乐谷店/2018年12月12日/进场/1544596805336b0e8.jpg',NULL,1,'2018-12-12 14:40:05',NULL,NULL,0,5,NULL,NULL,NULL,NULL,NULL,NULL,0,NULL),
(1089,'京N1QV62','2018-12-12 14:41:36',17,'广本欢乐谷店/2018年12月12日/进场/1544596895556eb72.jpg',NULL,1,'2018-12-12 14:41:35',NULL,NULL,0,5,NULL,NULL,NULL,NULL,NULL,NULL,0,NULL),
(1090,'京GWY681','2018-12-12 14:48:03',17,'广本欢乐谷店/2018年12月12日/进场/1544597282411ca4e.jpg',NULL,1,'2018-12-12 14:48:02',NULL,NULL,0,5,NULL,NULL,NULL,NULL,NULL,NULL,0,NULL),
(1091,'冀R5678H','2018-12-12 14:50:04',17,'广本欢乐谷店/2018年12月12日/进场/1544597403532fa8e.jpg',NULL,1,'2018-12-12 14:50:04',NULL,NULL,0,5,NULL,NULL,NULL,NULL,NULL,NULL,0,NULL),
(1092,'蒙D1020L','2018-12-12 14:58:25',17,'广本欢乐谷店/2018年12月12日/进场/154459790456594bb.jpg',NULL,1,'2018-12-12 14:58:24',NULL,NULL,0,5,NULL,NULL,NULL,NULL,NULL,NULL,0,NULL),
(1093,'京QH59B2','2018-12-12 14:58:31',17,'广本欢乐谷店/2018年12月12日/进场/15445979105287bc1.jpg',NULL,1,'2018-12-12 14:58:30',NULL,NULL,0,5,NULL,NULL,NULL,NULL,NULL,NULL,0,NULL),
(1094,'京NW1913','2018-12-12 15:01:34',17,'广本欢乐谷店/2018年12月12日/进场/1544598093411cdee.jpg',NULL,1,'2018-12-12 15:01:33',NULL,NULL,0,5,NULL,NULL,NULL,NULL,NULL,NULL,0,NULL),
(1095,'冀B0715U','2018-12-12 15:01:41',17,'广本欢乐谷店/2018年12月12日/进场/1544598101410fa2a.jpg',NULL,1,'2018-12-12 15:01:41',NULL,NULL,0,5,NULL,NULL,NULL,NULL,NULL,NULL,0,NULL),
(1096,'京KF1272','2018-12-12 15:04:17',17,'广本欢乐谷店/2018年12月12日/进场/1544598256414adcc.jpg',NULL,1,'2018-12-12 15:04:16',NULL,NULL,0,5,NULL,NULL,NULL,NULL,NULL,NULL,0,NULL),
(1097,'冀F3H212','2018-12-12 15:04:53',17,'广本欢乐谷店/2018年12月12日/进场/15445982926807ccf.jpg',NULL,1,'2018-12-12 15:04:52',NULL,NULL,0,5,NULL,NULL,NULL,NULL,NULL,NULL,0,NULL),
(1098,'京JA9628','2018-12-12 15:08:14',17,'广本欢乐谷店/2018年12月12日/进场/15445984934472510.jpg',NULL,1,'2018-12-12 15:08:13',NULL,NULL,0,5,NULL,NULL,NULL,NULL,NULL,NULL,0,NULL),
(1099,'京QR68R8','2018-12-12 15:23:32',17,'广本欢乐谷店/2018年12月12日/进场/154459941130348aa.jpg',NULL,1,'2018-12-12 15:23:31',NULL,NULL,0,5,NULL,NULL,NULL,NULL,NULL,NULL,0,NULL),
(1100,'京KY0123','2018-12-12 15:24:01',17,'广本欢乐谷店/2018年12月12日/进场/1544599440516161c.jpg',NULL,1,'2018-12-12 15:24:00',NULL,NULL,0,5,NULL,NULL,NULL,NULL,NULL,NULL,0,NULL),
(1101,'京QH6K68','2018-12-12 15:34:28',17,'广本欢乐谷店/2018年12月12日/进场/1544600067350b200.jpg',NULL,1,'2018-12-12 15:34:27',NULL,NULL,0,5,NULL,NULL,NULL,NULL,NULL,NULL,0,NULL),
(1102,'京MJ1255','2018-12-12 15:41:24',17,'广本欢乐谷店/2018年12月12日/进场/1544600483805bf1e.jpg',NULL,1,'2018-12-12 15:41:23',NULL,NULL,0,5,NULL,NULL,NULL,NULL,NULL,NULL,0,NULL),
(1103,'冀F010JR','2018-12-12 15:45:49',17,'广本欢乐谷店/2018年12月12日/进场/154460074848061cb.jpg',NULL,1,'2018-12-12 15:45:48',NULL,NULL,0,5,NULL,NULL,NULL,NULL,NULL,NULL,0,NULL),
(1104,'京PG0V97','2018-12-12 15:47:00',17,'广本欢乐谷店/2018年12月12日/进场/1544600820372fc45.jpg',NULL,1,'2018-12-12 15:47:00',NULL,NULL,0,5,NULL,NULL,NULL,NULL,NULL,NULL,0,NULL),
(1105,'京JA5192','2018-12-12 16:10:35',17,'广本欢乐谷店/2018年12月12日/进场/1544602235261821a.jpg',NULL,1,'2018-12-12 16:10:35',NULL,NULL,0,5,NULL,NULL,NULL,NULL,NULL,NULL,0,NULL),
(1106,'京PRW937','2018-12-12 16:12:16',17,'广本欢乐谷店/2018年12月12日/进场/1544602336306a07f.jpg',NULL,1,'2018-12-12 16:12:16',NULL,NULL,0,5,NULL,NULL,NULL,NULL,NULL,NULL,0,NULL),
(1107,'京KBX226','2018-12-12 16:15:39',17,'广本欢乐谷店/2018年12月12日/进场/1544602539034729d.jpg',NULL,1,'2018-12-12 16:15:39',NULL,NULL,0,5,NULL,NULL,NULL,NULL,NULL,NULL,0,NULL),
(1108,'京N75N95','2018-12-12 16:19:06',17,'广本欢乐谷店/2018年12月12日/进场/154460274571478e8.jpg',NULL,1,'2018-12-12 16:19:05',NULL,NULL,0,5,NULL,NULL,NULL,NULL,NULL,NULL,0,NULL),
(1109,'京NGY266','2018-12-12 16:31:14',17,'广本欢乐谷店/2018年12月12日/进场/15446034741928c62.jpg',NULL,1,'2018-12-12 16:31:14',NULL,NULL,0,5,NULL,NULL,NULL,NULL,NULL,NULL,0,NULL),
(1110,'冀G5T251','2018-12-12 16:31:27',17,'广本欢乐谷店/2018年12月12日/进场/1544603487136af3c.jpg',NULL,1,'2018-12-12 16:31:27',NULL,NULL,0,5,NULL,NULL,NULL,NULL,NULL,NULL,0,NULL),
(1111,'京Q37WB1','2018-12-12 16:50:14',17,'广本欢乐谷店/2018年12月12日/进场/1544604613988c323.jpg',NULL,1,'2018-12-12 16:50:14',NULL,NULL,0,5,NULL,NULL,NULL,NULL,NULL,NULL,0,NULL),
(1112,'京PEH806','2018-12-12 16:51:15',17,'广本欢乐谷店/2018年12月12日/进场/15446046750288aaf.jpg',NULL,1,'2018-12-12 16:51:15',NULL,NULL,0,5,NULL,NULL,NULL,NULL,NULL,NULL,0,NULL),
(1113,'京N5JL15','2018-12-12 16:55:06',17,'广本欢乐谷店/2018年12月12日/进场/154460490623840f4.jpg',NULL,1,'2018-12-12 16:55:06',NULL,NULL,0,5,NULL,NULL,NULL,NULL,NULL,NULL,0,NULL),
(1114,'京LBN375','2018-12-12 17:17:30',17,'广本欢乐谷店/2018年12月12日/进场/1544606249119b74e.jpg',NULL,1,'2018-12-12 17:17:29',NULL,NULL,0,5,NULL,NULL,NULL,NULL,NULL,NULL,0,NULL),
(1115,'京NKY080','2018-12-12 17:31:01',17,'广本欢乐谷店/2018年12月12日/进场/15446070604527205.jpg',NULL,1,'2018-12-12 17:31:00',NULL,NULL,0,5,NULL,NULL,NULL,NULL,NULL,NULL,0,NULL),
(1116,'蒙CVV337','2018-12-12 17:37:14',17,'广本欢乐谷店/2018年12月12日/进场/1544607433852c1bd.jpg',NULL,1,'2018-12-12 17:37:14',NULL,NULL,0,5,NULL,NULL,NULL,NULL,NULL,NULL,0,NULL),
(1117,'京GWN488','2018-12-12 17:45:17',17,'广本欢乐谷店/2018年12月12日/进场/15446079166603b48.jpg',NULL,1,'2018-12-12 17:45:17',NULL,NULL,0,5,NULL,NULL,NULL,NULL,NULL,NULL,0,NULL),
(1118,'冀G0980W','2018-12-12 17:47:55',17,'广本欢乐谷店/2018年12月12日/进场/15446080748226404.jpg',NULL,1,'2018-12-12 17:47:55',NULL,NULL,0,5,NULL,NULL,NULL,NULL,NULL,NULL,0,NULL),
(1119,'京Q11SX7','2018-12-12 17:51:15',17,'广本欢乐谷店/2018年12月12日/进场/15446082745048874.jpg',NULL,1,'2018-12-12 17:51:14',NULL,NULL,0,5,NULL,NULL,NULL,NULL,NULL,NULL,0,NULL),
(1120,'京MBV818','2018-12-12 17:55:53',17,'广本欢乐谷店/2018年12月12日/进场/15446085527981e19.jpg',NULL,1,'2018-12-12 17:55:53',NULL,NULL,0,5,NULL,NULL,NULL,NULL,NULL,NULL,0,NULL),
(1121,'京ADR252','2018-12-12 19:03:27',17,'广本欢乐谷店/2018年12月12日/进场/15446126069970eb0.jpg',NULL,1,'2018-12-12 19:03:27',NULL,NULL,0,5,NULL,NULL,NULL,NULL,NULL,NULL,0,NULL),
(1122,'京JJ1831','2018-12-13 08:13:38',17,'广本欢乐谷店/2018年12月13日/进场/15446600182376243.jpg',NULL,1,'2018-12-13 08:13:38',NULL,NULL,0,5,NULL,NULL,NULL,NULL,NULL,NULL,0,NULL),
(1123,'京KFT081','2018-12-13 08:17:02',17,'广本欢乐谷店/2018年12月13日/进场/1544660222146dffd.jpg',NULL,1,'2018-12-13 08:17:02',NULL,NULL,0,5,NULL,NULL,NULL,NULL,NULL,NULL,0,NULL),
(1124,'冀T2A660','2018-12-13 08:17:10',17,'广本欢乐谷店/2018年12月13日/进场/1544660230045d0b9.jpg',NULL,1,'2018-12-13 08:17:10',NULL,NULL,0,5,NULL,NULL,NULL,NULL,NULL,NULL,0,NULL),
(1125,'京JFA088','2018-12-13 08:29:52',17,'广本欢乐谷店/2018年12月13日/进场/154466099197653fb.jpg',NULL,1,'2018-12-13 08:29:52',NULL,NULL,0,5,NULL,NULL,NULL,NULL,NULL,NULL,0,NULL),
(1126,'京NYJ652','2018-12-13 08:34:34',17,'广本欢乐谷店/2018年12月13日/进场/1544661273628d8cd.jpg',NULL,1,'2018-12-13 08:34:34',NULL,NULL,0,5,NULL,NULL,NULL,NULL,NULL,NULL,0,NULL),
(1127,'京QNT169','2018-12-13 08:38:34',17,'广本欢乐谷店/2018年12月13日/进场/1544661513624919e.jpg',NULL,1,'2018-12-13 08:38:34',NULL,NULL,0,5,NULL,NULL,NULL,NULL,NULL,NULL,0,NULL),
(1128,'京N90P22','2018-12-13 08:57:41',17,'广本欢乐谷店/2018年12月13日/进场/154466266105287f5.jpg',NULL,1,'2018-12-13 08:57:41',NULL,NULL,0,5,NULL,NULL,NULL,NULL,NULL,NULL,0,NULL),
(1129,'京NW9W56','2018-12-13 09:20:39',17,'广本欢乐谷店/2018年12月13日/进场/1544664039260c9cd.jpg',NULL,1,'2018-12-13 09:20:39',NULL,NULL,0,5,NULL,NULL,NULL,NULL,NULL,NULL,0,NULL),
(1130,'京QQ5C07','2018-12-13 09:22:47',17,'广本欢乐谷店/2018年12月13日/进场/1544664166994cd1e.jpg',NULL,1,'2018-12-13 09:22:47',NULL,NULL,0,5,NULL,NULL,NULL,NULL,NULL,NULL,0,NULL),
(1131,'京PBP333','2018-12-13 09:31:12',17,'广本欢乐谷店/2018年12月13日/进场/1544664671712735d.jpg',NULL,1,'2018-12-13 09:31:11',NULL,NULL,0,5,NULL,NULL,NULL,NULL,NULL,NULL,0,NULL),
(1132,'鲁RPQ359','2018-12-13 09:31:37',17,'广本欢乐谷店/2018年12月13日/进场/15446646968393a7d.jpg',NULL,1,'2018-12-13 09:31:37',NULL,NULL,0,5,NULL,NULL,NULL,NULL,NULL,NULL,0,NULL),
(1133,'京Q3LG30','2018-12-13 09:37:15',17,'广本欢乐谷店/2018年12月13日/进场/154466503510426ac.jpg',NULL,1,'2018-12-13 09:37:15',NULL,NULL,0,5,NULL,NULL,NULL,NULL,NULL,NULL,0,NULL),
(1134,'鄂BQJ687','2018-12-13 09:41:33',17,'广本欢乐谷店/2018年12月13日/进场/1544665292978f4e5.jpg',NULL,1,'2018-12-13 09:41:33',NULL,NULL,0,5,NULL,NULL,NULL,NULL,NULL,NULL,0,NULL),
(1135,'京NJY186','2018-12-13 09:48:04',17,'广本欢乐谷店/2018年12月13日/进场/15446656833669c8c.jpg',NULL,1,'2018-12-13 09:48:03',NULL,NULL,0,5,NULL,NULL,NULL,NULL,NULL,NULL,0,NULL),
(1136,'京Q72KG7','2018-12-13 09:49:02',17,'广本欢乐谷店/2018年12月13日/进场/154466574167342da.jpg',NULL,1,'2018-12-13 09:49:02',NULL,NULL,0,5,NULL,NULL,NULL,NULL,NULL,NULL,0,NULL),
(1137,'京N9V277','2018-12-13 09:49:24',17,'广本欢乐谷店/2018年12月13日/进场/1544665763421cffa.jpg',NULL,1,'2018-12-13 09:49:23',NULL,NULL,0,5,NULL,NULL,NULL,NULL,NULL,NULL,0,NULL),
(1138,'京Q0GS73','2018-12-13 09:58:12',17,'广本欢乐谷店/2018年12月13日/进场/15446662923229607.jpg',NULL,1,'2018-12-13 09:58:12',NULL,NULL,0,5,NULL,NULL,NULL,NULL,NULL,NULL,0,NULL),
(1139,'京N91E72','2018-12-13 10:05:43',17,'广本欢乐谷店/2018年12月13日/进场/15446667426795de1.jpg',NULL,1,'2018-12-13 10:05:43',NULL,NULL,0,5,NULL,NULL,NULL,NULL,NULL,NULL,0,NULL),
(1140,'京NP9H89','2018-12-13 10:10:12',17,'广本欢乐谷店/2018年12月13日/进场/1544667011259ece4.jpg',NULL,1,'2018-12-13 10:10:11',NULL,NULL,0,5,NULL,NULL,NULL,NULL,NULL,NULL,0,NULL),
(1141,'京NL4Z19','2018-12-13 10:15:35',17,'广本欢乐谷店/2018年12月13日/进场/154466733448752c7.jpg',NULL,1,'2018-12-13 10:15:34',NULL,NULL,0,5,NULL,NULL,NULL,NULL,NULL,NULL,0,NULL),
(1142,'京QK26V9','2018-12-13 10:15:47',17,'广本欢乐谷店/2018年12月13日/进场/154466734642772ab.jpg',NULL,1,'2018-12-13 10:15:46',NULL,NULL,0,5,NULL,NULL,NULL,NULL,NULL,NULL,0,NULL),
(1143,'京N6QV55','2018-12-13 10:21:56',17,'广本欢乐谷店/2018年12月13日/进场/15446677156939a7c.jpg',NULL,1,'2018-12-13 10:21:55',NULL,NULL,0,5,NULL,NULL,NULL,NULL,NULL,NULL,0,NULL),
(1144,'京GVF098','2018-12-13 10:24:03',17,'广本欢乐谷店/2018年12月13日/进场/1544667842297ed68.jpg',NULL,1,'2018-12-13 10:24:02',NULL,NULL,0,5,NULL,NULL,NULL,NULL,NULL,NULL,0,NULL),
(1145,'京Q51JD3','2018-12-13 10:27:41',17,'广本欢乐谷店/2018年12月13日/进场/1544668060741697e.jpg',NULL,1,'2018-12-13 10:27:40',NULL,NULL,0,5,NULL,NULL,NULL,NULL,NULL,NULL,0,NULL),
(1146,'京N87603','2018-12-13 10:28:14',17,'广本欢乐谷店/2018年12月13日/进场/1544668092869465a.jpg',NULL,1,'2018-12-13 10:28:13',NULL,NULL,0,5,NULL,NULL,NULL,NULL,NULL,NULL,0,NULL),
(1147,'京R5Y666','2018-12-13 10:33:11',17,'广本欢乐谷店/2018年12月13日/进场/154466839047686df.jpg',NULL,1,'2018-12-13 10:33:11',NULL,NULL,0,5,NULL,NULL,NULL,NULL,NULL,NULL,0,NULL),
(1148,'京Q0W8R1','2018-12-13 10:38:42',17,'广本欢乐谷店/2018年12月13日/进场/1544668721617e013.jpg',NULL,1,'2018-12-13 10:38:42',NULL,NULL,0,5,NULL,NULL,NULL,NULL,NULL,NULL,0,NULL),
(1149,'京PTB376','2018-12-13 10:49:38',17,'广本欢乐谷店/2018年12月13日/进场/15446693775955e7c.jpg',NULL,1,'2018-12-13 10:49:38',NULL,NULL,0,5,NULL,NULL,NULL,NULL,NULL,NULL,0,NULL),
(1150,'京QU7W99','2018-12-13 10:54:46',17,'广本欢乐谷店/2018年12月13日/进场/154466968546871cb.jpg',NULL,1,'2018-12-13 10:54:45',NULL,NULL,0,5,NULL,NULL,NULL,NULL,NULL,NULL,0,NULL),
(1151,'京AE9Z39','2018-12-13 10:59:22',17,'广本欢乐谷店/2018年12月13日/进场/15446699618299658.jpg',NULL,1,'2018-12-13 10:59:22',NULL,NULL,0,5,NULL,NULL,NULL,NULL,NULL,NULL,0,NULL),
(1152,'京JC4477','2018-12-13 11:00:09',17,'广本欢乐谷店/2018年12月13日/进场/1544670008935e44b.jpg',NULL,1,'2018-12-13 11:00:08',NULL,NULL,0,5,NULL,NULL,NULL,NULL,NULL,NULL,0,NULL),
(1153,'浙CKF177','2018-12-13 11:01:41',17,'广本欢乐谷店/2018年12月13日/进场/154467009981859ca.jpg',NULL,1,'2018-12-13 11:01:40',NULL,NULL,0,5,NULL,NULL,NULL,NULL,NULL,NULL,0,NULL),
(1154,'京NNL913','2018-12-13 11:07:21',17,'广本欢乐谷店/2018年12月13日/进场/15446704406306d03.jpg',NULL,1,'2018-12-13 11:07:21',NULL,NULL,0,5,NULL,NULL,NULL,NULL,NULL,NULL,0,NULL),
(1155,'京HL2508','2018-12-13 11:08:05',17,'广本欢乐谷店/2018年12月13日/进场/1544670485115f01e.jpg',NULL,1,'2018-12-13 11:08:05',NULL,NULL,0,5,NULL,NULL,NULL,NULL,NULL,NULL,0,NULL),
(1156,'京HFG156','2018-12-13 11:15:54',17,'广本欢乐谷店/2018年12月13日/进场/154467095343547d0.jpg',NULL,1,'2018-12-13 11:15:53',NULL,NULL,0,5,NULL,NULL,NULL,NULL,NULL,NULL,0,NULL),
(1157,'京JA9628','2018-12-13 11:16:05',17,'广本欢乐谷店/2018年12月13日/进场/1544670964793df7a.jpg',NULL,1,'2018-12-13 11:16:05',NULL,NULL,0,5,NULL,NULL,NULL,NULL,NULL,NULL,0,NULL),
(1158,'京N6RS23','2018-12-13 11:16:22',17,'广本欢乐谷店/2018年12月13日/进场/154467098219958f0.jpg',NULL,1,'2018-12-13 11:16:22',NULL,NULL,0,5,NULL,NULL,NULL,NULL,NULL,NULL,0,NULL),
(1159,'冀EZU257','2018-12-13 11:24:26',17,'广本欢乐谷店/2018年12月13日/进场/15446714655264dc3.jpg',NULL,1,'2018-12-13 11:24:26',NULL,NULL,0,5,NULL,NULL,NULL,NULL,NULL,NULL,0,NULL),
(1160,'京NE88E1','2018-12-13 11:37:45',17,'广本欢乐谷店/2018年12月13日/进场/1544672264543ce5a.jpg',NULL,1,'2018-12-13 11:37:44',NULL,NULL,0,5,NULL,NULL,NULL,NULL,NULL,NULL,0,NULL),
(1161,'渝F15G16','2018-12-13 11:40:27',17,'广本欢乐谷店/2018年12月13日/进场/15446724266175607.jpg',NULL,1,'2018-12-13 11:40:26',NULL,NULL,0,5,NULL,NULL,NULL,NULL,NULL,NULL,0,NULL),
(1162,'豫S70C29','2018-12-13 11:43:17',17,'广本欢乐谷店/2018年12月13日/进场/154467259621523a8.jpg',NULL,1,'2018-12-13 11:43:17',NULL,NULL,0,5,NULL,NULL,NULL,NULL,NULL,NULL,0,NULL),
(1163,'京NKK781','2018-12-13 11:45:33',17,'广本欢乐谷店/2018年12月13日/进场/1544672732541d119.jpg',NULL,1,'2018-12-13 11:45:32',NULL,NULL,0,5,NULL,NULL,NULL,NULL,NULL,NULL,0,NULL),
(1164,'京HAR296','2018-12-13 11:49:04',17,'广本欢乐谷店/2018年12月13日/进场/154467294426119d6.jpg',NULL,1,'2018-12-13 11:49:04',NULL,NULL,0,5,NULL,NULL,NULL,NULL,NULL,NULL,0,NULL),
(1165,'京N9HL69','2018-12-13 11:50:51',17,'广本欢乐谷店/2018年12月13日/进场/15446730506290a48.jpg',NULL,1,'2018-12-13 11:50:50',NULL,NULL,0,5,NULL,NULL,NULL,NULL,NULL,NULL,0,NULL),
(1166,'京A12177','2018-12-13 11:52:20',NULL,NULL,2,33,'2018-12-13 11:52:20',NULL,NULL,0,5,NULL,9,NULL,'',33,'2018-12-13 11:52:21',1,''),
(1167,'京P5EX21','2018-12-13 11:55:45',17,'广本欢乐谷店/2018年12月13日/进场/1544673344518559a.jpg',0,1,'2018-12-13 11:55:44',28,'2018-12-13 12:09:22',0,5,NULL,10,NULL,'',28,'2018-12-13 12:09:22',1,''),
(1168,'京HBZ352','2018-12-13 11:57:20',17,'广本欢乐谷店/2018年12月13日/进场/1544673439715fe46.jpg',2,1,'2018-12-13 11:57:20',28,'2018-12-13 18:20:36',0,5,'2018-12-13 17:00:36',6,28,'',28,'2018-12-13 12:09:09',4,'保修定损'),
(1169,'京NE9G66','2018-12-13 12:39:55',17,'广本欢乐谷店/2018年12月13日/进场/1544675994434020b.jpg',NULL,1,'2018-12-13 12:39:54',NULL,NULL,0,5,NULL,NULL,NULL,NULL,NULL,NULL,0,NULL),
(1170,'京NAQ146','2018-12-13 12:46:00',17,'广本欢乐谷店/2018年12月13日/进场/15446763597636770.jpg',NULL,1,'2018-12-13 12:45:59',NULL,NULL,0,5,NULL,NULL,NULL,NULL,NULL,NULL,0,NULL),
(1171,'京N38RE2','2018-12-13 12:46:05',17,'广本欢乐谷店/2018年12月13日/进场/1544676364737bdaa.jpg',NULL,1,'2018-12-13 12:46:05',NULL,NULL,0,5,NULL,NULL,NULL,NULL,NULL,NULL,0,NULL),
(1172,'京HW3383','2018-12-13 12:46:24',17,'广本欢乐谷店/2018年12月13日/进场/1544676384124e12b.jpg',NULL,1,'2018-12-13 12:46:24',NULL,NULL,0,5,NULL,NULL,NULL,NULL,NULL,NULL,0,NULL),
(1173,'京N14L78','2018-12-13 12:46:54',17,'广本欢乐谷店/2018年12月13日/进场/15446764138190983.jpg',NULL,1,'2018-12-13 12:46:53',NULL,NULL,0,5,NULL,NULL,NULL,NULL,NULL,NULL,0,NULL),
(1174,'京LK6686','2018-12-13 12:49:35',17,'广本欢乐谷店/2018年12月13日/进场/1544676574776f76f.jpg',NULL,1,'2018-12-13 12:49:35',NULL,NULL,0,5,NULL,NULL,NULL,NULL,NULL,NULL,0,NULL),
(1175,'京EBH299','2018-12-13 12:52:31',17,'广本欢乐谷店/2018年12月13日/进场/15446767506702437.jpg',NULL,1,'2018-12-13 12:52:30',NULL,NULL,0,5,NULL,NULL,NULL,NULL,NULL,NULL,0,NULL),
(1176,'京N8X2W7','2018-12-13 12:59:24',17,'广本欢乐谷店/2018年12月13日/进场/15446771640969a24.jpg',NULL,1,'2018-12-13 12:59:24',NULL,NULL,0,5,NULL,NULL,NULL,NULL,NULL,NULL,0,NULL),
(1177,'京HAY563','2018-12-13 13:01:34',17,'广本欢乐谷店/2018年12月13日/进场/1544677293161a8fa.jpg',NULL,1,'2018-12-13 13:01:33',NULL,NULL,0,5,NULL,NULL,NULL,NULL,NULL,NULL,0,NULL),
(1178,'豫NGU927','2018-12-13 13:03:59',17,'广本欢乐谷店/2018年12月13日/进场/1544677438669b675.jpg',NULL,1,'2018-12-13 13:03:58',NULL,NULL,0,5,NULL,NULL,NULL,NULL,NULL,NULL,0,NULL),
(1179,'京Q12YV8','2018-12-13 13:07:31',17,'广本欢乐谷店/2018年12月13日/进场/154467765050549ed.jpg',NULL,1,'2018-12-13 13:07:30',NULL,NULL,0,5,NULL,NULL,NULL,NULL,NULL,NULL,0,NULL),
(1180,'京Q28DC6','2018-12-13 13:11:05',17,'广本欢乐谷店/2018年12月13日/进场/15446778650644780.jpg',NULL,1,'2018-12-13 13:11:05',NULL,NULL,0,5,NULL,NULL,NULL,NULL,NULL,NULL,0,NULL),
(1181,'京QZU011','2018-12-13 13:14:11',17,'广本欢乐谷店/2018年12月13日/进场/15446780511282aef.jpg',NULL,1,'2018-12-13 13:14:11',NULL,NULL,0,5,NULL,NULL,NULL,NULL,NULL,NULL,0,NULL),
(1182,'京A64961','2018-12-13 13:24:31',17,'广本欢乐谷店/2018年12月13日/进场/1544678670486b7f4.jpg',NULL,1,'2018-12-13 13:24:30',NULL,NULL,0,5,NULL,NULL,NULL,NULL,NULL,NULL,0,NULL),
(1184,'京Q06E09','2018-12-13 13:34:06',17,'广本欢乐谷店/2018年12月13日/进场/15446792462095ad4.jpg',NULL,1,'2018-12-13 13:34:06',NULL,NULL,0,5,NULL,NULL,NULL,NULL,NULL,NULL,0,NULL),
(1185,'京HM6398','2018-12-13 13:55:54',17,'广本欢乐谷店/2018年12月13日/进场/15446805539963e26.jpg',NULL,1,'2018-12-13 13:55:54',NULL,NULL,0,5,NULL,NULL,NULL,NULL,NULL,NULL,0,NULL),
(1186,'京Q12VF8','2018-12-13 13:56:05',17,'广本欢乐谷店/2018年12月13日/进场/15446805643633fd7.jpg',NULL,1,'2018-12-13 13:56:04',NULL,NULL,0,5,NULL,NULL,NULL,NULL,NULL,NULL,0,NULL),
(1187,'冀DY169U','2018-12-13 14:01:57',17,'广本欢乐谷店/2018年12月13日/进场/15446809166687ff6.jpg',NULL,1,'2018-12-13 14:01:56',NULL,NULL,0,5,NULL,NULL,NULL,NULL,NULL,NULL,0,NULL),
(1188,'京QGR508','2018-12-13 14:06:46',17,'广本欢乐谷店/2018年12月13日/进场/15446812055249dd7.jpg',NULL,1,'2018-12-13 14:06:45',NULL,NULL,0,5,NULL,NULL,NULL,NULL,NULL,NULL,0,NULL),
(1189,'京NAM915','2018-12-13 14:12:27',17,'广本欢乐谷店/2018年12月13日/进场/154468154708221f4.jpg',NULL,1,'2018-12-13 14:12:27',NULL,NULL,0,5,NULL,NULL,NULL,NULL,NULL,NULL,0,NULL),
(1190,'京Q2ZK87','2018-12-13 14:19:05',17,'广本欢乐谷店/2018年12月13日/进场/15446819451327a9a.jpg',NULL,1,'2018-12-13 14:19:05',NULL,NULL,0,5,NULL,NULL,NULL,NULL,NULL,NULL,0,NULL),
(1191,'京N73M33','2018-12-13 14:19:58',17,'广本欢乐谷店/2018年12月13日/进场/1544681997601e7ad.jpg',NULL,1,'2018-12-13 14:19:57',NULL,NULL,0,5,NULL,NULL,NULL,NULL,NULL,NULL,0,NULL),
(1192,'沪H83335','2018-12-13 14:32:44',17,'广本欢乐谷店/2018年12月13日/进场/154468276357653f3.jpg',NULL,1,'2018-12-13 14:32:43',NULL,NULL,0,5,NULL,NULL,NULL,NULL,NULL,NULL,0,NULL),
(1193,'京KFK318','2018-12-13 14:35:14',17,'广本欢乐谷店/2018年12月13日/进场/154468291379553ba.jpg',NULL,1,'2018-12-13 14:35:13',NULL,NULL,0,5,NULL,NULL,NULL,NULL,NULL,NULL,0,NULL),
(1194,'粤B93CX3','2018-12-13 14:42:00',17,'广本欢乐谷店/2018年12月13日/进场/154468331989132c1.jpg',NULL,1,'2018-12-13 14:42:00',NULL,NULL,0,5,NULL,NULL,NULL,NULL,NULL,NULL,0,NULL),
(1195,'京QZ82V9','2018-12-13 14:45:15',17,'广本欢乐谷店/2018年12月13日/进场/15446835153562f3c.jpg',NULL,1,'2018-12-13 14:45:15',NULL,NULL,0,5,NULL,NULL,NULL,NULL,NULL,NULL,0,NULL),
(1196,'冀F621GR','2018-12-13 14:45:21',17,'广本欢乐谷店/2018年12月13日/进场/15446835205607171.jpg',NULL,1,'2018-12-13 14:45:20',NULL,NULL,0,5,NULL,NULL,NULL,NULL,NULL,NULL,0,NULL),
(1197,'京N89K88','2018-12-13 14:46:44',17,'广本欢乐谷店/2018年12月13日/进场/1544683603731b068.jpg',NULL,1,'2018-12-13 14:46:44',NULL,NULL,0,5,NULL,NULL,NULL,NULL,NULL,NULL,0,NULL),
(1198,'京MEE223','2018-12-13 14:48:13',17,'广本欢乐谷店/2018年12月13日/进场/15446836932315e95.jpg',NULL,1,'2018-12-13 14:48:13',NULL,NULL,0,5,NULL,NULL,NULL,NULL,NULL,NULL,0,NULL),
(1199,'京Q9X1W6','2018-12-13 14:51:57',17,'广本欢乐谷店/2018年12月13日/进场/1544683916664d07c.jpg',NULL,1,'2018-12-13 14:51:56',NULL,NULL,0,5,NULL,NULL,NULL,NULL,NULL,NULL,0,NULL),
(1200,'京Q9S5K8','2018-12-13 15:01:52',17,'广本欢乐谷店/2018年12月13日/进场/15446845114806eca.jpg',NULL,1,'2018-12-13 15:01:51',NULL,NULL,0,5,NULL,NULL,NULL,NULL,NULL,NULL,0,NULL),
(1201,'京QW2P53','2018-12-13 15:04:07',17,'广本欢乐谷店/2018年12月13日/进场/1544684647327fd6f.jpg',NULL,1,'2018-12-13 15:04:07',NULL,NULL,0,5,NULL,NULL,NULL,NULL,NULL,NULL,0,NULL),
(1202,'京Q2J3J1','2018-12-13 15:07:24',17,'广本欢乐谷店/2018年12月13日/进场/1544684843515ffe9.jpg',NULL,1,'2018-12-13 15:07:23',NULL,NULL,0,5,NULL,NULL,NULL,NULL,NULL,NULL,0,NULL),
(1203,'京BU5839','2018-12-13 15:14:00',17,'广本欢乐谷店/2018年12月13日/进场/15446852402265680.jpg',NULL,1,'2018-12-13 15:14:00',NULL,NULL,0,5,NULL,NULL,NULL,NULL,NULL,NULL,0,NULL),
(1204,'京FAC720','2018-12-13 15:14:06',17,'广本欢乐谷店/2018年12月13日/进场/15446852450714ac8.jpg',NULL,1,'2018-12-13 15:14:05',NULL,NULL,0,5,NULL,NULL,NULL,NULL,NULL,NULL,0,NULL),
(1205,'京Q9GQ39','2018-12-13 15:28:46',17,'广本欢乐谷店/2018年12月13日/进场/154468612587892a9.jpg',NULL,1,'2018-12-13 15:28:45',NULL,NULL,0,5,NULL,NULL,NULL,NULL,NULL,NULL,0,NULL),
(1206,'京Q26Z23','2018-12-13 15:42:36',17,'广本欢乐谷店/2018年12月13日/进场/154468695579180e3.jpg',NULL,1,'2018-12-13 15:42:35',NULL,NULL,0,5,NULL,NULL,NULL,NULL,NULL,NULL,0,NULL),
(1207,'冀J2Z6H3','2018-12-13 15:55:19',17,'广本欢乐谷店/2018年12月13日/进场/15446877188846bd9.jpg',NULL,1,'2018-12-13 15:55:18',NULL,NULL,0,5,NULL,NULL,NULL,NULL,NULL,NULL,0,NULL),
(1208,'京Q46WJ9','2018-12-13 15:58:47',17,'广本欢乐谷店/2018年12月13日/进场/1544687926462f191.jpg',NULL,1,'2018-12-13 15:58:46',NULL,NULL,0,5,NULL,NULL,NULL,NULL,NULL,NULL,0,NULL),
(1209,'冀B0Q9U8','2018-12-13 16:12:48',17,'广本欢乐谷店/2018年12月13日/进场/15446887675161da0.jpg',1,1,'2018-12-13 16:12:47',28,'2018-12-13 18:04:06',0,5,NULL,10,NULL,'',28,'2018-12-13 18:04:06',1,''),
(1210,'京AD24898','2018-12-13 16:13:25',17,'广本欢乐谷店/2018年12月13日/进场/1544688804499591c.jpg',1,1,'2018-12-13 16:13:24',28,'2018-12-13 18:02:42',0,5,NULL,3,NULL,'',28,'2018-12-13 18:02:42',1,''),
(1211,'京N2MT26','2018-12-13 16:18:06',17,'广本欢乐谷店/2018年12月13日/进场/15446890863028bdc.jpg',1,1,'2018-12-13 16:18:06',28,'2018-12-13 18:02:33',0,5,NULL,2,NULL,'',28,'2018-12-13 18:02:33',1,'验车'),
(1212,'京N2MC17','2018-12-13 16:18:08',17,'广本欢乐谷店/2018年12月13日/进场/15446890875312179.jpg',1,1,'2018-12-13 16:18:07',28,'2018-12-13 18:02:20',0,5,NULL,1,NULL,'',28,'2018-12-13 18:02:20',1,''),
(1213,'京N59L49','2018-12-13 16:21:45',17,'广本欢乐谷店/2018年12月13日/进场/154468930461732c5.jpg',0,1,'2018-12-13 16:21:44',28,'2018-12-13 18:02:14',0,5,NULL,10,NULL,'',28,'2018-12-13 18:02:14',1,''),
(1214,'京ND6N19','2018-12-13 16:27:53',17,'广本欢乐谷店/2018年12月13日/进场/15446896725088241.jpg',2,1,'2018-12-13 16:27:52',28,'2018-12-13 18:02:06',0,5,NULL,10,NULL,'',28,'2018-12-13 18:02:06',1,''),
(1215,'京NE0962','2018-12-13 16:31:47',17,'广本欢乐谷店/2018年12月13日/进场/1544689906493f866.jpg',2,1,'2018-12-13 16:31:46',28,'2018-12-13 18:01:56',0,5,NULL,9,NULL,'',28,'2018-12-13 18:01:56',1,''),
(1216,'京PQU092','2018-12-13 16:42:32',17,'广本欢乐谷店/2018年12月13日/进场/154469055167884d3.jpg',2,1,'2018-12-13 16:42:31',38,'2018-12-15 17:01:02',0,5,'2018-12-15 17:00:31',8,38,'',28,'2018-12-13 18:01:44',4,''),
(1217,'京N23DV6','2018-12-13 16:43:19',17,'广本欢乐谷店/2018年12月13日/进场/1544690599160acd0.jpg',2,1,'2018-12-13 16:43:19',28,'2018-12-13 17:44:27',0,5,NULL,7,NULL,'',28,'2018-12-13 17:44:27',1,''),
(1218,'辽CBS735','2018-12-13 16:55:47',17,'广本欢乐谷店/2018年12月13日/进场/1544691346957d67a.jpg',2,1,'2018-12-13 16:55:47',28,'2018-12-13 17:00:08',0,5,NULL,7,NULL,'',28,'2018-12-13 17:00:08',1,''),
(1219,'京NV7N27','2018-12-13 17:05:45',17,'广本欢乐谷店/2018年12月13日/进场/15446919444820eef.jpg',2,1,'2018-12-13 17:05:44',28,'2018-12-13 18:27:22',0,5,'2018-12-13 18:27:22',4,28,'',28,'2018-12-13 17:44:00',2,''),
(1220,'京MEB323','2018-12-13 17:39:40',17,'广本欢乐谷店/2018年12月13日/进场/1544693979417b80b.jpg',NULL,1,'2018-12-13 17:39:39',28,'2018-12-13 18:25:18',0,5,NULL,NULL,NULL,'',28,'2018-12-13 17:44:09',3,NULL),
(1221,'京H26404','2018-12-13 18:02:58',17,'广本欢乐谷店/2018年12月13日/进场/15446953783568572.jpg',NULL,1,'2018-12-13 18:02:58',NULL,NULL,0,5,NULL,NULL,NULL,NULL,NULL,NULL,0,NULL),
(1222,'川HDG327','2018-12-13 18:03:09',17,'广本欢乐谷店/2018年12月13日/进场/15446953892291ca2.jpg',0,1,'2018-12-13 18:03:09',28,'2018-12-13 18:04:16',0,5,NULL,10,NULL,'',28,'2018-12-13 18:04:16',1,''),
(1223,'京PS2006','2018-12-13 19:43:12',17,'广本欢乐谷店/2018年12月13日/进场/1544701391355001d.jpg',NULL,1,'2018-12-13 19:43:11',NULL,NULL,0,5,NULL,NULL,NULL,NULL,NULL,NULL,0,NULL),
(1224,'京P385R0','2018-12-13 19:51:10',17,NULL,NULL,1,'2018-12-13 19:51:10',NULL,NULL,0,5,NULL,NULL,NULL,NULL,NULL,NULL,0,NULL),
(1225,'京MQ5229','2018-12-14 05:22:24',17,'广本欢乐谷店/2018年12月14日/进场/1544736144113063c.jpg',NULL,1,'2018-12-14 05:22:24',NULL,NULL,0,5,NULL,NULL,NULL,NULL,NULL,NULL,0,NULL),
(1226,'京P0P232','2018-12-14 07:35:05',17,'广本欢乐谷店/2018年12月14日/进场/15447441052209f0c.jpg',NULL,1,'2018-12-14 07:35:05',NULL,NULL,0,5,NULL,NULL,NULL,NULL,NULL,NULL,0,NULL),
(1227,'京Q60QF0','2018-12-14 08:11:43',17,'广本欢乐谷店/2018年12月14日/进场/15447463021574f83.jpg',NULL,1,'2018-12-14 08:11:42',NULL,NULL,0,5,NULL,NULL,NULL,NULL,NULL,NULL,0,NULL),
(1228,'京QU50P5','2018-12-14 08:15:53',17,'广本欢乐谷店/2018年12月14日/进场/1544746552962d735.jpg',NULL,1,'2018-12-14 08:15:53',NULL,NULL,0,5,NULL,NULL,NULL,NULL,NULL,NULL,0,NULL),
(1229,'京LG1350','2018-12-14 08:19:20',17,'广本欢乐谷店/2018年12月14日/进场/15447467597857543.jpg',NULL,1,'2018-12-14 08:19:19',NULL,NULL,0,5,NULL,NULL,NULL,NULL,NULL,NULL,0,NULL),
(1230,'京NX5Z80','2018-12-14 08:23:51',17,'广本欢乐谷店/2018年12月14日/进场/1544747030525b590.jpg',NULL,1,'2018-12-14 08:23:50',NULL,NULL,0,5,NULL,NULL,NULL,NULL,NULL,NULL,0,NULL),
(1231,'京NK3K18','2018-12-14 08:30:31',17,'广本欢乐谷店/2018年12月14日/进场/1544747430987d604.jpg',NULL,1,'2018-12-14 08:30:31',NULL,NULL,0,5,NULL,NULL,NULL,NULL,NULL,NULL,0,NULL),
(1232,'京KFT891','2018-12-14 09:07:04',17,'广本欢乐谷店/2018年12月14日/进场/1544749623974d167.jpg',NULL,1,'2018-12-14 09:07:04',NULL,NULL,0,5,NULL,NULL,NULL,NULL,NULL,NULL,0,NULL),
(1233,'京MC2999','2018-12-14 09:13:44',17,'广本欢乐谷店/2018年12月14日/进场/154475002399829b1.jpg',NULL,1,'2018-12-14 09:13:44',NULL,NULL,0,5,NULL,NULL,NULL,NULL,NULL,NULL,0,NULL),
(1234,'京KT5938','2018-12-14 09:15:02',17,'广本欢乐谷店/2018年12月14日/进场/15447501021509133.jpg',NULL,1,'2018-12-14 09:15:02',NULL,NULL,0,5,NULL,NULL,NULL,NULL,NULL,NULL,0,NULL),
(1235,'京N90P22','2018-12-14 09:15:15',17,'广本欢乐谷店/2018年12月14日/进场/1544750114931d6bb.jpg',NULL,1,'2018-12-14 09:15:14',NULL,NULL,0,5,NULL,NULL,NULL,NULL,NULL,NULL,0,NULL),
(1236,'京M31612','2018-12-14 09:22:06',17,'广本欢乐谷店/2018年12月14日/进场/15447505254150b94.jpg',NULL,1,'2018-12-14 09:22:05',NULL,NULL,0,5,NULL,NULL,NULL,NULL,NULL,NULL,0,NULL),
(1237,'京NV6781','2018-12-14 09:22:28',17,'广本欢乐谷店/2018年12月14日/进场/1544750547541d0a2.jpg',NULL,1,'2018-12-14 09:22:27',NULL,NULL,0,5,NULL,NULL,NULL,NULL,NULL,NULL,0,NULL),
(1238,'京AAF239','2018-12-14 09:22:54',17,'广本欢乐谷店/2018年12月14日/进场/1544750573843931d.jpg',NULL,1,'2018-12-14 09:22:53',NULL,NULL,0,5,NULL,NULL,NULL,NULL,NULL,NULL,0,NULL),
(1239,'京PD1Q88','2018-12-14 09:26:25',17,'广本欢乐谷店/2018年12月14日/进场/15447507847658939.jpg',NULL,1,'2018-12-14 09:26:25',NULL,NULL,0,5,NULL,NULL,NULL,NULL,NULL,NULL,0,NULL),
(1240,'京FQ8418','2018-12-14 09:31:34',17,'广本欢乐谷店/2018年12月14日/进场/154475109341453c4.jpg',NULL,1,'2018-12-14 09:31:33',NULL,NULL,0,5,NULL,NULL,NULL,NULL,NULL,NULL,0,NULL),
(1241,'京KL7003','2018-12-14 09:45:13',17,'广本欢乐谷店/2018年12月14日/进场/1544751912474f512.jpg',NULL,1,'2018-12-14 09:45:12',NULL,NULL,0,5,NULL,NULL,NULL,NULL,NULL,NULL,0,NULL),
(1242,'京EBD329','2018-12-14 09:50:12',17,'广本欢乐谷店/2018年12月14日/进场/15447522119055b8d.jpg',NULL,1,'2018-12-14 09:50:12',NULL,NULL,0,5,NULL,NULL,NULL,NULL,NULL,NULL,0,NULL),
(1243,'京ABN853','2018-12-14 09:54:01',17,'广本欢乐谷店/2018年12月14日/进场/15447524407334451.jpg',NULL,1,'2018-12-14 09:54:01',NULL,NULL,0,5,NULL,NULL,NULL,NULL,NULL,NULL,0,NULL),
(1244,'京P7HW91','2018-12-14 09:54:57',17,'广本欢乐谷店/2018年12月14日/进场/1544752497293d868.jpg',NULL,1,'2018-12-14 09:54:57',NULL,NULL,0,5,NULL,NULL,NULL,NULL,NULL,NULL,0,NULL),
(1245,'京NL4624','2018-12-14 09:58:25',17,'广本欢乐谷店/2018年12月14日/进场/154475270520200c1.jpg',NULL,1,'2018-12-14 09:58:25',NULL,NULL,0,5,NULL,NULL,NULL,NULL,NULL,NULL,0,NULL),
(1246,'京KV1493','2018-12-14 09:58:35',17,'广本欢乐谷店/2018年12月14日/进场/1544752714632c677.jpg',NULL,1,'2018-12-14 09:58:35',NULL,NULL,0,5,NULL,NULL,NULL,NULL,NULL,NULL,0,NULL),
(1247,'京N569D9','2018-12-14 10:00:12',17,'广本欢乐谷店/2018年12月14日/进场/15447528114758fb2.jpg',NULL,1,'2018-12-14 10:00:11',NULL,NULL,0,5,NULL,NULL,NULL,NULL,NULL,NULL,0,NULL),
(1248,'京QZ1525','2018-12-14 10:27:21',17,'广本欢乐谷店/2018年12月14日/进场/1544754440751523e.jpg',NULL,1,'2018-12-14 10:27:20',NULL,NULL,0,5,NULL,NULL,NULL,NULL,NULL,NULL,0,NULL),
(1249,'京A99337','2018-12-14 10:27:36',17,'广本欢乐谷店/2018年12月14日/进场/15447544558139e57.jpg',NULL,1,'2018-12-14 10:27:35',NULL,NULL,0,5,NULL,NULL,NULL,NULL,NULL,NULL,0,NULL),
(1250,'京PA5768','2018-12-14 10:28:25',17,'广本欢乐谷店/2018年12月14日/进场/15447545045338d9e.jpg',NULL,1,'2018-12-14 10:28:24',NULL,NULL,0,5,NULL,NULL,NULL,NULL,NULL,NULL,0,NULL),
(1251,'京Q28AJ9','2018-12-14 10:32:28',17,'广本欢乐谷店/2018年12月14日/进场/154475474738280f5.jpg',NULL,1,'2018-12-14 10:32:27',NULL,NULL,0,5,NULL,NULL,NULL,NULL,NULL,NULL,0,NULL),
(1252,'京H38867','2018-12-14 10:33:05',17,'广本欢乐谷店/2018年12月14日/进场/15447547847065bc3.jpg',NULL,1,'2018-12-14 10:33:04',NULL,NULL,0,5,NULL,NULL,NULL,NULL,NULL,NULL,0,NULL),
(1253,'京Q5K759','2018-12-14 10:34:09',17,'广本欢乐谷店/2018年12月14日/进场/154475484867373e3.jpg',NULL,1,'2018-12-14 10:34:09',NULL,NULL,0,5,NULL,NULL,NULL,NULL,NULL,NULL,0,NULL),
(1254,'鲁QG13N5','2018-12-14 10:38:22',17,'广本欢乐谷店/2018年12月14日/进场/154475510201717d7.jpg',NULL,1,'2018-12-14 10:38:22',NULL,NULL,0,5,NULL,NULL,NULL,NULL,NULL,NULL,0,NULL),
(1255,'京N56Q55','2018-12-14 10:48:51',17,'广本欢乐谷店/2018年12月14日/进场/15447557306959b53.jpg',NULL,1,'2018-12-14 10:48:51',NULL,NULL,0,5,NULL,NULL,NULL,NULL,NULL,NULL,0,NULL),
(1256,'豫P223Q0','2018-12-14 11:01:04',17,'广本欢乐谷店/2018年12月14日/进场/15447564635167cb4.jpg',NULL,1,'2018-12-14 11:01:03',NULL,NULL,0,5,NULL,NULL,NULL,NULL,NULL,NULL,0,NULL),
(1257,'京QU3J70','2018-12-14 11:05:38',17,'广本欢乐谷店/2018年12月14日/进场/1544756737057aaa2.jpg',NULL,1,'2018-12-14 11:05:37',NULL,NULL,0,5,NULL,NULL,NULL,NULL,NULL,NULL,0,NULL),
(1258,'黑CX3959','2018-12-14 11:06:34',17,'广本欢乐谷店/2018年12月14日/进场/15447567941008209.jpg',2,1,'2018-12-14 11:06:34',27,'2018-12-15 18:38:17',0,5,'2018-12-15 18:38:17',4,27,'',33,'2018-12-14 11:06:50',2,''),
(1259,'京N3E409','2018-12-14 11:09:48',17,'广本欢乐谷店/2018年12月14日/进场/15447569871611b10.jpg',NULL,1,'2018-12-14 11:09:47',NULL,NULL,0,5,NULL,NULL,NULL,NULL,NULL,NULL,0,NULL),
(1260,'京PQU092','2018-12-14 11:15:08',17,'广本欢乐谷店/2018年12月14日/进场/15447573080131cfb.jpg',NULL,1,'2018-12-14 11:15:08',NULL,NULL,0,5,NULL,NULL,NULL,NULL,NULL,NULL,0,NULL),
(1261,'京LEA759','2018-12-14 11:18:06',17,'广本欢乐谷店/2018年12月14日/进场/1544757485766d7ff.jpg',NULL,1,'2018-12-14 11:18:06',NULL,NULL,0,5,NULL,NULL,NULL,NULL,NULL,NULL,0,NULL),
(1262,'京AU9964','2018-12-14 11:18:10',17,'广本欢乐谷店/2018年12月14日/进场/1544757489637a917.jpg',NULL,1,'2018-12-14 11:18:09',NULL,NULL,0,5,NULL,NULL,NULL,NULL,NULL,NULL,0,NULL),
(1263,'京N7HZ93','2018-12-14 11:18:17',17,'广本欢乐谷店/2018年12月14日/进场/1544757496675245c.jpg',NULL,1,'2018-12-14 11:18:16',NULL,NULL,0,5,NULL,NULL,NULL,NULL,NULL,NULL,0,NULL),
(1264,'京HE1195','2018-12-14 11:20:24',17,'广本欢乐谷店/2018年12月14日/进场/15447576238435e52.jpg',NULL,1,'2018-12-14 11:20:23',NULL,NULL,0,5,NULL,NULL,NULL,NULL,NULL,NULL,0,NULL),
(1265,'京QZ66Y7','2018-12-14 11:20:34',17,'广本欢乐谷店/2018年12月14日/进场/1544757634000583e.jpg',NULL,1,'2018-12-14 11:20:34',NULL,NULL,0,5,NULL,NULL,NULL,NULL,NULL,NULL,0,NULL),
(1266,'京NRP725','2018-12-14 11:24:02',17,'广本欢乐谷店/2018年12月14日/进场/15447578418372b44.jpg',NULL,1,'2018-12-14 11:24:01',NULL,NULL,0,5,NULL,NULL,NULL,NULL,NULL,NULL,0,NULL),
(1267,'京ND6N19','2018-12-14 11:26:09',17,'广本欢乐谷店/2018年12月14日/进场/1544757968492244c.jpg',NULL,1,'2018-12-14 11:26:08',NULL,NULL,0,5,NULL,NULL,NULL,NULL,NULL,NULL,0,NULL),
(1268,'蒙A73Y80','2018-12-14 11:32:49',17,'广本欢乐谷店/2018年12月14日/进场/15447583684507183.jpg',NULL,1,'2018-12-14 11:32:48',NULL,NULL,0,5,NULL,NULL,NULL,NULL,NULL,NULL,0,NULL),
(1269,'京ND69S9','2018-12-14 11:34:35',17,'广本欢乐谷店/2018年12月14日/进场/1544758475170f7a7.jpg',NULL,1,'2018-12-14 11:34:35',NULL,NULL,0,5,NULL,NULL,NULL,NULL,NULL,NULL,0,NULL),
(1270,'津HE513C','2018-12-14 11:40:42',17,'广本欢乐谷店/2018年12月14日/进场/1544758841437823e.jpg',NULL,1,'2018-12-14 11:40:41',NULL,NULL,0,5,NULL,NULL,NULL,NULL,NULL,NULL,0,NULL),
(1271,'京AD24898','2018-12-14 11:49:23',17,'广本欢乐谷店/2018年12月14日/进场/154475936254654d7.jpg',NULL,1,'2018-12-14 11:49:22',NULL,NULL,0,5,NULL,NULL,NULL,NULL,NULL,NULL,0,NULL),
(1272,'京PL7053','2018-12-14 11:51:43',17,'广本欢乐谷店/2018年12月14日/进场/15447595022609c0b.jpg',NULL,1,'2018-12-14 11:51:42',NULL,NULL,0,5,NULL,NULL,NULL,NULL,NULL,NULL,0,NULL),
(1273,'京KX5115','2018-12-14 11:52:12',17,'广本欢乐谷店/2018年12月14日/进场/15447595317876eb4.jpg',NULL,1,'2018-12-14 11:52:12',NULL,NULL,0,5,NULL,NULL,NULL,NULL,NULL,NULL,0,NULL),
(1274,'京AGX361','2018-12-14 11:52:53',17,'广本欢乐谷店/2018年12月14日/进场/154475957343794a3.jpg',NULL,1,'2018-12-14 11:52:53',NULL,NULL,0,5,NULL,NULL,NULL,NULL,NULL,NULL,0,NULL),
(1275,'京Q83YJ4','2018-12-14 12:01:41',17,'广本欢乐谷店/2018年12月14日/进场/15447601004125fb3.jpg',NULL,1,'2018-12-14 12:01:40',NULL,NULL,0,5,NULL,NULL,NULL,NULL,NULL,NULL,0,NULL),
(1276,'京QU7X06','2018-12-14 12:03:18',17,'广本欢乐谷店/2018年12月14日/进场/15447601979237c8b.jpg',NULL,1,'2018-12-14 12:03:18',NULL,NULL,0,5,NULL,NULL,NULL,NULL,NULL,NULL,0,NULL),
(1277,'京YA9765','2018-12-14 12:03:36',17,'广本欢乐谷店/2018年12月14日/进场/15447602153682da7.jpg',NULL,1,'2018-12-14 12:03:35',NULL,NULL,0,5,NULL,NULL,NULL,NULL,NULL,NULL,0,NULL),
(1278,'京NE6X58','2018-12-14 12:06:09',17,'广本欢乐谷店/2018年12月14日/进场/1544760368530d5b0.jpg',NULL,1,'2018-12-14 12:06:08',NULL,NULL,0,5,NULL,NULL,NULL,NULL,NULL,NULL,0,NULL),
(1279,'京Q2KQ57','2018-12-14 12:28:04',17,'广本欢乐谷店/2018年12月14日/进场/15447616834436595.jpg',NULL,1,'2018-12-14 12:28:03',NULL,NULL,0,5,NULL,NULL,NULL,NULL,NULL,NULL,0,NULL),
(1280,'京NJ8X19','2018-12-14 12:35:02',17,'广本欢乐谷店/2018年12月14日/进场/1544762101571151a.jpg',NULL,1,'2018-12-14 12:35:01',NULL,NULL,0,5,NULL,NULL,NULL,NULL,NULL,NULL,0,NULL),
(1281,'京Q5RF76','2018-12-14 12:37:57',17,'广本欢乐谷店/2018年12月14日/进场/1544762277088e169.jpg',NULL,1,'2018-12-14 12:37:57',NULL,NULL,0,5,NULL,NULL,NULL,NULL,NULL,NULL,0,NULL),
(1282,'冀AP901R','2018-12-14 12:58:48',17,'广本欢乐谷店/2018年12月14日/进场/1544763528227a0a3.jpg',NULL,1,'2018-12-14 12:58:48',NULL,NULL,0,5,NULL,NULL,NULL,NULL,NULL,NULL,0,NULL),
(1283,'京LER739','2018-12-14 13:04:22',17,'广本欢乐谷店/2018年12月14日/进场/15447638615089e56.jpg',NULL,1,'2018-12-14 13:04:21',NULL,NULL,0,5,NULL,NULL,NULL,NULL,NULL,NULL,0,NULL),
(1284,'鲁RNC608','2018-12-14 13:04:51',17,'广本欢乐谷店/2018年12月14日/进场/1544763891267ce1d.jpg',NULL,1,'2018-12-14 13:04:51',NULL,NULL,0,5,NULL,NULL,NULL,NULL,NULL,NULL,0,NULL),
(1285,'京P788T8','2018-12-14 13:05:11',17,'广本欢乐谷店/2018年12月14日/进场/154476391092011ea.jpg',NULL,1,'2018-12-14 13:05:10',NULL,NULL,0,5,NULL,NULL,NULL,NULL,NULL,NULL,0,NULL),
(1286,'京N118R3','2018-12-14 13:05:47',17,'广本欢乐谷店/2018年12月14日/进场/1544763946964198e.jpg',NULL,1,'2018-12-14 13:05:47',NULL,NULL,0,5,NULL,NULL,NULL,NULL,NULL,NULL,0,NULL),
(1287,'京QE8C73','2018-12-14 13:06:43',17,'广本欢乐谷店/2018年12月14日/进场/15447640027060e84.jpg',NULL,1,'2018-12-14 13:06:43',NULL,NULL,0,5,NULL,NULL,NULL,NULL,NULL,NULL,0,NULL),
(1288,'京GBB818','2018-12-14 13:14:58',17,'广本欢乐谷店/2018年12月14日/进场/15447644979173264.jpg',NULL,1,'2018-12-14 13:14:58',NULL,NULL,0,5,NULL,NULL,NULL,NULL,NULL,NULL,0,NULL),
(1289,'京Q5X6F9','2018-12-14 13:18:08',17,'广本欢乐谷店/2018年12月14日/进场/154476468765007c2.jpg',NULL,1,'2018-12-14 13:18:07',NULL,NULL,0,5,NULL,NULL,NULL,NULL,NULL,NULL,0,NULL),
(1290,'京ND1608','2018-12-14 13:21:56',17,'广本欢乐谷店/2018年12月14日/进场/15447649156215d25.jpg',NULL,1,'2018-12-14 13:21:55',NULL,NULL,0,5,NULL,NULL,NULL,NULL,NULL,NULL,0,NULL),
(1291,'冀AL6X67','2018-12-14 13:25:10',17,'广本欢乐谷店/2018年12月14日/进场/1544765109427cd3d.jpg',NULL,1,'2018-12-14 13:25:09',NULL,NULL,0,5,NULL,NULL,NULL,NULL,NULL,NULL,0,NULL),
(1292,'京Q8XG07','2018-12-14 13:37:42',17,'广本欢乐谷店/2018年12月14日/进场/15447658621430e83.jpg',NULL,1,'2018-12-14 13:37:42',NULL,NULL,0,5,NULL,NULL,NULL,NULL,NULL,NULL,0,NULL),
(1293,'京PJ6T39','2018-12-14 13:44:13',17,'广本欢乐谷店/2018年12月14日/进场/15447662529353d64.jpg',NULL,1,'2018-12-14 13:44:13',NULL,NULL,0,5,NULL,NULL,NULL,NULL,NULL,NULL,0,NULL),
(1294,'京N73M33','2018-12-14 13:48:29',17,'广本欢乐谷店/2018年12月14日/进场/1544766508457ccf0.jpg',NULL,1,'2018-12-14 13:48:28',NULL,NULL,0,5,NULL,NULL,NULL,NULL,NULL,NULL,0,NULL),
(1295,'京Q2U3H6','2018-12-14 13:54:38',17,'广本欢乐谷店/2018年12月14日/进场/15447668781782f61.jpg',NULL,1,'2018-12-14 13:54:38',NULL,NULL,0,5,NULL,NULL,NULL,NULL,NULL,NULL,0,NULL),
(1296,'京P873XD','2018-12-14 14:45:32',17,'广本欢乐谷店/2018年12月14日/进场/154476993150234eb.jpg',NULL,1,'2018-12-14 14:45:31',NULL,NULL,0,5,NULL,NULL,NULL,NULL,NULL,NULL,0,NULL),
(1297,'皖BG1063','2018-12-14 14:45:40',17,'广本欢乐谷店/2018年12月14日/进场/1544769939527e413.jpg',NULL,1,'2018-12-14 14:45:40',NULL,NULL,0,5,NULL,NULL,NULL,NULL,NULL,NULL,0,NULL),
(1298,'京AD10461','2018-12-14 14:48:37',17,'广本欢乐谷店/2018年12月14日/进场/154477011639635c6.jpg',NULL,1,'2018-12-14 14:48:36',NULL,NULL,0,5,NULL,NULL,NULL,NULL,NULL,NULL,0,NULL),
(1299,'京Q71AU5','2018-12-14 15:07:45',17,'广本欢乐谷店/2018年12月14日/进场/1544771264173cd3e.jpg',NULL,1,'2018-12-14 15:07:44',NULL,NULL,0,5,NULL,NULL,NULL,NULL,NULL,NULL,0,NULL),
(1300,'豫BYK308','2018-12-14 15:20:32',17,'广本欢乐谷店/2018年12月14日/进场/1544772032052b031.jpg',NULL,1,'2018-12-14 15:20:32',NULL,NULL,0,5,NULL,NULL,NULL,NULL,NULL,NULL,0,NULL),
(1301,'冀AC17V5','2018-12-14 15:20:52',17,'广本欢乐谷店/2018年12月14日/进场/1544772052379a7e6.jpg',NULL,1,'2018-12-14 15:20:52',NULL,NULL,0,5,NULL,NULL,NULL,NULL,NULL,NULL,0,NULL),
(1302,'京N2E779','2018-12-14 15:20:55',17,'广本欢乐谷店/2018年12月14日/进场/15447720549804930.jpg',NULL,1,'2018-12-14 15:20:55',NULL,NULL,0,5,NULL,NULL,NULL,NULL,NULL,NULL,0,NULL),
(1303,'冀AQ8E53','2018-12-14 15:29:38',17,'广本欢乐谷店/2018年12月14日/进场/15447725775811dc5.jpg',NULL,1,'2018-12-14 15:29:37',NULL,NULL,0,5,NULL,NULL,NULL,NULL,NULL,NULL,0,NULL),
(1304,'京EE8970','2018-12-14 15:34:36',17,'广本欢乐谷店/2018年12月14日/进场/15447728761726d51.jpg',NULL,1,'2018-12-14 15:34:36',NULL,NULL,0,5,NULL,NULL,NULL,NULL,NULL,NULL,0,NULL),
(1305,'京N6V112','2018-12-14 15:48:16',17,'广本欢乐谷店/2018年12月14日/进场/15447736958388b1b.jpg',0,1,'2018-12-14 15:48:15',40,'2018-12-14 20:00:10',0,5,'2018-12-14 19:58:56',10,41,'',43,'2018-12-14 19:55:36',4,'安防检查'),
(1306,'京QR79S0','2018-12-14 15:49:51',17,'广本欢乐谷店/2018年12月14日/进场/1544773790338556f.jpg',1,1,'2018-12-14 15:49:50',40,'2018-12-14 20:00:08',0,5,'2018-12-14 19:58:25',10,42,'',43,'2018-12-14 19:55:20',4,''),
(1307,'京LS6158','2018-12-14 15:52:11',17,'广本欢乐谷店/2018年12月14日/进场/15447739307095071.jpg',1,1,'2018-12-14 15:52:10',40,'2018-12-14 20:00:05',0,5,'2018-12-14 19:58:22',3,42,'',43,'2018-12-14 19:55:12',4,''),
(1308,'京Y22738','2018-12-14 15:53:28',17,'广本欢乐谷店/2018年12月14日/进场/1544774007615788e.jpg',1,1,'2018-12-14 15:53:27',40,'2018-12-14 19:59:59',0,5,'2018-12-14 19:58:17',2,42,'',43,'2018-12-14 19:55:03',4,'验车'),
(1309,'京HAJ200','2018-12-14 16:25:15',17,'广本欢乐谷店/2018年12月14日/进场/15447759150798829.jpg',1,1,'2018-12-14 16:25:15',43,'2018-12-14 19:54:53',0,5,NULL,1,NULL,'',43,'2018-12-14 19:54:53',1,''),
(1310,'京Q8P5A5','2018-12-14 16:35:13',17,'广本欢乐谷店/2018年12月14日/进场/154477651333122cc.jpg',2,1,'2018-12-14 16:35:13',43,'2018-12-14 19:54:12',0,5,NULL,10,NULL,'',43,'2018-12-14 19:54:12',1,''),
(1311,'京P639N0','2018-12-14 16:40:42',17,'广本欢乐谷店/2018年12月14日/进场/1544776841411c8e9.jpg',2,1,'2018-12-14 16:40:41',43,'2018-12-14 19:54:02',0,5,NULL,9,NULL,'',43,'2018-12-14 19:54:02',1,''),
(1312,'京EBH339','2018-12-14 16:44:02',17,'广本欢乐谷店/2018年12月14日/进场/1544777041841322b.jpg',2,1,'2018-12-14 16:44:02',38,'2018-12-15 17:01:50',0,5,NULL,8,NULL,'',38,'2018-12-15 17:01:50',1,''),
(1313,'京N56Q55','2018-12-14 17:10:07',17,'广本欢乐谷店/2018年12月14日/进场/1544778606263ed87.jpg',2,1,'2018-12-14 17:10:06',36,'2018-12-15 18:31:48',0,5,'2018-12-15 18:31:48',7,36,'',43,'2018-12-14 19:53:44',2,''),
(1314,'京M71000','2018-12-14 17:12:20',17,'广本欢乐谷店/2018年12月14日/进场/1544778739748c61f.jpg',NULL,1,'2018-12-14 17:12:20',32,'2018-12-24 14:16:32',0,5,NULL,NULL,NULL,'',43,'2018-12-14 19:53:36',3,NULL),
(1315,'京P09C33','2018-12-14 17:21:35',17,'广本欢乐谷店/2018年12月14日/进场/1544779294707ad57.jpg',2,1,'2018-12-14 17:21:35',47,'2018-12-21 16:56:31',0,5,'2018-12-21 16:30:34',5,47,'',43,'2018-12-14 19:53:19',4,''),
(1316,'冀E36159','2018-12-14 17:38:42',17,'广本欢乐谷店/2018年12月14日/进场/1544780321804c140.jpg',2,1,'2018-12-14 17:38:42',43,'2018-12-21 16:04:15',0,5,'2018-12-21 16:04:16',4,47,'',43,'2018-12-14 19:52:57',2,''),
(1317,'京P07Y02','2018-12-15 07:28:43',17,'广本欢乐谷店/2018年12月15日/进场/1544830122357f60b.jpg',NULL,1,'2018-12-15 07:28:42',NULL,NULL,0,5,NULL,NULL,NULL,NULL,NULL,NULL,0,NULL),
(1318,'京J63549','2018-12-15 07:38:43',17,'广本欢乐谷店/2018年12月15日/进场/154483072294594b0.jpg',NULL,1,'2018-12-15 07:38:43',NULL,NULL,0,5,NULL,NULL,NULL,NULL,NULL,NULL,0,NULL),
(1319,'京NS6790','2018-12-15 08:10:21',17,'广本欢乐谷店/2018年12月15日/进场/15448326206928e4d.jpg',NULL,1,'2018-12-15 08:10:20',NULL,NULL,0,5,NULL,NULL,NULL,NULL,NULL,NULL,0,NULL),
(1320,'京N60E11','2018-12-15 08:21:43',17,'广本欢乐谷店/2018年12月15日/进场/1544833303031206c.jpg',NULL,1,'2018-12-15 08:21:43',NULL,NULL,0,5,NULL,NULL,NULL,NULL,NULL,NULL,0,NULL),
(1321,'京ADR252','2018-12-15 08:28:32',17,'广本欢乐谷店/2018年12月15日/进场/1544833711961d923.jpg',NULL,1,'2018-12-15 08:28:32',NULL,NULL,0,5,NULL,NULL,NULL,NULL,NULL,NULL,0,NULL),
(1322,'京P8N265','2018-12-15 08:37:17',17,'广本欢乐谷店/2018年12月15日/进场/1544834236672c5ba.jpg',NULL,1,'2018-12-15 08:37:17',NULL,NULL,0,5,NULL,NULL,NULL,NULL,NULL,NULL,0,NULL),
(1323,'京MQ5229','2018-12-15 08:42:39',17,'广本欢乐谷店/2018年12月15日/进场/15448345588639842.jpg',NULL,1,'2018-12-15 08:42:39',NULL,NULL,0,5,NULL,NULL,NULL,NULL,NULL,NULL,0,NULL),
(1324,'黑CX3959','2018-12-15 08:46:40',17,'广本欢乐谷店/2018年12月15日/进场/15448347999636ac2.jpg',NULL,1,'2018-12-15 08:46:40',NULL,NULL,0,5,NULL,NULL,NULL,NULL,NULL,NULL,0,NULL),
(1325,'京E66205','2018-12-15 08:47:45',17,'广本欢乐谷店/2018年12月15日/进场/1544834864433cd88.jpg',NULL,1,'2018-12-15 08:47:44',NULL,NULL,0,5,NULL,NULL,NULL,NULL,NULL,NULL,0,NULL),
(1326,'京QH9Y31','2018-12-15 08:50:54',17,'广本欢乐谷店/2018年12月15日/进场/1544835054190fd20.jpg',NULL,1,'2018-12-15 08:50:54',NULL,NULL,0,5,NULL,NULL,NULL,NULL,NULL,NULL,0,NULL),
(1327,'京PQP516','2018-12-15 08:54:40',17,'广本欢乐谷店/2018年12月15日/进场/1544835279640693e.jpg',NULL,1,'2018-12-15 08:54:39',NULL,NULL,0,5,NULL,NULL,NULL,NULL,NULL,NULL,0,NULL),
(1328,'京NJV765','2018-12-15 09:01:17',17,'广本欢乐谷店/2018年12月15日/进场/15448356765937b2e.jpg',NULL,1,'2018-12-15 09:01:16',NULL,NULL,0,5,NULL,NULL,NULL,NULL,NULL,NULL,0,NULL),
(1329,'京N16QL8','2018-12-15 09:03:08',17,'广本欢乐谷店/2018年12月15日/进场/1544835787228d44f.jpg',NULL,1,'2018-12-15 09:03:07',NULL,NULL,0,5,NULL,NULL,NULL,NULL,NULL,NULL,0,NULL),
(1331,'京N90P22','2018-12-15 09:09:02',17,'广本欢乐谷店/2018年12月15日/进场/1544836141927db40.jpg',NULL,1,'2018-12-15 09:09:02',NULL,NULL,0,5,NULL,NULL,NULL,NULL,NULL,NULL,0,NULL),
(1332,'京ABT456','2018-12-15 09:12:20',17,'广本欢乐谷店/2018年12月15日/进场/15448363398616c45.jpg',NULL,1,'2018-12-15 09:12:19',NULL,NULL,0,5,NULL,NULL,NULL,NULL,NULL,NULL,0,NULL),
(1333,'京AAW272','2018-12-15 09:15:06',17,'广本欢乐谷店/2018年12月15日/进场/1544836505870f701.jpg',NULL,1,'2018-12-15 09:15:06',NULL,NULL,0,5,NULL,NULL,NULL,NULL,NULL,NULL,0,NULL),
(1334,'京N26SM3','2018-12-15 09:15:36',17,'广本欢乐谷店/2018年12月15日/进场/15448365355565558.jpg',NULL,1,'2018-12-15 09:15:35',NULL,NULL,0,5,NULL,NULL,NULL,NULL,NULL,NULL,0,NULL),
(1335,'京PS2795','2018-12-15 09:19:52',17,'广本欢乐谷店/2018年12月15日/进场/1544836791414b860.jpg',NULL,1,'2018-12-15 09:19:51',NULL,NULL,0,5,NULL,NULL,NULL,NULL,NULL,NULL,0,NULL),
(1336,'京QWG723','2018-12-15 09:20:54',17,'广本欢乐谷店/2018年12月15日/进场/15448368534340fb7.jpg',NULL,1,'2018-12-15 09:20:53',NULL,NULL,0,5,NULL,NULL,NULL,NULL,NULL,NULL,0,NULL),
(1337,'京N1G001','2018-12-15 09:22:39',17,'广本欢乐谷店/2018年12月15日/进场/1544836958598fc5f.jpg',NULL,1,'2018-12-15 09:22:39',NULL,NULL,0,5,NULL,NULL,NULL,NULL,NULL,NULL,0,NULL),
(1338,'京NE0096','2018-12-15 09:30:48',17,'广本欢乐谷店/2018年12月15日/进场/1544837447471ae33.jpg',NULL,1,'2018-12-15 09:30:47',NULL,NULL,0,5,NULL,NULL,NULL,NULL,NULL,NULL,0,NULL),
(1339,'京QRE607','2018-12-15 09:33:34',17,'广本欢乐谷店/2018年12月15日/进场/15448376133204a5a.jpg',NULL,1,'2018-12-15 09:33:33',NULL,NULL,0,5,NULL,NULL,NULL,NULL,NULL,NULL,0,NULL),
(1340,'京NYG115','2018-12-15 09:33:45',17,'广本欢乐谷店/2018年12月15日/进场/154483762473468fa.jpg',NULL,1,'2018-12-15 09:33:44',NULL,NULL,0,5,NULL,NULL,NULL,NULL,NULL,NULL,0,NULL),
(1341,'京N250N9','2018-12-15 09:40:38',17,'广本欢乐谷店/2018年12月15日/进场/1544838037027d74c.jpg',NULL,1,'2018-12-15 09:40:37',NULL,NULL,0,5,NULL,NULL,NULL,NULL,NULL,NULL,0,NULL),
(1342,'京QK6D88','2018-12-15 09:40:49',17,'广本欢乐谷店/2018年12月15日/进场/15448380494363903.jpg',NULL,1,'2018-12-15 09:40:49',NULL,NULL,0,5,NULL,NULL,NULL,NULL,NULL,NULL,0,NULL),
(1343,'京NJR857','2018-12-15 09:41:48',17,'广本欢乐谷店/2018年12月15日/进场/15448381080587b8a.jpg',NULL,1,'2018-12-15 09:41:48',NULL,NULL,0,5,NULL,NULL,NULL,NULL,NULL,NULL,0,NULL),
(1344,'京Q13MV8','2018-12-15 09:42:09',17,'广本欢乐谷店/2018年12月15日/进场/1544838128980ee78.jpg',NULL,1,'2018-12-15 09:42:09',NULL,NULL,0,5,NULL,NULL,NULL,NULL,NULL,NULL,0,NULL),
(1345,'京PQF590','2018-12-15 09:43:32',17,'广本欢乐谷店/2018年12月15日/进场/15448382110041dac.jpg',NULL,1,'2018-12-15 09:43:31',NULL,NULL,0,5,NULL,NULL,NULL,NULL,NULL,NULL,0,NULL),
(1346,'京P5EX21','2018-12-15 10:00:45',17,'广本欢乐谷店/2018年12月15日/进场/1544839244919eba1.jpg',NULL,1,'2018-12-15 10:00:45',NULL,NULL,0,5,NULL,NULL,NULL,NULL,NULL,NULL,0,NULL),
(1347,'京P1YF87','2018-12-15 10:10:31',17,'广本欢乐谷店/2018年12月15日/进场/15448398305289b75.jpg',NULL,1,'2018-12-15 10:10:30',NULL,NULL,0,5,NULL,NULL,NULL,NULL,NULL,NULL,0,NULL),
(1348,'京Q67T37','2018-12-15 10:13:48',17,'广本欢乐谷店/2018年12月15日/进场/1544840027577c80d.jpg',NULL,1,'2018-12-15 10:13:47',NULL,NULL,0,5,NULL,NULL,NULL,NULL,NULL,NULL,0,NULL),
(1349,'京Q99BQ9','2018-12-15 10:20:56',17,'广本欢乐谷店/2018年12月15日/进场/15448404557126449.jpg',NULL,1,'2018-12-15 10:20:55',NULL,NULL,0,5,NULL,NULL,NULL,NULL,NULL,NULL,0,NULL),
(1350,'豫N0V805','2018-12-15 10:23:56',17,'广本欢乐谷店/2018年12月15日/进场/1544840636145ebd0.jpg',NULL,1,'2018-12-15 10:23:56',NULL,NULL,0,5,NULL,NULL,NULL,NULL,NULL,NULL,0,NULL),
(1351,'京EAH068','2018-12-15 10:32:32',17,'广本欢乐谷店/2018年12月15日/进场/154484115193728db.jpg',NULL,1,'2018-12-15 10:32:32',NULL,NULL,0,5,NULL,NULL,NULL,NULL,NULL,NULL,0,NULL),
(1352,'湘A4CB67','2018-12-15 10:32:56',17,'广本欢乐谷店/2018年12月15日/进场/15448411757249fe7.jpg',NULL,1,'2018-12-15 10:32:55',NULL,NULL,0,5,NULL,NULL,NULL,NULL,NULL,NULL,0,NULL),
(1353,'京EQ0013','2018-12-15 10:35:38',17,'广本欢乐谷店/2018年12月15日/进场/15448413371547ac8.jpg',NULL,1,'2018-12-15 10:35:37',NULL,NULL,0,5,NULL,NULL,NULL,NULL,NULL,NULL,0,NULL),
(1354,'京ABT456','2018-12-15 10:46:09',17,'广本欢乐谷店/2018年12月15日/进场/1544841969026401b.jpg',NULL,1,'2018-12-15 10:46:09',NULL,NULL,0,5,NULL,NULL,NULL,NULL,NULL,NULL,0,NULL),
(1355,'京N82Q70','2018-12-15 10:50:00',17,'广本欢乐谷店/2018年12月15日/进场/154484220015068fa.jpg',NULL,1,'2018-12-15 10:50:00',NULL,NULL,0,5,NULL,NULL,NULL,NULL,NULL,NULL,0,NULL),
(1356,'京NC2317','2018-12-15 10:56:02',17,'广本欢乐谷店/2018年12月15日/进场/1544842561863d1cb.jpg',NULL,1,'2018-12-15 10:56:02',NULL,NULL,0,5,NULL,NULL,NULL,NULL,NULL,NULL,0,NULL),
(1357,'浙C72KZ1','2018-12-15 10:56:42',17,'广本欢乐谷店/2018年12月15日/进场/15448426018505fe9.jpg',NULL,1,'2018-12-15 10:56:42',NULL,NULL,0,5,NULL,NULL,NULL,NULL,NULL,NULL,0,NULL),
(1358,'京BZ5538','2018-12-15 10:57:30',17,'广本欢乐谷店/2018年12月15日/进场/154484264929670ac.jpg',NULL,1,'2018-12-15 10:57:29',NULL,NULL,0,5,NULL,NULL,NULL,NULL,NULL,NULL,0,NULL),
(1359,'京H33316','2018-12-15 11:06:12',17,'广本欢乐谷店/2018年12月15日/进场/1544843172012879c.jpg',NULL,1,'2018-12-15 11:06:12',NULL,NULL,0,5,NULL,NULL,NULL,NULL,NULL,NULL,0,NULL),
(1360,'京AD39706','2018-12-15 11:06:21',17,'广本欢乐谷店/2018年12月15日/进场/1544843180657adfd.jpg',NULL,1,'2018-12-15 11:06:20',NULL,NULL,0,5,NULL,NULL,NULL,NULL,NULL,NULL,0,NULL),
(1361,'京FAE159','2018-12-15 11:11:52',17,'广本欢乐谷店/2018年12月15日/进场/15448435115241b94.jpg',NULL,1,'2018-12-15 11:11:51',NULL,NULL,0,5,NULL,NULL,NULL,NULL,NULL,NULL,0,NULL),
(1362,'京AW2028','2018-12-15 11:12:47',17,'广本欢乐谷店/2018年12月15日/进场/1544843566711b36e.jpg',NULL,1,'2018-12-15 11:12:46',NULL,NULL,0,5,NULL,NULL,NULL,NULL,NULL,NULL,0,NULL),
(1363,'京NN8R16','2018-12-15 11:13:54',17,'广本欢乐谷店/2018年12月15日/进场/15448436342367045.jpg',NULL,1,'2018-12-15 11:13:54',NULL,NULL,0,5,NULL,NULL,NULL,NULL,NULL,NULL,0,NULL),
(1364,'京CDV250','2018-12-15 11:20:13',17,'广本欢乐谷店/2018年12月15日/进场/1544844012536bc88.jpg',NULL,1,'2018-12-15 11:20:12',NULL,NULL,0,5,NULL,NULL,NULL,NULL,NULL,NULL,0,NULL),
(1365,'冀F19F63','2018-12-15 11:26:51',17,'广本欢乐谷店/2018年12月15日/进场/154484441059510c9.jpg',NULL,1,'2018-12-15 11:26:50',NULL,NULL,0,5,NULL,NULL,NULL,NULL,NULL,NULL,0,NULL),
(1366,'甘M2S308','2018-12-15 11:31:44',17,'广本欢乐谷店/2018年12月15日/进场/1544844703720809b.jpg',NULL,1,'2018-12-15 11:31:43',NULL,NULL,0,5,NULL,NULL,NULL,NULL,NULL,NULL,0,NULL),
(1367,'京P639N0','2018-12-15 11:37:32',17,'广本欢乐谷店/2018年12月15日/进场/1544845051412bfd5.jpg',NULL,1,'2018-12-15 11:37:31',NULL,NULL,0,5,NULL,NULL,NULL,NULL,NULL,NULL,0,NULL),
(1368,'京G68506','2018-12-15 11:38:07',17,'广本欢乐谷店/2018年12月15日/进场/15448450867720883.jpg',NULL,1,'2018-12-15 11:38:06',NULL,NULL,0,5,NULL,NULL,NULL,NULL,NULL,NULL,0,NULL),
(1369,'陕A0M8C2','2018-12-15 11:54:53',17,'广本欢乐谷店/2018年12月15日/进场/15448460926208597.jpg',NULL,1,'2018-12-15 11:54:52',NULL,NULL,0,5,NULL,NULL,NULL,NULL,NULL,NULL,0,NULL),
(1370,'皖SMR628','2018-12-15 12:03:39',17,'广本欢乐谷店/2018年12月15日/进场/1544846618642e856.jpg',NULL,1,'2018-12-15 12:03:38',NULL,NULL,0,5,NULL,NULL,NULL,NULL,NULL,NULL,0,NULL),
(1371,'京M71000','2018-12-15 12:24:03',17,'广本欢乐谷店/2018年12月15日/进场/15448478428927bf9.jpg',NULL,1,'2018-12-15 12:24:03',NULL,NULL,0,5,NULL,NULL,NULL,NULL,NULL,NULL,0,NULL),
(1372,'京NHH312','2018-12-15 12:29:26',17,'广本欢乐谷店/2018年12月15日/进场/15448481657003c99.jpg',NULL,1,'2018-12-15 12:29:25',NULL,NULL,0,5,NULL,NULL,NULL,NULL,NULL,NULL,0,NULL),
(1373,'京Q98KG6','2018-12-15 12:34:39',17,'广本欢乐谷店/2018年12月15日/进场/1544848478798717d.jpg',NULL,1,'2018-12-15 12:34:38',NULL,NULL,0,5,NULL,NULL,NULL,NULL,NULL,NULL,0,NULL),
(1374,'京N99Q26','2018-12-15 12:46:35',17,'广本欢乐谷店/2018年12月15日/进场/154484919489266d9.jpg',NULL,1,'2018-12-15 12:46:35',NULL,NULL,0,5,NULL,NULL,NULL,NULL,NULL,NULL,0,NULL),
(1375,'鲁PW981Z','2018-12-15 12:46:45',17,'广本欢乐谷店/2018年12月15日/进场/1544849204888a398.jpg',NULL,1,'2018-12-15 12:46:44',NULL,NULL,0,5,NULL,NULL,NULL,NULL,NULL,NULL,0,NULL),
(1376,'京N096F5','2018-12-15 13:05:50',17,'广本欢乐谷店/2018年12月15日/进场/1544850349817f475.jpg',NULL,1,'2018-12-15 13:05:49',NULL,NULL,0,5,NULL,NULL,NULL,NULL,NULL,NULL,0,NULL),
(1377,'京FFN898','2018-12-15 13:08:20',17,'广本欢乐谷店/2018年12月15日/进场/1544850499508b765.jpg',NULL,1,'2018-12-15 13:08:19',NULL,NULL,0,5,NULL,NULL,NULL,NULL,NULL,NULL,0,NULL),
(1378,'京PRF725','2018-12-15 13:09:05',17,'广本欢乐谷店/2018年12月15日/进场/15448505447733ebe.jpg',NULL,1,'2018-12-15 13:09:05',NULL,NULL,0,5,NULL,NULL,NULL,NULL,NULL,NULL,0,NULL),
(1379,'京N1G320','2018-12-15 13:14:07',17,'广本欢乐谷店/2018年12月15日/进场/1544850847112920d.jpg',NULL,1,'2018-12-15 13:14:07',NULL,NULL,0,5,NULL,NULL,NULL,NULL,NULL,NULL,0,NULL),
(1380,'蒙HM4765','2018-12-15 13:21:33',17,'广本欢乐谷店/2018年12月15日/进场/1544851292926250d.jpg',NULL,1,'2018-12-15 13:21:33',NULL,NULL,0,5,NULL,NULL,NULL,NULL,NULL,NULL,0,NULL),
(1381,'京KA8228','2018-12-15 13:27:35',17,'广本欢乐谷店/2018年12月15日/进场/1544851655313fad7.jpg',NULL,1,'2018-12-15 13:27:35',NULL,NULL,0,5,NULL,NULL,NULL,NULL,NULL,NULL,0,NULL),
(1382,'京P37N77','2018-12-15 13:34:24',17,'广本欢乐谷店/2018年12月15日/进场/1544852063231de8d.jpg',NULL,1,'2018-12-15 13:34:23',NULL,NULL,0,5,NULL,NULL,NULL,NULL,NULL,NULL,0,NULL),
(1383,'京PE8Q73','2018-12-15 13:38:09',17,'广本欢乐谷店/2018年12月15日/进场/15448522883785b1a.jpg',NULL,1,'2018-12-15 13:38:08',NULL,NULL,0,5,NULL,NULL,NULL,NULL,NULL,NULL,0,NULL),
(1384,'京CAS127','2018-12-15 13:41:14',17,'广本欢乐谷店/2018年12月15日/进场/1544852474195a288.jpg',NULL,1,'2018-12-15 13:41:14',NULL,NULL,0,5,NULL,NULL,NULL,NULL,NULL,NULL,0,NULL),
(1385,'京N9U748','2018-12-15 13:41:29',17,'广本欢乐谷店/2018年12月15日/进场/15448524893278def.jpg',NULL,1,'2018-12-15 13:41:29',NULL,NULL,0,5,NULL,NULL,NULL,NULL,NULL,NULL,0,NULL),
(1386,'冀RX0X90','2018-12-15 13:48:14',17,'广本欢乐谷店/2018年12月15日/进场/15448528937585712.jpg',NULL,1,'2018-12-15 13:48:14',NULL,NULL,0,5,NULL,NULL,NULL,NULL,NULL,NULL,0,NULL),
(1387,'京PH7106','2018-12-15 13:54:35',17,'广本欢乐谷店/2018年12月15日/进场/1544853275044b97a.jpg',NULL,1,'2018-12-15 13:54:35',NULL,NULL,0,5,NULL,NULL,NULL,NULL,NULL,NULL,0,NULL),
(1388,'京QH6K68','2018-12-15 13:54:43',17,'广本欢乐谷店/2018年12月15日/进场/15448532824903fc3.jpg',NULL,1,'2018-12-15 13:54:42',NULL,NULL,0,5,NULL,NULL,NULL,NULL,NULL,NULL,0,NULL),
(1389,'京NW7H69','2018-12-15 13:54:55',17,'广本欢乐谷店/2018年12月15日/进场/1544853294215a61e.jpg',NULL,1,'2018-12-15 13:54:54',NULL,NULL,0,5,NULL,NULL,NULL,NULL,NULL,NULL,0,NULL),
(1390,'京Q6C9B3','2018-12-15 13:56:46',17,'广本欢乐谷店/2018年12月15日/进场/1544853405757c7fb.jpg',NULL,1,'2018-12-15 13:56:45',NULL,NULL,0,5,NULL,NULL,NULL,NULL,NULL,NULL,0,NULL),
(1391,'冀FNH120','2018-12-15 14:00:17',17,'广本欢乐谷店/2018年12月15日/进场/15448536170921cea.jpg',NULL,1,'2018-12-15 14:00:17',NULL,NULL,0,5,NULL,NULL,NULL,NULL,NULL,NULL,0,NULL),
(1392,'皖KDY906','2018-12-15 14:03:51',17,'广本欢乐谷店/2018年12月15日/进场/15448538302323ffa.jpg',NULL,1,'2018-12-15 14:03:50',NULL,NULL,0,5,NULL,NULL,NULL,NULL,NULL,NULL,0,NULL),
(1393,'京N543M0','2018-12-15 14:06:33',17,'广本欢乐谷店/2018年12月15日/进场/1544853992316a143.jpg',NULL,1,'2018-12-15 14:06:32',NULL,NULL,0,5,NULL,NULL,NULL,NULL,NULL,NULL,0,NULL),
(1394,'鄂A89E3L','2018-12-15 14:10:19',17,'广本欢乐谷店/2018年12月15日/进场/15448542184413097.jpg',NULL,1,'2018-12-15 14:10:18',NULL,NULL,0,5,NULL,NULL,NULL,NULL,NULL,NULL,0,NULL),
(1395,'京QW2P53','2018-12-15 14:14:26',17,'广本欢乐谷店/2018年12月15日/进场/1544854466159ae69.jpg',NULL,1,'2018-12-15 14:14:26',NULL,NULL,0,5,NULL,NULL,NULL,NULL,NULL,NULL,0,NULL),
(1396,'京QM01R7','2018-12-15 14:21:41',17,'广本欢乐谷店/2018年12月15日/进场/15448549006008454.jpg',NULL,1,'2018-12-15 14:21:40',NULL,NULL,0,5,NULL,NULL,NULL,NULL,NULL,NULL,0,NULL),
(1397,'鄂A99U5C','2018-12-15 14:22:24',17,'广本欢乐谷店/2018年12月15日/进场/15448549437100816.jpg',NULL,1,'2018-12-15 14:22:23',NULL,NULL,0,5,NULL,NULL,NULL,NULL,NULL,NULL,0,NULL),
(1398,'京Q87ES0','2018-12-15 14:22:28',17,'广本欢乐谷店/2018年12月15日/进场/15448549470530b73.jpg',NULL,1,'2018-12-15 14:22:27',NULL,NULL,0,5,NULL,NULL,NULL,NULL,NULL,NULL,0,NULL),
(1399,'京N9MM38','2018-12-15 14:23:15',17,'广本欢乐谷店/2018年12月15日/进场/1544854994969e1d4.jpg',NULL,1,'2018-12-15 14:23:15',NULL,NULL,0,5,NULL,NULL,NULL,NULL,NULL,NULL,0,NULL),
(1400,'冀RX0X90','2018-12-15 14:32:17',17,'广本欢乐谷店/2018年12月15日/进场/1544855536670c2ce.jpg',NULL,1,'2018-12-15 14:32:17',NULL,NULL,0,5,NULL,NULL,NULL,NULL,NULL,NULL,0,NULL),
(1401,'京NH5M38','2018-12-15 14:42:33',17,'广本欢乐谷店/2018年12月15日/进场/1544856152232051b.jpg',NULL,1,'2018-12-15 14:42:32',NULL,NULL,0,5,NULL,NULL,NULL,NULL,NULL,NULL,0,NULL),
(1402,'京NE3004','2018-12-15 14:49:41',17,'广本欢乐谷店/2018年12月15日/进场/15448565811584179.jpg',NULL,1,'2018-12-15 14:49:41',NULL,NULL,0,5,NULL,NULL,NULL,NULL,NULL,NULL,0,NULL),
(1403,'京Q09RJ9','2018-12-15 15:08:37',17,'广本欢乐谷店/2018年12月15日/进场/15448577167967954.jpg',NULL,1,'2018-12-15 15:08:36',NULL,NULL,0,5,NULL,NULL,NULL,NULL,NULL,NULL,0,NULL),
(1404,'京QU78V3','2018-12-15 15:08:46',17,'广本欢乐谷店/2018年12月15日/进场/15448577250692ce9.jpg',NULL,1,'2018-12-15 15:08:45',NULL,NULL,0,5,NULL,NULL,NULL,NULL,NULL,NULL,0,NULL),
(1405,'京GZ9116','2018-12-15 15:21:24',17,'广本欢乐谷店/2018年12月15日/进场/1544858483367c19e.jpg',NULL,1,'2018-12-15 15:21:23',NULL,NULL,0,5,NULL,NULL,NULL,NULL,NULL,NULL,0,NULL),
(1406,'京Q73LS8','2018-12-15 15:33:35',17,'广本欢乐谷店/2018年12月15日/进场/154485921482254fe.jpg',NULL,1,'2018-12-15 15:33:34',NULL,NULL,0,5,NULL,NULL,NULL,NULL,NULL,NULL,0,NULL),
(1407,'京PTQ225','2018-12-15 15:33:44',17,'广本欢乐谷店/2018年12月15日/进场/15448592230567363.jpg',NULL,1,'2018-12-15 15:33:43',NULL,NULL,0,5,NULL,NULL,NULL,NULL,NULL,NULL,0,NULL),
(1408,'京NMG675','2018-12-15 15:37:34',17,'广本欢乐谷店/2018年12月15日/进场/1544859453905c120.jpg',NULL,1,'2018-12-15 15:37:34',NULL,NULL,0,5,NULL,NULL,NULL,NULL,NULL,NULL,0,NULL),
(1409,'京AN6738','2018-12-15 15:43:29',17,'广本欢乐谷店/2018年12月15日/进场/1544859808754bb0f.jpg',NULL,1,'2018-12-15 15:43:28',NULL,NULL,0,5,NULL,NULL,NULL,NULL,NULL,NULL,0,NULL),
(1410,'京Q69AF2','2018-12-15 15:44:25',17,'广本欢乐谷店/2018年12月15日/进场/1544859864685291a.jpg',NULL,1,'2018-12-15 15:44:24',NULL,NULL,0,5,NULL,NULL,NULL,NULL,NULL,NULL,0,NULL),
(1411,'晋BRE277','2018-12-15 15:44:59',17,'广本欢乐谷店/2018年12月15日/进场/154485989934006b9.jpg',NULL,1,'2018-12-15 15:44:59',NULL,NULL,0,5,NULL,NULL,NULL,NULL,NULL,NULL,0,NULL),
(1412,'冀GMS287','2018-12-15 16:08:25',17,'广本欢乐谷店/2018年12月15日/进场/1544861305241d88a.jpg',NULL,1,'2018-12-15 16:08:25',NULL,NULL,0,5,NULL,NULL,NULL,NULL,NULL,NULL,0,NULL),
(1413,'京P639N0','2018-12-15 16:09:37',17,'广本欢乐谷店/2018年12月15日/进场/1544861376835adc4.jpg',NULL,1,'2018-12-15 16:09:36',38,'2018-12-15 17:57:12',0,5,NULL,NULL,NULL,'',38,'2018-12-15 16:59:14',3,NULL),
(1414,'京A50956','2018-12-15 16:26:55',17,'广本欢乐谷店/2018年12月15日/进场/15448624146549c0b.jpg',NULL,1,'2018-12-15 16:26:55',1,'2018-12-20 14:41:48',0,5,NULL,NULL,NULL,'',39,'2018-12-15 16:56:32',3,NULL),
(1415,'京Q9GT38','2018-12-15 16:42:08',17,'广本欢乐谷店/2018年12月15日/进场/1544863328160c4f5.jpg',0,1,'2018-12-15 16:42:08',39,'2018-12-21 16:04:11',0,5,'2018-12-21 16:04:12',10,47,'',39,'2018-12-15 16:56:19',2,''),
(1416,'京a23456','2018-12-15 17:37:31',NULL,NULL,2,38,'2018-12-15 17:37:31',NULL,NULL,0,5,NULL,8,NULL,'12345678909876543',38,'2018-12-15 17:37:32',1,''),
(1417,'京QL91U2','2018-12-15 18:39:03',17,'广本欢乐谷店/2018年12月15日/进场/1544870342648e485.jpg',NULL,1,'2018-12-15 18:39:03',NULL,NULL,0,5,NULL,NULL,NULL,NULL,NULL,NULL,0,NULL),
(1418,'京Q11SX7','2018-12-15 18:49:34',17,'广本欢乐谷店/2018年12月15日/进场/15448709733422282.jpg',NULL,1,'2018-12-15 18:49:34',NULL,NULL,0,5,NULL,NULL,NULL,NULL,NULL,NULL,0,NULL),
(1419,'京BA0088','2018-12-15 19:52:22',17,'广本欢乐谷店/2018年12月15日/进场/15448747417217371.jpg',NULL,1,'2018-12-15 19:52:21',NULL,NULL,0,5,NULL,NULL,NULL,NULL,NULL,NULL,0,NULL),
(1420,'豫NXV602','2018-12-16 06:49:42',17,'广本欢乐谷店/2018年12月16日/进场/15449141816116e8d.jpg',NULL,1,'2018-12-16 06:49:42',NULL,NULL,0,5,NULL,NULL,NULL,NULL,NULL,NULL,0,NULL),
(1421,'京LV1C67','2018-12-16 06:55:31',17,'广本欢乐谷店/2018年12月16日/进场/15449145306635693.jpg',NULL,1,'2018-12-16 06:55:30',NULL,NULL,0,5,NULL,NULL,NULL,NULL,NULL,NULL,0,NULL),
(1422,'京C39996','2018-12-16 08:10:29',17,'广本欢乐谷店/2018年12月16日/进场/154491902870275f6.jpg',NULL,1,'2018-12-16 08:10:28',NULL,NULL,0,5,NULL,NULL,NULL,NULL,NULL,NULL,0,NULL),
(1423,'京QW2P53','2018-12-16 08:23:55',17,'广本欢乐谷店/2018年12月16日/进场/1544919834544c1e8.jpg',NULL,1,'2018-12-16 08:23:54',NULL,NULL,0,5,NULL,NULL,NULL,NULL,NULL,NULL,0,NULL),
(1424,'京Q60QF0','2018-12-16 08:29:10',17,'广本欢乐谷店/2018年12月16日/进场/154492014981395aa.jpg',NULL,1,'2018-12-16 08:29:09',NULL,NULL,0,5,NULL,NULL,NULL,NULL,NULL,NULL,0,NULL),
(1425,'京NX55V5','2018-12-16 08:29:39',17,'广本欢乐谷店/2018年12月16日/进场/1544920179159a0a7.jpg',NULL,1,'2018-12-16 08:29:39',NULL,NULL,0,5,NULL,NULL,NULL,NULL,NULL,NULL,0,NULL),
(1426,'京Q00BY2','2018-12-16 08:33:20',17,'广本欢乐谷店/2018年12月16日/进场/15449204001407398.jpg',NULL,1,'2018-12-16 08:33:20',NULL,NULL,0,5,NULL,NULL,NULL,NULL,NULL,NULL,0,NULL),
(1427,'京DHM994','2018-12-16 08:37:03',17,'广本欢乐谷店/2018年12月16日/进场/1544920622777bdf9.jpg',NULL,1,'2018-12-16 08:37:02',NULL,NULL,0,5,NULL,NULL,NULL,NULL,NULL,NULL,0,NULL),
(1428,'豫PNJ299','2018-12-16 08:37:14',17,'广本欢乐谷店/2018年12月16日/进场/15449206341690602.jpg',NULL,1,'2018-12-16 08:37:14',NULL,NULL,0,5,NULL,NULL,NULL,NULL,NULL,NULL,0,NULL),
(1429,'晋FS2321','2018-12-16 08:37:54',17,'广本欢乐谷店/2018年12月16日/进场/15449206736680c65.jpg',NULL,1,'2018-12-16 08:37:54',NULL,NULL,0,5,NULL,NULL,NULL,NULL,NULL,NULL,0,NULL),
(1430,'京N00L25','2018-12-16 08:39:39',17,'广本欢乐谷店/2018年12月16日/进场/154492077865156f0.jpg',NULL,1,'2018-12-16 08:39:38',NULL,NULL,0,5,NULL,NULL,NULL,NULL,NULL,NULL,0,NULL),
(1431,'京N2FY08','2018-12-16 08:45:57',17,'广本欢乐谷店/2018年12月16日/进场/1544921156914c3d9.jpg',NULL,1,'2018-12-16 08:45:57',NULL,NULL,0,5,NULL,NULL,NULL,NULL,NULL,NULL,0,NULL),
(1432,'京QT5L37','2018-12-16 08:49:14',17,'广本欢乐谷店/2018年12月16日/进场/1544921353405f3a9.jpg',NULL,1,'2018-12-16 08:49:13',NULL,NULL,0,5,NULL,NULL,NULL,NULL,NULL,NULL,0,NULL),
(1433,'京GRY603','2018-12-16 08:54:29',17,'广本欢乐谷店/2018年12月16日/进场/1544921669084f8b1.jpg',NULL,1,'2018-12-16 08:54:29',NULL,NULL,0,5,NULL,NULL,NULL,NULL,NULL,NULL,0,NULL),
(1434,'京PE8Q73','2018-12-16 09:00:03',17,'广本欢乐谷店/2018年12月16日/进场/1544922002420f04f.jpg',NULL,1,'2018-12-16 09:00:02',NULL,NULL,0,5,NULL,NULL,NULL,NULL,NULL,NULL,0,NULL),
(1435,'京Q91KG7','2018-12-16 09:10:17',17,'广本欢乐谷店/2018年12月16日/进场/154492261646156a3.jpg',NULL,1,'2018-12-16 09:10:16',NULL,NULL,0,5,NULL,NULL,NULL,NULL,NULL,NULL,0,NULL),
(1436,'京EEU990','2018-12-16 09:11:41',17,'广本欢乐谷店/2018年12月16日/进场/1544922701004ac53.jpg',NULL,1,'2018-12-16 09:11:41',NULL,NULL,0,5,NULL,NULL,NULL,NULL,NULL,NULL,0,NULL),
(1437,'京Q7L2X5','2018-12-16 09:19:38',17,'广本欢乐谷店/2018年12月16日/进场/15449231779570f70.jpg',NULL,1,'2018-12-16 09:19:38',NULL,NULL,0,5,NULL,NULL,NULL,NULL,NULL,NULL,0,NULL),
(1438,'京QS12W5','2018-12-16 09:25:31',17,'广本欢乐谷店/2018年12月16日/进场/15449235306100cdb.jpg',NULL,1,'2018-12-16 09:25:31',NULL,NULL,0,5,NULL,NULL,NULL,NULL,NULL,NULL,0,NULL),
(1439,'浙JG6Y25','2018-12-16 09:32:15',17,'广本欢乐谷店/2018年12月16日/进场/1544923934669af7f.jpg',NULL,1,'2018-12-16 09:32:14',NULL,NULL,0,5,NULL,NULL,NULL,NULL,NULL,NULL,0,NULL),
(1440,'京N80L59','2018-12-16 09:38:11',17,'广本欢乐谷店/2018年12月16日/进场/15449242907787654.jpg',NULL,1,'2018-12-16 09:38:11',NULL,NULL,0,5,NULL,NULL,NULL,NULL,NULL,NULL,0,NULL),
(1441,'京NT63A8','2018-12-16 09:44:21',17,'广本欢乐谷店/2018年12月16日/进场/1544924660442d8cc.jpg',NULL,1,'2018-12-16 09:44:20',NULL,NULL,0,5,NULL,NULL,NULL,NULL,NULL,NULL,0,NULL),
(1442,'冀RS6K65','2018-12-16 09:44:57',17,'广本欢乐谷店/2018年12月16日/进场/154492469693350a3.jpg',NULL,1,'2018-12-16 09:44:57',NULL,NULL,0,5,NULL,NULL,NULL,NULL,NULL,NULL,0,NULL),
(1443,'津KQV506','2018-12-16 09:45:01',17,'广本欢乐谷店/2018年12月16日/进场/15449247008061d2d.jpg',NULL,1,'2018-12-16 09:45:01',NULL,NULL,0,5,NULL,NULL,NULL,NULL,NULL,NULL,0,NULL),
(1444,'京N99FC8','2018-12-16 09:47:08',17,'广本欢乐谷店/2018年12月16日/进场/154492482785780f1.jpg',NULL,1,'2018-12-16 09:47:07',NULL,NULL,0,5,NULL,NULL,NULL,NULL,NULL,NULL,0,NULL),
(1445,'京N915M1','2018-12-16 09:50:14',17,'广本欢乐谷店/2018年12月16日/进场/15449250136400b95.jpg',NULL,1,'2018-12-16 09:50:14',NULL,NULL,0,5,NULL,NULL,NULL,NULL,NULL,NULL,0,NULL),
(1446,'京QMJ362','2018-12-16 09:53:17',17,'广本欢乐谷店/2018年12月16日/进场/15449251965411b3d.jpg',NULL,1,'2018-12-16 09:53:16',NULL,NULL,0,5,NULL,NULL,NULL,NULL,NULL,NULL,0,NULL),
(1447,'京P0YE97','2018-12-16 10:00:14',17,'广本欢乐谷店/2018年12月16日/进场/15449256141763b34.jpg',NULL,1,'2018-12-16 10:00:14',NULL,NULL,0,5,NULL,NULL,NULL,NULL,NULL,NULL,0,NULL),
(1448,'京J97080','2018-12-16 10:03:38',17,'广本欢乐谷店/2018年12月16日/进场/1544925817635e0a9.jpg',NULL,1,'2018-12-16 10:03:37',NULL,NULL,0,5,NULL,NULL,NULL,NULL,NULL,NULL,0,NULL),
(1449,'京JG0456','2018-12-16 10:03:50',17,'广本欢乐谷店/2018年12月16日/进场/1544925829812284a.jpg',NULL,1,'2018-12-16 10:03:49',NULL,NULL,0,5,NULL,NULL,NULL,NULL,NULL,NULL,0,NULL),
(1450,'京QS12W5','2018-12-16 10:03:56',17,'广本欢乐谷店/2018年12月16日/进场/154492583640873e0.jpg',NULL,1,'2018-12-16 10:03:56',NULL,NULL,0,5,NULL,NULL,NULL,NULL,NULL,NULL,0,NULL),
(1451,'京PM1D86','2018-12-16 10:07:07',17,'广本欢乐谷店/2018年12月16日/进场/15449260265166178.jpg',NULL,1,'2018-12-16 10:07:06',NULL,NULL,0,5,NULL,NULL,NULL,NULL,NULL,NULL,0,NULL),
(1452,'京H42526','2018-12-16 10:07:19',17,'广本欢乐谷店/2018年12月16日/进场/1544926038637eaa5.jpg',NULL,1,'2018-12-16 10:07:19',NULL,NULL,0,5,NULL,NULL,NULL,NULL,NULL,NULL,0,NULL),
(1453,'京PA5768','2018-12-16 10:07:25',17,'广本欢乐谷店/2018年12月16日/进场/15449260451957765.jpg',NULL,1,'2018-12-16 10:07:25',NULL,NULL,0,5,NULL,NULL,NULL,NULL,NULL,NULL,0,NULL),
(1454,'京P3LH68','2018-12-16 10:07:59',17,'广本欢乐谷店/2018年12月16日/进场/15449260787397236.jpg',NULL,1,'2018-12-16 10:07:58',NULL,NULL,0,5,NULL,NULL,NULL,NULL,NULL,NULL,0,NULL),
(1455,'京P6HP99','2018-12-16 10:08:11',17,'广本欢乐谷店/2018年12月16日/进场/1544926090578984e.jpg',NULL,1,'2018-12-16 10:08:10',NULL,NULL,0,5,NULL,NULL,NULL,NULL,NULL,NULL,0,NULL),
(1456,'浙C9NW03','2018-12-16 10:08:15',17,'广本欢乐谷店/2018年12月16日/进场/154492609462949a4.jpg',NULL,1,'2018-12-16 10:08:14',NULL,NULL,0,5,NULL,NULL,NULL,NULL,NULL,NULL,0,NULL),
(1457,'京P6FN98','2018-12-16 10:23:07',17,'广本欢乐谷店/2018年12月16日/进场/1544926986025543e.jpg',NULL,1,'2018-12-16 10:23:06',NULL,NULL,0,5,NULL,NULL,NULL,NULL,NULL,NULL,0,NULL),
(1458,'京NKK043','2018-12-16 10:23:13',17,'广本欢乐谷店/2018年12月16日/进场/1544926992895a6e6.jpg',NULL,1,'2018-12-16 10:23:12',NULL,NULL,0,5,NULL,NULL,NULL,NULL,NULL,NULL,0,NULL),
(1459,'京QT27V5','2018-12-16 10:23:21',17,'广本欢乐谷店/2018年12月16日/进场/154492700094124b8.jpg',NULL,1,'2018-12-16 10:23:21',NULL,NULL,0,5,NULL,NULL,NULL,NULL,NULL,NULL,0,NULL),
(1460,'京NT1X00','2018-12-16 10:23:47',17,'广本欢乐谷店/2018年12月16日/进场/15449270271524ce7.jpg',NULL,1,'2018-12-16 10:23:47',NULL,NULL,0,5,NULL,NULL,NULL,NULL,NULL,NULL,0,NULL),
(1461,'京PPM573','2018-12-16 10:27:01',17,'广本欢乐谷店/2018年12月16日/进场/1544927220732744d.jpg',NULL,1,'2018-12-16 10:27:00',NULL,NULL,0,5,NULL,NULL,NULL,NULL,NULL,NULL,0,NULL),
(1462,'京NYL875','2018-12-16 10:30:08',17,'广本欢乐谷店/2018年12月16日/进场/154492740701370da.jpg',NULL,1,'2018-12-16 10:30:07',NULL,NULL,0,5,NULL,NULL,NULL,NULL,NULL,NULL,0,NULL),
(1463,'京FT3657','2018-12-16 10:33:02',17,'广本欢乐谷店/2018年12月16日/进场/1544927582092962f.jpg',NULL,1,'2018-12-16 10:33:02',NULL,NULL,0,5,NULL,NULL,NULL,NULL,NULL,NULL,0,NULL),
(1464,'京FEM035','2018-12-16 10:33:36',17,'广本欢乐谷店/2018年12月16日/进场/1544927615715e1b7.jpg',NULL,1,'2018-12-16 10:33:35',NULL,NULL,0,5,NULL,NULL,NULL,NULL,NULL,NULL,0,NULL),
(1465,'京LS6158','2018-12-16 10:39:19',17,'广本欢乐谷店/2018年12月16日/进场/1544927958772f8c9.jpg',NULL,1,'2018-12-16 10:39:18',NULL,NULL,0,5,NULL,NULL,NULL,NULL,NULL,NULL,0,NULL),
(1466,'冀J288KG','2018-12-16 10:39:54',17,'广本欢乐谷店/2018年12月16日/进场/154492799385027be.jpg',NULL,1,'2018-12-16 10:39:54',NULL,NULL,0,5,NULL,NULL,NULL,NULL,NULL,NULL,0,NULL),
(1467,'京EF7718','2018-12-16 10:52:24',17,'广本欢乐谷店/2018年12月16日/进场/154492874363777b4.jpg',NULL,1,'2018-12-16 10:52:23',NULL,NULL,0,5,NULL,NULL,NULL,NULL,NULL,NULL,0,NULL),
(1468,'京ABX783','2018-12-16 10:52:49',17,'广本欢乐谷店/2018年12月16日/进场/15449287690006f59.jpg',NULL,1,'2018-12-16 10:52:49',NULL,NULL,0,5,NULL,NULL,NULL,NULL,NULL,NULL,0,NULL),
(1469,'京HJH446','2018-12-16 10:57:45',17,'广本欢乐谷店/2018年12月16日/进场/154492906400620d6.jpg',NULL,1,'2018-12-16 10:57:44',NULL,NULL,0,5,NULL,NULL,NULL,NULL,NULL,NULL,0,NULL),
(1470,'冀B7WH78','2018-12-16 11:01:52',17,'广本欢乐谷店/2018年12月16日/进场/15449293117678745.jpg',NULL,1,'2018-12-16 11:01:51',NULL,NULL,0,5,NULL,NULL,NULL,NULL,NULL,NULL,0,NULL),
(1471,'京M92088','2018-12-16 11:02:04',17,'广本欢乐谷店/2018年12月16日/进场/1544929323921c310.jpg',NULL,1,'2018-12-16 11:02:03',NULL,NULL,0,5,NULL,NULL,NULL,NULL,NULL,NULL,0,NULL),
(1472,'京N8B8Q8','2018-12-16 11:11:46',17,'广本欢乐谷店/2018年12月16日/进场/1544929905756b3ac.jpg',NULL,1,'2018-12-16 11:11:46',NULL,NULL,0,5,NULL,NULL,NULL,NULL,NULL,NULL,0,NULL),
(1473,'津KQV506','2018-12-16 11:15:29',17,'广本欢乐谷店/2018年12月16日/进场/1544930128369a534.jpg',NULL,1,'2018-12-16 11:15:28',NULL,NULL,0,5,NULL,NULL,NULL,NULL,NULL,NULL,0,NULL),
(1474,'京FY7828','2018-12-16 11:15:39',17,'广本欢乐谷店/2018年12月16日/进场/1544930138149406e.jpg',NULL,1,'2018-12-16 11:15:38',NULL,NULL,0,5,NULL,NULL,NULL,NULL,NULL,NULL,0,NULL),
(1475,'京NYW593','2018-12-16 11:19:16',17,'广本欢乐谷店/2018年12月16日/进场/1544930356042a9a1.jpg',NULL,1,'2018-12-16 11:19:16',NULL,NULL,0,5,NULL,NULL,NULL,NULL,NULL,NULL,0,NULL),
(1476,'京K35767','2018-12-16 11:20:56',17,'广本欢乐谷店/2018年12月16日/进场/1544930455878212d.jpg',NULL,1,'2018-12-16 11:20:55',NULL,NULL,0,5,NULL,NULL,NULL,NULL,NULL,NULL,0,NULL),
(1477,'京N070R9','2018-12-16 11:34:54',17,'广本欢乐谷店/2018年12月16日/进场/15449312935935c0c.jpg',NULL,1,'2018-12-16 11:34:53',NULL,NULL,0,5,NULL,NULL,NULL,NULL,NULL,NULL,0,NULL),
(1478,'冀J873Q6','2018-12-16 11:34:58',17,'广本欢乐谷店/2018年12月16日/进场/1544931297320671c.jpg',NULL,1,'2018-12-16 11:34:57',NULL,NULL,0,5,NULL,NULL,NULL,NULL,NULL,NULL,0,NULL),
(1479,'京JBC002','2018-12-16 11:36:08',17,'广本欢乐谷店/2018年12月16日/进场/15449313678534d15.jpg',NULL,1,'2018-12-16 11:36:07',NULL,NULL,0,5,NULL,NULL,NULL,NULL,NULL,NULL,0,NULL),
(1480,'京NYG115','2018-12-16 11:38:13',17,'广本欢乐谷店/2018年12月16日/进场/1544931492395bbb1.jpg',NULL,1,'2018-12-16 11:38:12',NULL,NULL,0,5,NULL,NULL,NULL,NULL,NULL,NULL,0,NULL),
(1481,'京QR82B3','2018-12-16 11:47:33',17,'广本欢乐谷店/2018年12月16日/进场/1544932052667563d.jpg',NULL,1,'2018-12-16 11:47:33',NULL,NULL,0,5,NULL,NULL,NULL,NULL,NULL,NULL,0,NULL),
(1482,'京PE8Q73','2018-12-16 11:50:18',17,'广本欢乐谷店/2018年12月16日/进场/154493221812624b9.jpg',NULL,1,'2018-12-16 11:50:18',NULL,NULL,0,5,NULL,NULL,NULL,NULL,NULL,NULL,0,NULL),
(1483,'京F99017','2018-12-16 11:51:10',17,'广本欢乐谷店/2018年12月16日/进场/1544932269686c4cc.jpg',NULL,1,'2018-12-16 11:51:09',NULL,NULL,0,5,NULL,NULL,NULL,NULL,NULL,NULL,0,NULL),
(1484,'京N0H6U8','2018-12-16 11:55:13',17,'广本欢乐谷店/2018年12月16日/进场/15449325129300f81.jpg',NULL,1,'2018-12-16 11:55:13',NULL,NULL,0,5,NULL,NULL,NULL,NULL,NULL,NULL,0,NULL),
(1485,'京P6Q857','2018-12-16 11:58:33',17,'广本欢乐谷店/2018年12月16日/进场/1544932712778f264.jpg',NULL,1,'2018-12-16 11:58:33',NULL,NULL,0,5,NULL,NULL,NULL,NULL,NULL,NULL,0,NULL),
(1486,'京N0K6A0','2018-12-16 12:01:05',17,'广本欢乐谷店/2018年12月16日/进场/15449328649198c23.jpg',NULL,1,'2018-12-16 12:01:05',NULL,NULL,0,5,NULL,NULL,NULL,NULL,NULL,NULL,0,NULL),
(1487,'黑B23M88','2018-12-16 12:09:19',17,'广本欢乐谷店/2018年12月16日/进场/154493335884184ec.jpg',NULL,1,'2018-12-16 12:09:19',NULL,NULL,0,5,NULL,NULL,NULL,NULL,NULL,NULL,0,NULL),
(1488,'晋AH073Z','2018-12-16 12:09:36',17,'广本欢乐谷店/2018年12月16日/进场/15449333759103134.jpg',NULL,1,'2018-12-16 12:09:35',NULL,NULL,0,5,NULL,NULL,NULL,NULL,NULL,NULL,0,NULL),
(1489,'晋AVN297','2018-12-16 12:10:15',17,'广本欢乐谷店/2018年12月16日/进场/154493341525606d0.jpg',NULL,1,'2018-12-16 12:10:15',NULL,NULL,0,5,NULL,NULL,NULL,NULL,NULL,NULL,0,NULL),
(1490,'京Q7UC03','2018-12-16 12:13:14',17,'广本欢乐谷店/2018年12月16日/进场/15449335937523891.jpg',NULL,1,'2018-12-16 12:13:13',NULL,NULL,0,5,NULL,NULL,NULL,NULL,NULL,NULL,0,NULL),
(1491,'京QH6K68','2018-12-16 12:22:46',17,'广本欢乐谷店/2018年12月16日/进场/15449341659816f4a.jpg',NULL,1,'2018-12-16 12:22:46',NULL,NULL,0,5,NULL,NULL,NULL,NULL,NULL,NULL,0,NULL),
(1492,'冀AN3Q60','2018-12-16 12:24:30',17,'广本欢乐谷店/2018年12月16日/进场/15449342697161cf2.jpg',NULL,1,'2018-12-16 12:24:29',NULL,NULL,0,5,NULL,NULL,NULL,NULL,NULL,NULL,0,NULL),
(1493,'京QU7X06','2018-12-16 12:32:18',17,'广本欢乐谷店/2018年12月16日/进场/1544934737628c459.jpg',NULL,1,'2018-12-16 12:32:17',NULL,NULL,0,5,NULL,NULL,NULL,NULL,NULL,NULL,0,NULL),
(1494,'京Q03SQ1','2018-12-16 12:38:02',17,'广本欢乐谷店/2018年12月16日/进场/1544935081641a0ea.jpg',NULL,1,'2018-12-16 12:38:01',NULL,NULL,0,5,NULL,NULL,NULL,NULL,NULL,NULL,0,NULL),
(1495,'京P2C280','2018-12-16 12:38:08',17,'广本欢乐谷店/2018年12月16日/进场/154493508806286d7.jpg',NULL,1,'2018-12-16 12:38:08',NULL,NULL,0,5,NULL,NULL,NULL,NULL,NULL,NULL,0,NULL),
(1496,'京NR8921','2018-12-16 12:52:32',17,'广本欢乐谷店/2018年12月16日/进场/15449359522601ae8.jpg',NULL,1,'2018-12-16 12:52:32',NULL,NULL,0,5,NULL,NULL,NULL,NULL,NULL,NULL,0,NULL),
(1497,'京E68346','2018-12-16 12:52:56',17,'广本欢乐谷店/2018年12月16日/进场/15449359752519a1b.jpg',NULL,1,'2018-12-16 12:52:55',NULL,NULL,0,5,NULL,NULL,NULL,NULL,NULL,NULL,0,NULL),
(1498,'京NEZ399','2018-12-16 12:54:02',17,'广本欢乐谷店/2018年12月16日/进场/1544936041580d66b.jpg',NULL,1,'2018-12-16 12:54:01',NULL,NULL,0,5,NULL,NULL,NULL,NULL,NULL,NULL,0,NULL),
(1499,'京NF6634','2018-12-16 12:55:51',17,'广本欢乐谷店/2018年12月16日/进场/15449361506162e89.jpg',NULL,1,'2018-12-16 12:55:51',NULL,NULL,0,5,NULL,NULL,NULL,NULL,NULL,NULL,0,NULL),
(1500,'京QM9F17','2018-12-16 12:56:39',17,'广本欢乐谷店/2018年12月16日/进场/15449361988371da7.jpg',NULL,1,'2018-12-16 12:56:39',NULL,NULL,0,5,NULL,NULL,NULL,NULL,NULL,NULL,0,NULL),
(1501,'京Q1TL55','2018-12-16 12:56:44',17,'广本欢乐谷店/2018年12月16日/进场/1544936203531b7ce.jpg',NULL,1,'2018-12-16 12:56:43',NULL,NULL,0,5,NULL,NULL,NULL,NULL,NULL,NULL,0,NULL),
(1502,'京N563R7','2018-12-16 13:03:36',17,'广本欢乐谷店/2018年12月16日/进场/1544936615658ea59.jpg',NULL,1,'2018-12-16 13:03:35',NULL,NULL,0,5,NULL,NULL,NULL,NULL,NULL,NULL,0,NULL),
(1503,'冀A8287D','2018-12-16 13:09:31',17,'广本欢乐谷店/2018年12月16日/进场/15449369712603418.jpg',NULL,1,'2018-12-16 13:09:31',NULL,NULL,0,5,NULL,NULL,NULL,NULL,NULL,NULL,0,NULL),
(1504,'京Q8LT52','2018-12-16 13:12:07',17,'广本欢乐谷店/2018年12月16日/进场/154493712647542c8.jpg',NULL,1,'2018-12-16 13:12:06',NULL,NULL,0,5,NULL,NULL,NULL,NULL,NULL,NULL,0,NULL),
(1505,'京PUP927','2018-12-16 13:12:42',17,'广本欢乐谷店/2018年12月16日/进场/15449371620059544.jpg',NULL,1,'2018-12-16 13:12:42',NULL,NULL,0,5,NULL,NULL,NULL,NULL,NULL,NULL,0,NULL),
(1506,'京PQQ886','2018-12-16 13:17:31',17,'广本欢乐谷店/2018年12月16日/进场/1544937450832124a.jpg',NULL,1,'2018-12-16 13:17:30',NULL,NULL,0,5,NULL,NULL,NULL,NULL,NULL,NULL,0,NULL),
(1507,'京PUS756','2018-12-16 13:17:39',17,'广本欢乐谷店/2018年12月16日/进场/1544937459375e138.jpg',NULL,1,'2018-12-16 13:17:39',NULL,NULL,0,5,NULL,NULL,NULL,NULL,NULL,NULL,0,NULL),
(1508,'京P571B6','2018-12-16 13:22:19',17,'广本欢乐谷店/2018年12月16日/进场/1544937739313e7ea.jpg',NULL,1,'2018-12-16 13:22:19',NULL,NULL,0,5,NULL,NULL,NULL,NULL,NULL,NULL,0,NULL),
(1509,'京N79DW9','2018-12-16 13:39:55',17,'广本欢乐谷店/2018年12月16日/进场/1544938794424b901.jpg',NULL,1,'2018-12-16 13:39:54',NULL,NULL,0,5,NULL,NULL,NULL,NULL,NULL,NULL,0,NULL),
(1510,'京Q3DS99','2018-12-16 13:45:43',17,'广本欢乐谷店/2018年12月16日/进场/15449391425846b87.jpg',NULL,1,'2018-12-16 13:45:42',NULL,NULL,0,5,NULL,NULL,NULL,NULL,NULL,NULL,0,NULL),
(1511,'京JEK551','2018-12-16 14:05:04',17,'广本欢乐谷店/2018年12月16日/进场/15449403034515159.jpg',NULL,1,'2018-12-16 14:05:03',NULL,NULL,0,5,NULL,NULL,NULL,NULL,NULL,NULL,0,NULL),
(1512,'京N6QV55','2018-12-16 14:07:44',17,'广本欢乐谷店/2018年12月16日/进场/1544940464198294e.jpg',NULL,1,'2018-12-16 14:07:44',NULL,NULL,0,5,NULL,NULL,NULL,NULL,NULL,NULL,0,NULL),
(1513,'晋FS2321','2018-12-16 14:10:36',17,'广本欢乐谷店/2018年12月16日/进场/15449406358891968.jpg',NULL,1,'2018-12-16 14:10:36',NULL,NULL,0,5,NULL,NULL,NULL,NULL,NULL,NULL,0,NULL),
(1514,'京GXY607','2018-12-16 14:16:47',17,'广本欢乐谷店/2018年12月16日/进场/154494100639920f0.jpg',NULL,1,'2018-12-16 14:16:46',NULL,NULL,0,5,NULL,NULL,NULL,NULL,NULL,NULL,0,NULL),
(1515,'京Q0Z999','2018-12-16 14:24:42',17,'广本欢乐谷店/2018年12月16日/进场/154494148193300cc.jpg',NULL,1,'2018-12-16 14:24:42',NULL,NULL,0,5,NULL,NULL,NULL,NULL,NULL,NULL,0,NULL),
(1516,'京PS2006','2018-12-16 14:30:55',17,'广本欢乐谷店/2018年12月16日/进场/1544941854377cf21.jpg',NULL,1,'2018-12-16 14:30:54',NULL,NULL,0,5,NULL,NULL,NULL,NULL,NULL,NULL,0,NULL),
(1517,'京QS78Y6','2018-12-16 14:36:02',17,'广本欢乐谷店/2018年12月16日/进场/154494216144245c5.jpg',NULL,1,'2018-12-16 14:36:01',NULL,NULL,0,5,NULL,NULL,NULL,NULL,NULL,NULL,0,NULL),
(1518,'京NZ5266','2018-12-16 14:36:07',17,'广本欢乐谷店/2018年12月16日/进场/15449421672168364.jpg',NULL,1,'2018-12-16 14:36:07',NULL,NULL,0,5,NULL,NULL,NULL,NULL,NULL,NULL,0,NULL),
(1519,'京HBJ682','2018-12-16 14:50:11',17,'广本欢乐谷店/2018年12月16日/进场/154494301075384c4.jpg',NULL,1,'2018-12-16 14:50:10',NULL,NULL,0,5,NULL,NULL,NULL,NULL,NULL,NULL,0,NULL),
(1520,'京N53737','2018-12-16 14:58:35',17,'广本欢乐谷店/2018年12月16日/进场/1544943514777bb7a.jpg',NULL,1,'2018-12-16 14:58:34',NULL,NULL,0,5,NULL,NULL,NULL,NULL,NULL,NULL,0,NULL),
(1521,'京EY8466','2018-12-16 15:02:30',17,'广本欢乐谷店/2018年12月16日/进场/1544943749758f3ed.jpg',NULL,1,'2018-12-16 15:02:29',NULL,NULL,0,5,NULL,NULL,NULL,NULL,NULL,NULL,0,NULL),
(1522,'京N87529','2018-12-16 15:05:38',17,'广本欢乐谷店/2018年12月16日/进场/1544943937497b718.jpg',NULL,1,'2018-12-16 15:05:37',NULL,NULL,0,5,NULL,NULL,NULL,NULL,NULL,NULL,0,NULL),
(1523,'鲁NG20X7','2018-12-16 15:31:20',17,'广本欢乐谷店/2018年12月16日/进场/1544945479980da9c.jpg',NULL,1,'2018-12-16 15:31:20',NULL,NULL,0,5,NULL,NULL,NULL,NULL,NULL,NULL,0,NULL),
(1524,'京QX6K23','2018-12-16 15:31:55',17,'广本欢乐谷店/2018年12月16日/进场/1544945514627a6a1.jpg',NULL,1,'2018-12-16 15:31:54',NULL,NULL,0,5,NULL,NULL,NULL,NULL,NULL,NULL,0,NULL),
(1525,'京LBB779','2018-12-16 15:35:59',17,'广本欢乐谷店/2018年12月16日/进场/154494575892890bf.jpg',NULL,1,'2018-12-16 15:35:59',NULL,NULL,0,5,NULL,NULL,NULL,NULL,NULL,NULL,0,NULL),
(1526,'京P29927','2018-12-16 15:44:22',17,'广本欢乐谷店/2018年12月16日/进场/15449462616332361.jpg',NULL,1,'2018-12-16 15:44:21',NULL,NULL,0,5,NULL,NULL,NULL,NULL,NULL,NULL,0,NULL),
(1527,'京PBG660','2018-12-16 15:50:13',17,'广本欢乐谷店/2018年12月16日/进场/15449466131733d21.jpg',NULL,1,'2018-12-16 15:50:13',NULL,NULL,0,5,NULL,NULL,NULL,NULL,NULL,NULL,0,NULL),
(1528,'冀R8576J','2018-12-16 15:51:10',17,'广本欢乐谷店/2018年12月16日/进场/15449466699029614.jpg',NULL,1,'2018-12-16 15:51:09',NULL,NULL,0,5,NULL,NULL,NULL,NULL,NULL,NULL,0,NULL),
(1529,'京NGZ020','2018-12-16 15:52:03',17,'广本欢乐谷店/2018年12月16日/进场/1544946722497e81c.jpg',NULL,1,'2018-12-16 15:52:02',NULL,NULL,0,5,NULL,NULL,NULL,NULL,NULL,NULL,0,NULL),
(1530,'京HAS121','2018-12-16 16:00:54',17,'广本欢乐谷店/2018年12月16日/进场/1544947253386a4be.jpg',NULL,1,'2018-12-16 16:00:53',NULL,NULL,0,5,NULL,NULL,NULL,NULL,NULL,NULL,0,NULL),
(1531,'京Q17DQ0','2018-12-16 16:04:15',17,'广本欢乐谷店/2018年12月16日/进场/1544947454768b67c.jpg',NULL,1,'2018-12-16 16:04:14',NULL,NULL,0,5,NULL,NULL,NULL,NULL,NULL,NULL,0,NULL),
(1532,'京N0ZM12','2018-12-16 16:04:19',17,'广本欢乐谷店/2018年12月16日/进场/15449474594225b1e.jpg',NULL,1,'2018-12-16 16:04:19',NULL,NULL,0,5,NULL,NULL,NULL,NULL,NULL,NULL,0,NULL),
(1533,'津MU9797','2018-12-16 16:04:35',17,'广本欢乐谷店/2018年12月16日/进场/154494747425741c4.jpg',NULL,1,'2018-12-16 16:04:34',NULL,NULL,0,5,NULL,NULL,NULL,NULL,NULL,NULL,0,NULL),
(1534,'京JV2592','2018-12-16 16:06:36',17,'广本欢乐谷店/2018年12月16日/进场/154494759606474f1.jpg',NULL,1,'2018-12-16 16:06:36',NULL,NULL,0,5,NULL,NULL,NULL,NULL,NULL,NULL,0,NULL),
(1535,'京QL26P2','2018-12-16 16:09:44',17,'广本欢乐谷店/2018年12月16日/进场/15449477830915eb1.jpg',NULL,1,'2018-12-16 16:09:43',NULL,NULL,0,5,NULL,NULL,NULL,NULL,NULL,NULL,0,NULL),
(1536,'京QL88N8','2018-12-16 16:11:48',17,'广本欢乐谷店/2018年12月16日/进场/1544947908092e023.jpg',NULL,1,'2018-12-16 16:11:48',NULL,NULL,0,5,NULL,NULL,NULL,NULL,NULL,NULL,0,NULL),
(1537,'京M89788','2018-12-16 16:22:50',17,'广本欢乐谷店/2018年12月16日/进场/15449485694508b3e.jpg',NULL,1,'2018-12-16 16:22:49',NULL,NULL,0,5,NULL,NULL,NULL,NULL,NULL,NULL,0,NULL),
(1538,'京N60CK6','2018-12-16 16:24:03',17,'广本欢乐谷店/2018年12月16日/进场/1544948643283de80.jpg',NULL,1,'2018-12-16 16:24:03',NULL,NULL,0,5,NULL,NULL,NULL,NULL,NULL,NULL,0,NULL),
(1539,'京QK6D88','2018-12-16 16:28:11',17,'广本欢乐谷店/2018年12月16日/进场/1544948890367ca1f.jpg',NULL,1,'2018-12-16 16:28:10',NULL,NULL,0,5,NULL,NULL,NULL,NULL,NULL,NULL,0,NULL),
(1540,'京JN6118','2018-12-16 16:42:17',17,'广本欢乐谷店/2018年12月16日/进场/154494973662009c5.jpg',NULL,1,'2018-12-16 16:42:17',NULL,NULL,0,5,NULL,NULL,NULL,NULL,NULL,NULL,0,NULL),
(1541,'京ADR252','2018-12-16 16:58:45',17,'广本欢乐谷店/2018年12月16日/进场/1544950725235c77b.jpg',NULL,1,'2018-12-16 16:58:45',NULL,NULL,0,5,NULL,NULL,NULL,NULL,NULL,NULL,0,NULL),
(1542,'京N0KC78','2018-12-16 17:12:41',17,'广本欢乐谷店/2018年12月16日/进场/15449515600997a0d.jpg',NULL,1,'2018-12-16 17:12:40',NULL,NULL,0,5,NULL,NULL,NULL,NULL,NULL,NULL,0,NULL),
(1543,'蒙D67W30','2018-12-16 19:06:15',17,'广本欢乐谷店/2018年12月16日/进场/15449583747699320.jpg',NULL,1,'2018-12-16 19:06:15',NULL,NULL,0,5,NULL,NULL,NULL,NULL,NULL,NULL,0,NULL),
(1544,'京QH96J0','2018-12-17 07:27:06',17,'广本欢乐谷店/2018年12月17日/进场/1545002826240b634.jpg',NULL,1,'2018-12-17 07:27:06',NULL,NULL,0,5,NULL,NULL,NULL,NULL,NULL,NULL,0,NULL),
(1545,'京LEX220','2018-12-17 08:20:00',17,'广本欢乐谷店/2018年12月17日/进场/154500600036559ac.jpg',NULL,1,'2018-12-17 08:20:00',NULL,NULL,0,5,NULL,NULL,NULL,NULL,NULL,NULL,0,NULL),
(1546,'京M87010','2018-12-17 08:32:53',17,'广本欢乐谷店/2018年12月17日/进场/1545006773362b5da.jpg',NULL,1,'2018-12-17 08:32:53',NULL,NULL,0,5,NULL,NULL,NULL,NULL,NULL,NULL,0,NULL),
(1547,'京NRZ021','2018-12-17 08:39:03',17,'广本欢乐谷店/2018年12月17日/进场/15450071426976012.jpg',NULL,1,'2018-12-17 08:39:03',NULL,NULL,0,5,NULL,NULL,NULL,NULL,NULL,NULL,0,NULL),
(1548,'京N915M1','2018-12-17 08:45:18',17,'广本欢乐谷店/2018年12月17日/进场/15450075172115011.jpg',NULL,1,'2018-12-17 08:45:17',NULL,NULL,0,5,NULL,NULL,NULL,NULL,NULL,NULL,0,NULL),
(1549,'京QW1P29','2018-12-17 08:48:13',17,'广本欢乐谷店/2018年12月17日/进场/1545007693255cb85.jpg',NULL,1,'2018-12-17 08:48:13',NULL,NULL,0,5,NULL,NULL,NULL,NULL,NULL,NULL,0,NULL),
(1550,'京Q91AK6','2018-12-17 09:06:18',17,'广本欢乐谷店/2018年12月17日/进场/154500877761844ed.jpg',NULL,1,'2018-12-17 09:06:17',NULL,NULL,0,5,NULL,NULL,NULL,NULL,NULL,NULL,0,NULL),
(1551,'鲁D7510V','2018-12-17 09:07:58',17,'广本欢乐谷店/2018年12月17日/进场/1545008877707271e.jpg',NULL,1,'2018-12-17 09:07:57',NULL,NULL,0,5,NULL,NULL,NULL,NULL,NULL,NULL,0,NULL),
(1552,'京N6QV55','2018-12-17 09:19:46',17,'广本欢乐谷店/2018年12月17日/进场/15450095863752216.jpg',NULL,1,'2018-12-17 09:19:46',NULL,NULL,0,5,NULL,NULL,NULL,NULL,NULL,NULL,0,NULL),
(1553,'京Q35T85','2018-12-17 09:21:22',17,'广本欢乐谷店/2018年12月17日/进场/154500968161481fa.jpg',NULL,1,'2018-12-17 09:21:22',NULL,NULL,0,5,NULL,NULL,NULL,NULL,NULL,NULL,0,NULL),
(1554,'京NHX451','2018-12-17 09:25:15',17,'广本欢乐谷店/2018年12月17日/进场/154500991475821b8.jpg',NULL,1,'2018-12-17 09:25:15',NULL,NULL,0,5,NULL,NULL,NULL,NULL,NULL,NULL,0,NULL),
(1555,'蒙DPY656','2018-12-17 09:29:47',17,'广本欢乐谷店/2018年12月17日/进场/15450101867530e4f.jpg',NULL,1,'2018-12-17 09:29:47',NULL,NULL,0,5,NULL,NULL,NULL,NULL,NULL,NULL,0,NULL),
(1556,'京AAW272','2018-12-17 09:40:01',17,'广本欢乐谷店/2018年12月17日/进场/154501080121698c1.jpg',NULL,1,'2018-12-17 09:40:01',NULL,NULL,0,5,NULL,NULL,NULL,NULL,NULL,NULL,0,NULL),
(1557,'京Q0R089','2018-12-17 09:40:23',17,'广本欢乐谷店/2018年12月17日/进场/154501082339057c5.jpg',NULL,1,'2018-12-17 09:40:23',NULL,NULL,0,5,NULL,NULL,NULL,NULL,NULL,NULL,0,NULL),
(1558,'京N6Z973','2018-12-17 09:40:59',17,'广本欢乐谷店/2018年12月17日/进场/15450108583091648.jpg',NULL,1,'2018-12-17 09:40:58',NULL,NULL,0,5,NULL,NULL,NULL,NULL,NULL,NULL,0,NULL),
(1559,'京N9HL69','2018-12-17 09:42:05',17,'广本欢乐谷店/2018年12月17日/进场/154501092486186fb.jpg',NULL,1,'2018-12-17 09:42:05',NULL,NULL,0,5,NULL,NULL,NULL,NULL,NULL,NULL,0,NULL),
(1560,'鲁AB35X0','2018-12-17 09:42:17',17,'广本欢乐谷店/2018年12月17日/进场/1545010936465678c.jpg',NULL,1,'2018-12-17 09:42:16',NULL,NULL,0,5,NULL,NULL,NULL,NULL,NULL,NULL,0,NULL),
(1561,'京PL3C55','2018-12-17 09:42:28',17,'广本欢乐谷店/2018年12月17日/进场/1545010947547fffa.jpg',NULL,1,'2018-12-17 09:42:27',NULL,NULL,0,5,NULL,NULL,NULL,NULL,NULL,NULL,0,NULL),
(1562,'京MA5530','2018-12-17 09:42:37',17,'广本欢乐谷店/2018年12月17日/进场/15450109566920708.jpg',NULL,1,'2018-12-17 09:42:36',NULL,NULL,0,5,NULL,NULL,NULL,NULL,NULL,NULL,0,NULL),
(1563,'京QR81Y3','2018-12-17 09:42:45',17,'广本欢乐谷店/2018年12月17日/进场/15450109654433f3b.jpg',NULL,1,'2018-12-17 09:42:45',NULL,NULL,0,5,NULL,NULL,NULL,NULL,NULL,NULL,0,NULL),
(1564,'鄂SEC570','2018-12-17 09:46:19',17,'广本欢乐谷店/2018年12月17日/进场/1545011178213d787.jpg',NULL,1,'2018-12-17 09:46:18',NULL,NULL,0,5,NULL,NULL,NULL,NULL,NULL,NULL,0,NULL),
(1565,'京Q31MT9','2018-12-17 09:54:58',17,'广本欢乐谷店/2018年12月17日/进场/1545011697946c840.jpg',NULL,1,'2018-12-17 09:54:58',NULL,NULL,0,5,NULL,NULL,NULL,NULL,NULL,NULL,0,NULL),
(1566,'京LP3005','2018-12-17 09:55:11',17,'广本欢乐谷店/2018年12月17日/进场/1545011710521b564.jpg',NULL,1,'2018-12-17 09:55:10',NULL,NULL,0,5,NULL,NULL,NULL,NULL,NULL,NULL,0,NULL),
(1567,'京K48529','2018-12-17 09:57:57',17,'广本欢乐谷店/2018年12月17日/进场/15450118766070d30.jpg',NULL,1,'2018-12-17 09:57:57',NULL,NULL,0,5,NULL,NULL,NULL,NULL,NULL,NULL,0,NULL),
(1568,'京N250N9','2018-12-17 10:00:22',17,'广本欢乐谷店/2018年12月17日/进场/154501202189812a8.jpg',NULL,1,'2018-12-17 10:00:22',NULL,NULL,0,5,NULL,NULL,NULL,NULL,NULL,NULL,0,NULL),
(1569,'京Q13YV6','2018-12-17 10:01:27',17,'广本欢乐谷店/2018年12月17日/进场/1545012087311d0fc.jpg',NULL,1,'2018-12-17 10:01:27',NULL,NULL,0,5,NULL,NULL,NULL,NULL,NULL,NULL,0,NULL),
(1570,'京MX2073','2018-12-17 10:03:26',17,'广本欢乐谷店/2018年12月17日/进场/1545012205842e649.jpg',NULL,1,'2018-12-17 10:03:26',NULL,NULL,0,5,NULL,NULL,NULL,NULL,NULL,NULL,0,NULL),
(1571,'豫KST902','2018-12-17 10:05:55',17,'广本欢乐谷店/2018年12月17日/进场/1545012355174b11e.jpg',NULL,1,'2018-12-17 10:05:55',NULL,NULL,0,5,NULL,NULL,NULL,NULL,NULL,NULL,0,NULL),
(1572,'京N2YX92','2018-12-17 10:08:51',17,'广本欢乐谷店/2018年12月17日/进场/15450125303795f3b.jpg',NULL,1,'2018-12-17 10:08:50',NULL,NULL,0,5,NULL,NULL,NULL,NULL,NULL,NULL,0,NULL),
(1573,'京PTB376','2018-12-17 10:11:07',17,'广本欢乐谷店/2018年12月17日/进场/1545012666306bcb9.jpg',NULL,1,'2018-12-17 10:11:06',NULL,NULL,0,5,NULL,NULL,NULL,NULL,NULL,NULL,0,NULL),
(1574,'冀A775YT','2018-12-17 10:19:57',17,'广本欢乐谷店/2018年12月17日/进场/15450131964164b1c.jpg',NULL,1,'2018-12-17 10:19:56',NULL,NULL,0,5,NULL,NULL,NULL,NULL,NULL,NULL,0,NULL),
(1575,'京PC1B82','2018-12-17 10:20:27',17,'广本欢乐谷店/2018年12月17日/进场/15450132264715fad.jpg',NULL,1,'2018-12-17 10:20:26',NULL,NULL,0,5,NULL,NULL,NULL,NULL,NULL,NULL,0,NULL),
(1576,'京KN3995','2018-12-17 10:21:38',17,'广本欢乐谷店/2018年12月17日/进场/15450132980491406.jpg',NULL,1,'2018-12-17 10:21:38',NULL,NULL,0,5,NULL,NULL,NULL,NULL,NULL,NULL,0,NULL),
(1577,'京Q3X628','2018-12-17 10:22:14',17,'广本欢乐谷店/2018年12月17日/进场/1545013334452bd26.jpg',NULL,1,'2018-12-17 10:22:14',NULL,NULL,0,5,NULL,NULL,NULL,NULL,NULL,NULL,0,NULL),
(1578,'豫KST902','2018-12-17 10:25:12',17,'广本欢乐谷店/2018年12月17日/进场/1545013511537481c.jpg',NULL,1,'2018-12-17 10:25:11',NULL,NULL,0,5,NULL,NULL,NULL,NULL,NULL,NULL,0,NULL),
(1579,'京P931E5','2018-12-17 10:32:49',17,'广本欢乐谷店/2018年12月17日/进场/15450139686156836.jpg',NULL,1,'2018-12-17 10:32:49',NULL,NULL,0,5,NULL,NULL,NULL,NULL,NULL,NULL,0,NULL),
(1580,'冀F3B125','2018-12-17 10:35:16',17,'广本欢乐谷店/2018年12月17日/进场/1545014115051c8a4.jpg',NULL,1,'2018-12-17 10:35:15',NULL,NULL,0,5,NULL,NULL,NULL,NULL,NULL,NULL,0,NULL),
(1581,'京QM8X82','2018-12-17 10:39:34',17,'广本欢乐谷店/2018年12月17日/进场/154501437379650cb.jpg',NULL,1,'2018-12-17 10:39:34',NULL,NULL,0,5,NULL,NULL,NULL,NULL,NULL,NULL,0,NULL),
(1582,'京AD5579','2018-12-17 10:41:39',17,'广本欢乐谷店/2018年12月17日/进场/154501449888815b2.jpg',NULL,1,'2018-12-17 10:41:39',NULL,NULL,0,5,NULL,NULL,NULL,NULL,NULL,NULL,0,NULL),
(1583,'冀DY169U','2018-12-17 10:41:53',17,'广本欢乐谷店/2018年12月17日/进场/1545014512721954b.jpg',NULL,1,'2018-12-17 10:41:52',NULL,NULL,0,5,NULL,NULL,NULL,NULL,NULL,NULL,0,NULL),
(1584,'京Q60QF0','2018-12-17 10:47:47',17,'广本欢乐谷店/2018年12月17日/进场/1545014866110df34.jpg',NULL,1,'2018-12-17 10:47:46',NULL,NULL,0,5,NULL,NULL,NULL,NULL,NULL,NULL,0,NULL),
(1585,'琼N2H5H9','2018-12-17 10:51:06',17,'广本欢乐谷店/2018年12月17日/进场/15450150657829216.jpg',NULL,1,'2018-12-17 10:51:05',NULL,NULL,0,5,NULL,NULL,NULL,NULL,NULL,NULL,0,NULL),
(1586,'京N6M828','2018-12-17 10:51:32',17,'广本欢乐谷店/2018年12月17日/进场/1545015091960fc64.jpg',NULL,1,'2018-12-17 10:51:32',NULL,NULL,0,5,NULL,NULL,NULL,NULL,NULL,NULL,0,NULL),
(1587,'京Q51CK0','2018-12-17 11:00:00',17,'广本欢乐谷店/2018年12月17日/进场/1545015599605ef6d.jpg',NULL,1,'2018-12-17 10:59:59',NULL,NULL,0,5,NULL,NULL,NULL,NULL,NULL,NULL,0,NULL),
(1588,'京M71000','2018-12-17 11:15:01',17,'广本欢乐谷店/2018年12月17日/进场/15450165008611ab2.jpg',NULL,1,'2018-12-17 11:15:00',NULL,NULL,0,5,NULL,NULL,NULL,NULL,NULL,NULL,0,NULL),
(1589,'冀F9QY76','2018-12-17 11:17:06',17,'广本欢乐谷店/2018年12月17日/进场/15450166251147d47.jpg',NULL,1,'2018-12-17 11:17:05',NULL,NULL,0,5,NULL,NULL,NULL,NULL,NULL,NULL,0,NULL),
(1590,'京Q2LH01','2018-12-17 11:20:02',17,'广本欢乐谷店/2018年12月17日/进场/1545016801894fd45.jpg',NULL,1,'2018-12-17 11:20:02',NULL,NULL,0,5,NULL,NULL,NULL,NULL,NULL,NULL,0,NULL),
(1591,'皖EM7806','2018-12-17 11:25:11',17,'广本欢乐谷店/2018年12月17日/进场/154501711088905ef.jpg',NULL,1,'2018-12-17 11:25:11',NULL,NULL,0,5,NULL,NULL,NULL,NULL,NULL,NULL,0,NULL),
(1592,'京N9ZK90','2018-12-17 11:25:28',17,'广本欢乐谷店/2018年12月17日/进场/15450171276173920.jpg',NULL,1,'2018-12-17 11:25:27',NULL,NULL,0,5,NULL,NULL,NULL,NULL,NULL,NULL,0,NULL),
(1593,'京Q56EB6','2018-12-17 11:33:39',17,'广本欢乐谷店/2018年12月17日/进场/1545017618671bb5a.jpg',NULL,1,'2018-12-17 11:33:38',NULL,NULL,0,5,NULL,NULL,NULL,NULL,NULL,NULL,0,NULL),
(1594,'京N54F49','2018-12-17 11:42:14',17,'广本欢乐谷店/2018年12月17日/进场/1545018133059bf0a.jpg',NULL,1,'2018-12-17 11:42:13',NULL,NULL,0,5,NULL,NULL,NULL,NULL,NULL,NULL,0,NULL),
(1595,'京Q17HM9','2018-12-17 11:45:24',17,'广本欢乐谷店/2018年12月17日/进场/15450183236978b19.jpg',NULL,1,'2018-12-17 11:45:24',NULL,NULL,0,5,NULL,NULL,NULL,NULL,NULL,NULL,0,NULL),
(1596,'京P6HJ98','2018-12-17 11:45:32',17,'广本欢乐谷店/2018年12月17日/进场/1545018332303e9de.jpg',NULL,1,'2018-12-17 11:45:32',NULL,NULL,0,5,NULL,NULL,NULL,NULL,NULL,NULL,0,NULL),
(1597,'京QV6857','2018-12-17 12:12:31',17,'广本欢乐谷店/2018年12月17日/进场/1545019950618e9ab.jpg',NULL,1,'2018-12-17 12:12:30',NULL,NULL,0,5,NULL,NULL,NULL,NULL,NULL,NULL,0,NULL),
(1598,'京PRV710','2018-12-17 12:16:50',17,'广本欢乐谷店/2018年12月17日/进场/1545020209311091f.jpg',NULL,1,'2018-12-17 12:16:49',NULL,NULL,0,5,NULL,NULL,NULL,NULL,NULL,NULL,0,NULL),
(1599,'京P0W639','2018-12-17 12:25:46',17,'广本欢乐谷店/2018年12月17日/进场/1545020745395d15c.jpg',NULL,1,'2018-12-17 12:25:46',NULL,NULL,0,5,NULL,NULL,NULL,NULL,NULL,NULL,0,NULL),
(1600,'京N915M1','2018-12-17 12:38:59',17,'广本欢乐谷店/2018年12月17日/进场/1545021538322605f.jpg',NULL,1,'2018-12-17 12:38:58',NULL,NULL,0,5,NULL,NULL,NULL,NULL,NULL,NULL,0,NULL),
(1601,'京N98U56','2018-12-17 12:39:12',17,'广本欢乐谷店/2018年12月17日/进场/15450215510096b85.jpg',NULL,1,'2018-12-17 12:39:11',NULL,NULL,0,5,NULL,NULL,NULL,NULL,NULL,NULL,0,NULL),
(1602,'京NL9015','2018-12-17 12:42:25',17,'广本欢乐谷店/2018年12月17日/进场/1545021745319c320.jpg',NULL,1,'2018-12-17 12:42:25',NULL,NULL,0,5,NULL,NULL,NULL,NULL,NULL,NULL,0,NULL),
(1603,'京QK7Q11','2018-12-17 12:48:26',17,'广本欢乐谷店/2018年12月17日/进场/15450221062738b16.jpg',NULL,1,'2018-12-17 12:48:26',NULL,NULL,0,5,NULL,NULL,NULL,NULL,NULL,NULL,0,NULL),
(1604,'京M71000','2018-12-17 13:13:32',17,'广本欢乐谷店/2018年12月17日/进场/1545023611414a51a.jpg',NULL,1,'2018-12-17 13:13:31',NULL,NULL,0,5,NULL,NULL,NULL,NULL,NULL,NULL,0,NULL),
(1605,'京LG6786','2018-12-17 13:20:43',17,'广本欢乐谷店/2018年12月17日/进场/15450240430467ebf.jpg',NULL,1,'2018-12-17 13:20:43',NULL,NULL,0,5,NULL,NULL,NULL,NULL,NULL,NULL,0,NULL),
(1606,'京FBM013','2018-12-17 13:23:33',17,'广本欢乐谷店/2018年12月17日/进场/154502421279311cb.jpg',NULL,1,'2018-12-17 13:23:32',NULL,NULL,0,5,NULL,NULL,NULL,NULL,NULL,NULL,0,NULL),
(1607,'京PE8Q73','2018-12-17 13:27:11',17,'广本欢乐谷店/2018年12月17日/进场/1545024430615a00b.jpg',NULL,1,'2018-12-17 13:27:10',NULL,NULL,0,5,NULL,NULL,NULL,NULL,NULL,NULL,0,NULL),
(1608,'京AD43382','2018-12-17 13:29:50',17,'广本欢乐谷店/2018年12月17日/进场/15450245899764fe1.jpg',NULL,1,'2018-12-17 13:29:50',NULL,NULL,0,5,NULL,NULL,NULL,NULL,NULL,NULL,0,NULL),
(1609,'冀F27U21','2018-12-17 13:31:53',17,'广本欢乐谷店/2018年12月17日/进场/1545024712639bfae.jpg',NULL,1,'2018-12-17 13:31:52',NULL,NULL,0,5,NULL,NULL,NULL,NULL,NULL,NULL,0,NULL),
(1610,'京NS95V8','2018-12-17 13:39:25',17,'广本欢乐谷店/2018年12月17日/进场/1545025165097e7c2.jpg',NULL,1,'2018-12-17 13:39:25',NULL,NULL,0,5,NULL,NULL,NULL,NULL,NULL,NULL,0,NULL),
(1611,'京P616N6','2018-12-17 13:39:31',17,'广本欢乐谷店/2018年12月17日/进场/1545025171048de61.jpg',NULL,1,'2018-12-17 13:39:31',NULL,NULL,0,5,NULL,NULL,NULL,NULL,NULL,NULL,0,NULL),
(1612,'冀A4E519','2018-12-17 13:41:23',17,'广本欢乐谷店/2018年12月17日/进场/1545025282509a382.jpg',NULL,1,'2018-12-17 13:41:22',NULL,NULL,0,5,NULL,NULL,NULL,NULL,NULL,NULL,0,NULL),
(1613,'京P81268','2018-12-17 13:53:20',17,'广本欢乐谷店/2018年12月17日/进场/1545025999939b315.jpg',NULL,1,'2018-12-17 13:53:20',NULL,NULL,0,5,NULL,NULL,NULL,NULL,NULL,NULL,0,NULL),
(1614,'京N2Q633','2018-12-17 14:12:07',17,'广本欢乐谷店/2018年12月17日/进场/15450271264860fff.jpg',NULL,1,'2018-12-17 14:12:06',NULL,NULL,0,5,NULL,NULL,NULL,NULL,NULL,NULL,0,NULL),
(1615,'冀F285T9','2018-12-17 14:15:12',17,'广本欢乐谷店/2018年12月17日/进场/1545027312020ef7c.jpg',NULL,1,'2018-12-17 14:15:12',NULL,NULL,0,5,NULL,NULL,NULL,NULL,NULL,NULL,0,NULL),
(1616,'京QA9M36','2018-12-17 14:24:55',17,'广本欢乐谷店/2018年12月17日/进场/1545027894732bc25.jpg',NULL,1,'2018-12-17 14:24:54',NULL,NULL,0,5,NULL,NULL,NULL,NULL,NULL,NULL,0,NULL),
(1617,'豫ACD866','2018-12-17 14:25:15',17,'广本欢乐谷店/2018年12月17日/进场/1545027915358f81a.jpg',NULL,1,'2018-12-17 14:25:15',NULL,NULL,0,5,NULL,NULL,NULL,NULL,NULL,NULL,0,NULL),
(1618,'京PF0S89','2018-12-17 14:31:24',17,'广本欢乐谷店/2018年12月17日/进场/1545028284047bba4.jpg',NULL,1,'2018-12-17 14:31:24',NULL,NULL,0,5,NULL,NULL,NULL,NULL,NULL,NULL,0,NULL),
(1619,'京J95338','2018-12-17 14:37:36',17,'广本欢乐谷店/2018年12月17日/进场/154502865544663c7.jpg',NULL,1,'2018-12-17 14:37:35',NULL,NULL,0,5,NULL,NULL,NULL,NULL,NULL,NULL,0,NULL),
(1620,'京P7YJ85','2018-12-17 14:41:14',17,'广本欢乐谷店/2018年12月17日/进场/15450288743433f5d.jpg',NULL,1,'2018-12-17 14:41:14',NULL,NULL,0,5,NULL,NULL,NULL,NULL,NULL,NULL,0,NULL),
(1621,'京N9HL69','2018-12-17 14:51:53',17,'广本欢乐谷店/2018年12月17日/进场/15450295130469c94.jpg',NULL,1,'2018-12-17 14:51:53',NULL,NULL,0,5,NULL,NULL,NULL,NULL,NULL,NULL,0,NULL),
(1622,'冀RL6X37','2018-12-17 14:53:59',17,'广本欢乐谷店/2018年12月17日/进场/1545029638877e3ae.jpg',NULL,1,'2018-12-17 14:53:59',NULL,NULL,0,5,NULL,NULL,NULL,NULL,NULL,NULL,0,NULL),
(1623,'冀R558U0','2018-12-17 14:54:23',17,'广本欢乐谷店/2018年12月17日/进场/1545029662668e7b7.jpg',NULL,1,'2018-12-17 14:54:22',NULL,NULL,0,5,NULL,NULL,NULL,NULL,NULL,NULL,0,NULL),
(1624,'京NDB005','2018-12-17 14:54:36',17,'广本欢乐谷店/2018年12月17日/进场/15450296758608dda.jpg',NULL,1,'2018-12-17 14:54:36',NULL,NULL,0,5,NULL,NULL,NULL,NULL,NULL,NULL,0,NULL),
(1625,'京Q7L2X5','2018-12-17 14:57:13',17,'广本欢乐谷店/2018年12月17日/进场/1545029833158464a.jpg',NULL,1,'2018-12-17 14:57:13',NULL,NULL,0,5,NULL,NULL,NULL,NULL,NULL,NULL,0,NULL),
(1626,'津RTA500','2018-12-17 14:59:32',17,'广本欢乐谷店/2018年12月17日/进场/15450299718060eb6.jpg',NULL,1,'2018-12-17 14:59:31',NULL,NULL,0,5,NULL,NULL,NULL,NULL,NULL,NULL,0,NULL),
(1627,'鲁RQB906','2018-12-17 15:04:18',17,'广本欢乐谷店/2018年12月17日/进场/1545030258121cd29.jpg',NULL,1,'2018-12-17 15:04:18',NULL,NULL,0,5,NULL,NULL,NULL,NULL,NULL,NULL,0,NULL),
(1628,'京AD41735','2018-12-17 15:06:54',17,'广本欢乐谷店/2018年12月17日/进场/15450304143400f96.jpg',NULL,1,'2018-12-17 15:06:54',NULL,NULL,0,5,NULL,NULL,NULL,NULL,NULL,NULL,0,NULL),
(1629,'京P639N0','2018-12-17 15:10:20',17,'广本欢乐谷店/2018年12月17日/进场/15450306202363c01.jpg',NULL,1,'2018-12-17 15:10:20',NULL,NULL,0,5,NULL,NULL,NULL,NULL,NULL,NULL,0,NULL),
(1630,'京J89613','2018-12-17 15:14:01',17,'广本欢乐谷店/2018年12月17日/进场/1545030839949ea63.jpg',NULL,1,'2018-12-17 15:14:00',NULL,NULL,0,5,NULL,NULL,NULL,NULL,NULL,NULL,0,NULL),
(1631,'京PK0N90','2018-12-17 15:19:42',17,'广本欢乐谷店/2018年12月17日/进场/15450311823290ab5.jpg',NULL,1,'2018-12-17 15:19:42',NULL,NULL,0,5,NULL,NULL,NULL,NULL,NULL,NULL,0,NULL),
(1632,'京HD2733','2018-12-17 15:23:18',17,'广本欢乐谷店/2018年12月17日/进场/1545031397923366c.jpg',NULL,1,'2018-12-17 15:23:18',NULL,NULL,0,5,NULL,NULL,NULL,NULL,NULL,NULL,0,NULL),
(1633,'WJ总0152J','2018-12-17 15:24:19',17,'广本欢乐谷店/2018年12月17日/进场/1545031458662fc7f.jpg',NULL,1,'2018-12-17 15:24:18',NULL,NULL,0,5,NULL,NULL,NULL,NULL,NULL,NULL,0,NULL),
(1634,'京BVF013','2018-12-17 15:36:29',17,'广本欢乐谷店/2018年12月17日/进场/15450321889648d1b.jpg',NULL,1,'2018-12-17 15:36:29',NULL,NULL,0,5,NULL,NULL,NULL,NULL,NULL,NULL,0,NULL),
(1635,'京N631L0','2018-12-17 15:36:52',17,'广本欢乐谷店/2018年12月17日/进场/1545032212306eb63.jpg',NULL,1,'2018-12-17 15:36:52',NULL,NULL,0,5,NULL,NULL,NULL,NULL,NULL,NULL,0,NULL),
(1636,'京NZC861','2018-12-17 15:41:09',17,'广本欢乐谷店/2018年12月17日/进场/15450324685262b59.jpg',NULL,1,'2018-12-17 15:41:09',NULL,NULL,0,5,NULL,NULL,NULL,NULL,NULL,NULL,0,NULL),
(1637,'京J95338','2018-12-17 15:48:45',17,'广本欢乐谷店/2018年12月17日/进场/1545032925334a9ab.jpg',NULL,1,'2018-12-17 15:48:45',NULL,NULL,0,5,NULL,NULL,NULL,NULL,NULL,NULL,0,NULL),
(1638,'京P298W5','2018-12-17 16:02:23',17,'广本欢乐谷店/2018年12月17日/进场/1545033742810261a.jpg',NULL,1,'2018-12-17 16:02:22',NULL,NULL,0,5,NULL,NULL,NULL,NULL,NULL,NULL,0,NULL),
(1639,'京N0ZM12','2018-12-17 16:06:15',17,'广本欢乐谷店/2018年12月17日/进场/15450339747406d4c.jpg',NULL,1,'2018-12-17 16:06:14',NULL,NULL,0,5,NULL,NULL,NULL,NULL,NULL,NULL,0,NULL),
(1640,'京QH6K68','2018-12-17 16:06:43',17,'广本欢乐谷店/2018年12月17日/进场/1545034003249b92d.jpg',NULL,1,'2018-12-17 16:06:43',NULL,NULL,0,5,NULL,NULL,NULL,NULL,NULL,NULL,0,NULL),
(1641,'京MAE033','2018-12-17 16:21:29',17,'广本欢乐谷店/2018年12月17日/进场/1545034888430cca0.jpg',NULL,1,'2018-12-17 16:21:28',NULL,NULL,0,5,NULL,NULL,NULL,NULL,NULL,NULL,0,NULL),
(1642,'冀B3J2B8','2018-12-17 16:29:02',17,'广本欢乐谷店/2018年12月17日/进场/1545035342201d9bc.jpg',NULL,1,'2018-12-17 16:29:02',NULL,NULL,0,5,NULL,NULL,NULL,NULL,NULL,NULL,0,NULL),
(1643,'苏C303N3','2018-12-17 16:50:18',17,'广本欢乐谷店/2018年12月17日/进场/1545036617697b703.jpg',NULL,1,'2018-12-17 16:50:17',NULL,NULL,0,5,NULL,NULL,NULL,NULL,NULL,NULL,0,NULL),
(1644,'京NT1855','2018-12-17 16:52:10',17,'广本欢乐谷店/2018年12月17日/进场/1545036729701298c.jpg',NULL,1,'2018-12-17 16:52:09',NULL,NULL,0,5,NULL,NULL,NULL,NULL,NULL,NULL,0,NULL),
(1645,'京A95311','2018-12-17 17:07:23',17,'广本欢乐谷店/2018年12月17日/进场/15450376426759648.jpg',NULL,1,'2018-12-17 17:07:22',NULL,NULL,0,5,NULL,NULL,NULL,NULL,NULL,NULL,0,NULL),
(1646,'冀E36T59','2018-12-17 17:47:05',17,'广本欢乐谷店/2018年12月17日/进场/1545040024636f24e.jpg',NULL,1,'2018-12-17 17:47:05',NULL,NULL,0,5,NULL,NULL,NULL,NULL,NULL,NULL,0,NULL),
(1647,'京FP2955','2018-12-17 17:48:44',17,'广本欢乐谷店/2018年12月17日/进场/154504012421018cb.jpg',NULL,1,'2018-12-17 17:48:44',NULL,NULL,0,5,NULL,NULL,NULL,NULL,NULL,NULL,0,NULL),
(1648,'津RTA500','2018-12-17 18:04:59',17,'广本欢乐谷店/2018年12月17日/进场/154504109883041df.jpg',NULL,1,'2018-12-17 18:04:58',NULL,NULL,0,5,NULL,NULL,NULL,NULL,NULL,NULL,0,NULL),
(1649,'津RTA500','2018-12-17 18:46:57',17,'广本欢乐谷店/2018年12月17日/进场/15450436167773f26.jpg',NULL,1,'2018-12-17 18:46:56',NULL,NULL,0,5,NULL,NULL,NULL,NULL,NULL,NULL,0,NULL),
(1650,'京N44M30','2018-12-17 18:56:45',17,'广本欢乐谷店/2018年12月17日/进场/154504420502977ab.jpg',NULL,1,'2018-12-17 18:56:45',NULL,NULL,0,5,NULL,NULL,NULL,NULL,NULL,NULL,0,NULL),
(1651,'京QZ2S85','2018-12-17 19:32:40',17,'广本欢乐谷店/2018年12月17日/进场/1545046359162400e.jpg',NULL,1,'2018-12-17 19:32:39',NULL,NULL,0,5,NULL,NULL,NULL,NULL,NULL,NULL,0,NULL),
(1652,'京P0P232','2018-12-18 07:43:33',17,'广本欢乐谷店/2018年12月18日/进场/15450902127046a55.jpg',NULL,1,'2018-12-18 07:43:32',NULL,NULL,0,5,NULL,NULL,NULL,NULL,NULL,NULL,0,NULL),
(1653,'京PS2006','2018-12-18 07:43:49',17,'广本欢乐谷店/2018年12月18日/进场/1545090228405a166.jpg',NULL,1,'2018-12-18 07:43:48',NULL,NULL,0,5,NULL,NULL,NULL,NULL,NULL,NULL,0,NULL),
(1654,'冀DY169U','2018-12-18 07:48:52',17,'广本欢乐谷店/2018年12月18日/进场/15450905317386a36.jpg',NULL,1,'2018-12-18 07:48:52',NULL,NULL,0,5,NULL,NULL,NULL,NULL,NULL,NULL,0,NULL),
(1655,'京MS2225','2018-12-18 07:51:34',17,'广本欢乐谷店/2018年12月18日/进场/1545090693946a366.jpg',NULL,1,'2018-12-18 07:51:34',NULL,NULL,0,5,NULL,NULL,NULL,NULL,NULL,NULL,0,NULL),
(1656,'京HS7806','2018-12-18 08:02:18',17,'广本欢乐谷店/2018年12月18日/进场/1545091337592b1c3.jpg',NULL,1,'2018-12-18 08:02:17',NULL,NULL,0,5,NULL,NULL,NULL,NULL,NULL,NULL,0,NULL),
(1657,'京N9FZ08','2018-12-18 08:21:12',17,'广本欢乐谷店/2018年12月18日/进场/1545092471738e592.jpg',NULL,1,'2018-12-18 08:21:11',NULL,NULL,0,5,NULL,NULL,NULL,NULL,NULL,NULL,0,NULL),
(1658,'京KFT081','2018-12-18 08:24:31',17,'广本欢乐谷店/2018年12月18日/进场/154509267079070f8.jpg',NULL,1,'2018-12-18 08:24:31',NULL,NULL,0,5,NULL,NULL,NULL,NULL,NULL,NULL,0,NULL),
(1659,'京Q7SR12','2018-12-18 08:31:36',17,'广本欢乐谷店/2018年12月18日/进场/1545093095709ef74.jpg',NULL,1,'2018-12-18 08:31:36',NULL,NULL,0,5,NULL,NULL,NULL,NULL,NULL,NULL,0,NULL),
(1660,'京K23112','2018-12-18 08:35:14',17,'广本欢乐谷店/2018年12月18日/进场/1545093313573be62.jpg',NULL,1,'2018-12-18 08:35:13',NULL,NULL,0,5,NULL,NULL,NULL,NULL,NULL,NULL,0,NULL),
(1661,'京Q10AF1','2018-12-18 08:39:29',17,'广本欢乐谷店/2018年12月18日/进场/15450935692439a8c.jpg',NULL,1,'2018-12-18 08:39:29',NULL,NULL,0,5,NULL,NULL,NULL,NULL,NULL,NULL,0,NULL),
(1662,'京PV7665','2018-12-18 08:41:36',17,'广本欢乐谷店/2018年12月18日/进场/15450936952774fa1.jpg',NULL,1,'2018-12-18 08:41:35',NULL,NULL,0,5,NULL,NULL,NULL,NULL,NULL,NULL,0,NULL),
(1663,'京Q38EN9','2018-12-18 08:42:49',17,'广本欢乐谷店/2018年12月18日/进场/15450937688936959.jpg',NULL,1,'2018-12-18 08:42:49',NULL,NULL,0,5,NULL,NULL,NULL,NULL,NULL,NULL,0,NULL),
(1664,'京P05K97','2018-12-18 08:45:21',17,'广本欢乐谷店/2018年12月18日/进场/1545093921064e601.jpg',NULL,1,'2018-12-18 08:45:21',NULL,NULL,0,5,NULL,NULL,NULL,NULL,NULL,NULL,0,NULL),
(1665,'京ADC932','2018-12-18 08:51:26',17,'广本欢乐谷店/2018年12月18日/进场/1545094285871909f.jpg',NULL,1,'2018-12-18 08:51:26',NULL,NULL,0,5,NULL,NULL,NULL,NULL,NULL,NULL,0,NULL),
(1666,'京Q22FC9','2018-12-18 08:59:29',17,'广本欢乐谷店/2018年12月18日/进场/15450947687958fb3.jpg',NULL,1,'2018-12-18 08:59:29',NULL,NULL,0,5,NULL,NULL,NULL,NULL,NULL,NULL,0,NULL),
(1667,'京N8WB80','2018-12-18 09:08:53',17,'广本欢乐谷店/2018年12月18日/进场/1545095333112789b.jpg',NULL,1,'2018-12-18 09:08:53',NULL,NULL,0,5,NULL,NULL,NULL,NULL,NULL,NULL,0,NULL),
(1668,'冀R9M0V2','2018-12-18 09:14:59',17,'广本欢乐谷店/2018年12月18日/进场/154509569883588c0.jpg',NULL,1,'2018-12-18 09:14:59',NULL,NULL,0,5,NULL,NULL,NULL,NULL,NULL,NULL,0,NULL),
(1669,'京CAH957','2018-12-18 09:23:18',17,'广本欢乐谷店/2018年12月18日/进场/15450961979854491.jpg',NULL,1,'2018-12-18 09:23:18',NULL,NULL,0,5,NULL,NULL,NULL,NULL,NULL,NULL,0,NULL),
(1670,'京Q5E529','2018-12-18 09:27:28',17,'广本欢乐谷店/2018年12月18日/进场/1545096447581e86d.jpg',NULL,1,'2018-12-18 09:27:27',NULL,NULL,0,5,NULL,NULL,NULL,NULL,NULL,NULL,0,NULL),
(1671,'京NM8549','2018-12-18 09:27:41',17,'广本欢乐谷店/2018年12月18日/进场/1545096460720965c.jpg',NULL,1,'2018-12-18 09:27:40',NULL,NULL,0,5,NULL,NULL,NULL,NULL,NULL,NULL,0,NULL),
(1672,'京N6QV55','2018-12-18 09:28:01',17,'广本欢乐谷店/2018年12月18日/进场/1545096481229b3d3.jpg',NULL,1,'2018-12-18 09:28:01',NULL,NULL,0,5,NULL,NULL,NULL,NULL,NULL,NULL,0,NULL),
(1673,'京P3BR72','2018-12-18 09:28:15',17,'广本欢乐谷店/2018年12月18日/进场/1545096494608c0e0.jpg',NULL,1,'2018-12-18 09:28:14',NULL,NULL,0,5,NULL,NULL,NULL,NULL,NULL,NULL,0,NULL),
(1674,'京NJ8159','2018-12-18 09:46:11',17,'广本欢乐谷店/2018年12月18日/进场/1545097570673f42f.jpg',NULL,1,'2018-12-18 09:46:10',NULL,NULL,0,5,NULL,NULL,NULL,NULL,NULL,NULL,0,NULL),
(1675,'京PK5R39','2018-12-18 09:56:51',17,'广本欢乐谷店/2018年12月18日/进场/154509821078899ac.jpg',NULL,1,'2018-12-18 09:56:51',NULL,NULL,0,5,NULL,NULL,NULL,NULL,NULL,NULL,0,NULL),
(1676,'京MEV982','2018-12-18 09:58:13',17,'广本欢乐谷店/2018年12月18日/进场/1545098292760e566.jpg',NULL,1,'2018-12-18 09:58:12',NULL,NULL,0,5,NULL,NULL,NULL,NULL,NULL,NULL,0,NULL),
(1677,'京P0P232','2018-12-18 10:18:12',17,'广本欢乐谷店/2018年12月18日/进场/1545099492125fc51.jpg',NULL,1,'2018-12-18 10:18:12',NULL,NULL,0,5,NULL,NULL,NULL,NULL,NULL,NULL,0,NULL),
(1678,'京Q6NK01','2018-12-18 10:35:15',17,'广本欢乐谷店/2018年12月18日/进场/15451005148332099.jpg',NULL,1,'2018-12-18 10:35:15',NULL,NULL,0,5,NULL,NULL,NULL,NULL,NULL,NULL,0,NULL),
(1679,'京NVF336','2018-12-18 10:38:54',17,'广本欢乐谷店/2018年12月18日/进场/1545100733784f29c.jpg',NULL,1,'2018-12-18 10:38:53',NULL,NULL,0,5,NULL,NULL,NULL,NULL,NULL,NULL,0,NULL),
(1680,'京ADK6108','2018-12-18 10:39:29',17,'广本欢乐谷店/2018年12月18日/进场/1545100769096b61b.jpg',NULL,1,'2018-12-18 10:39:29',NULL,NULL,0,5,NULL,NULL,NULL,NULL,NULL,NULL,0,NULL),
(1681,'京AG5504','2018-12-18 10:47:42',17,'广本欢乐谷店/2018年12月18日/进场/1545101261274baf0.jpg',NULL,1,'2018-12-18 10:47:41',NULL,NULL,0,5,NULL,NULL,NULL,NULL,NULL,NULL,0,NULL),
(1682,'京QD33U0','2018-12-18 10:59:08',17,'广本欢乐谷店/2018年12月18日/进场/15451019474614121.jpg',NULL,1,'2018-12-18 10:59:07',NULL,NULL,0,5,NULL,NULL,NULL,NULL,NULL,NULL,0,NULL),
(1683,'京N98U56','2018-12-18 11:00:11',17,'广本欢乐谷店/2018年12月18日/进场/15451020102781a33.jpg',NULL,1,'2018-12-18 11:00:10',NULL,NULL,0,5,NULL,NULL,NULL,NULL,NULL,NULL,0,NULL),
(1684,'京Q1AT19','2018-12-18 11:10:04',17,'广本欢乐谷店/2018年12月18日/进场/1545102603801265c.jpg',NULL,1,'2018-12-18 11:10:04',NULL,NULL,0,5,NULL,NULL,NULL,NULL,NULL,NULL,0,NULL),
(1685,'京P87F26','2018-12-18 11:25:31',17,'广本欢乐谷店/2018年12月18日/进场/15451035303925bb0.jpg',NULL,1,'2018-12-18 11:25:30',NULL,NULL,0,5,NULL,NULL,NULL,NULL,NULL,NULL,0,NULL),
(1686,'京HBZ352','2018-12-18 11:31:43',17,'广本欢乐谷店/2018年12月18日/进场/1545103902543e849.jpg',NULL,1,'2018-12-18 11:31:42',NULL,NULL,0,5,NULL,NULL,NULL,NULL,NULL,NULL,0,NULL),
(1687,'京N3E409','2018-12-18 11:50:17',17,'广本欢乐谷店/2018年12月18日/进场/1545105017188f276.jpg',NULL,1,'2018-12-18 11:50:17',NULL,NULL,0,5,NULL,NULL,NULL,NULL,NULL,NULL,0,NULL),
(1688,'冀EKL019','2018-12-18 11:56:57',17,'广本欢乐谷店/2018年12月18日/进场/1545105416457e1ad.jpg',NULL,1,'2018-12-18 11:56:56',NULL,NULL,0,5,NULL,NULL,NULL,NULL,NULL,NULL,0,NULL),
(1689,'京Q25910','2018-12-18 11:57:05',17,'广本欢乐谷店/2018年12月18日/进场/15451054248314b8d.jpg',NULL,1,'2018-12-18 11:57:04',NULL,NULL,0,5,NULL,NULL,NULL,NULL,NULL,NULL,0,NULL),
(1690,'京QU3J70','2018-12-18 12:03:28',17,'广本欢乐谷店/2018年12月18日/进场/15451058077004a41.jpg',NULL,1,'2018-12-18 12:03:27',NULL,NULL,0,5,NULL,NULL,NULL,NULL,NULL,NULL,0,NULL),
(1691,'京Q70H62','2018-12-18 12:11:11',17,'广本欢乐谷店/2018年12月18日/进场/15451062705259e27.jpg',NULL,1,'2018-12-18 12:11:10',NULL,NULL,0,5,NULL,NULL,NULL,NULL,NULL,NULL,0,NULL),
(1692,'京N563R7','2018-12-18 12:12:19',17,'广本欢乐谷店/2018年12月18日/进场/154510633865535f3.jpg',NULL,1,'2018-12-18 12:12:18',NULL,NULL,0,5,NULL,NULL,NULL,NULL,NULL,NULL,0,NULL),
(1693,'京NQG151','2018-12-18 12:20:19',17,'广本欢乐谷店/2018年12月18日/进场/1545106819044b1b5.jpg',NULL,1,'2018-12-18 12:20:19',NULL,NULL,0,5,NULL,NULL,NULL,NULL,NULL,NULL,0,NULL),
(1694,'京LEY670','2018-12-18 12:22:50',17,'广本欢乐谷店/2018年12月18日/进场/1545106969792bcde.jpg',NULL,1,'2018-12-18 12:22:50',NULL,NULL,0,5,NULL,NULL,NULL,NULL,NULL,NULL,0,NULL),
(1695,'京QD63P2','2018-12-18 12:24:33',17,'广本欢乐谷店/2018年12月18日/进场/15451070731230cf5.jpg',NULL,1,'2018-12-18 12:24:33',NULL,NULL,0,5,NULL,NULL,NULL,NULL,NULL,NULL,0,NULL),
(1696,'京BT9623','2018-12-18 12:37:16',17,'广本欢乐谷店/2018年12月18日/进场/15451078351153977.jpg',NULL,1,'2018-12-18 12:37:15',NULL,NULL,0,5,NULL,NULL,NULL,NULL,NULL,NULL,0,NULL),
(1697,'京PH7106','2018-12-18 12:56:47',17,'广本欢乐谷店/2018年12月18日/进场/15451090066663fdb.jpg',NULL,1,'2018-12-18 12:56:47',NULL,NULL,0,5,NULL,NULL,NULL,NULL,NULL,NULL,0,NULL),
(1698,'京NX7079','2018-12-18 13:00:28',17,'广本欢乐谷店/2018年12月18日/进场/15451092279155817.jpg',NULL,1,'2018-12-18 13:00:28',NULL,NULL,0,5,NULL,NULL,NULL,NULL,NULL,NULL,0,NULL),
(1699,'吉DK3637','2018-12-18 13:10:02',17,'广本欢乐谷店/2018年12月18日/进场/15451098021756dc7.jpg',NULL,1,'2018-12-18 13:10:02',NULL,NULL,0,5,NULL,NULL,NULL,NULL,NULL,NULL,0,NULL),
(1700,'京N21L34','2018-12-18 13:16:05',17,'广本欢乐谷店/2018年12月18日/进场/15451101646869034.jpg',NULL,1,'2018-12-18 13:16:05',NULL,NULL,0,5,NULL,NULL,NULL,NULL,NULL,NULL,0,NULL),
(1701,'晋B1550C','2018-12-18 13:28:17',17,'广本欢乐谷店/2018年12月18日/进场/1545110896644e6f6.jpg',NULL,1,'2018-12-18 13:28:16',NULL,NULL,0,5,NULL,NULL,NULL,NULL,NULL,NULL,0,NULL),
(1702,'京KFU005','2018-12-18 13:36:04',17,'广本欢乐谷店/2018年12月18日/进场/15451113632793254.jpg',NULL,1,'2018-12-18 13:36:03',NULL,NULL,0,5,NULL,NULL,NULL,NULL,NULL,NULL,0,NULL),
(1703,'京PQR775','2018-12-18 13:43:25',17,'广本欢乐谷店/2018年12月18日/进场/1545111804503d3d7.jpg',NULL,1,'2018-12-18 13:43:24',NULL,NULL,0,5,NULL,NULL,NULL,NULL,NULL,NULL,0,NULL),
(1704,'京NP2272','2018-12-18 13:44:35',17,'广本欢乐谷店/2018年12月18日/进场/15451118747795d47.jpg',NULL,1,'2018-12-18 13:44:34',NULL,NULL,0,5,NULL,NULL,NULL,NULL,NULL,NULL,0,NULL),
(1705,'京NE1062','2018-12-18 13:44:43',17,'广本欢乐谷店/2018年12月18日/进场/15451118828489e40.jpg',NULL,1,'2018-12-18 13:44:43',NULL,NULL,0,5,NULL,NULL,NULL,NULL,NULL,NULL,0,NULL),
(1706,'京M71000','2018-12-18 13:48:28',17,'广本欢乐谷店/2018年12月18日/进场/1545112107703e6df.jpg',NULL,1,'2018-12-18 13:48:27',NULL,NULL,0,5,NULL,NULL,NULL,NULL,NULL,NULL,0,NULL),
(1707,'京ND7486','2018-12-18 13:52:16',17,'广本欢乐谷店/2018年12月18日/进场/154511233589045e5.jpg',NULL,1,'2018-12-18 13:52:16',NULL,NULL,0,5,NULL,NULL,NULL,NULL,NULL,NULL,0,NULL),
(1708,'京QY11L7','2018-12-18 13:56:41',17,'广本欢乐谷店/2018年12月18日/进场/15451126006545eab.jpg',NULL,1,'2018-12-18 13:56:40',NULL,NULL,0,5,NULL,NULL,NULL,NULL,NULL,NULL,0,NULL),
(1709,'鲁D7510V','2018-12-18 13:56:57',17,'广本欢乐谷店/2018年12月18日/进场/1545112616221f883.jpg',NULL,1,'2018-12-18 13:56:56',NULL,NULL,0,5,NULL,NULL,NULL,NULL,NULL,NULL,0,NULL),
(1710,'京NBZ779','2018-12-18 13:57:04',17,'广本欢乐谷店/2018年12月18日/进场/1545112623553f88a.jpg',NULL,1,'2018-12-18 13:57:03',NULL,NULL,0,5,NULL,NULL,NULL,NULL,NULL,NULL,0,NULL),
(1711,'冀EKL019','2018-12-18 14:01:41',17,'广本欢乐谷店/2018年12月18日/进场/15451129006364a48.jpg',NULL,1,'2018-12-18 14:01:40',NULL,NULL,0,5,NULL,NULL,NULL,NULL,NULL,NULL,0,NULL),
(1712,'京ND12D0','2018-12-18 14:02:50',17,'广本欢乐谷店/2018年12月18日/进场/15451129696443d4e.jpg',NULL,1,'2018-12-18 14:02:49',NULL,NULL,0,5,NULL,NULL,NULL,NULL,NULL,NULL,0,NULL),
(1713,'京Q6B387','2018-12-18 14:08:01',17,'广本欢乐谷店/2018年12月18日/进场/154511328088196d7.jpg',NULL,1,'2018-12-18 14:08:00',NULL,NULL,0,5,NULL,NULL,NULL,NULL,NULL,NULL,0,NULL),
(1714,'冀F802ZA','2018-12-18 14:11:45',17,'广本欢乐谷店/2018年12月18日/进场/154511350447629a2.jpg',NULL,1,'2018-12-18 14:11:44',NULL,NULL,0,5,NULL,NULL,NULL,NULL,NULL,NULL,0,NULL),
(1715,'豫A067HL','2018-12-18 14:27:52',17,'广本欢乐谷店/2018年12月18日/进场/1545114471523457d.jpg',NULL,1,'2018-12-18 14:27:51',NULL,NULL,0,5,NULL,NULL,NULL,NULL,NULL,NULL,0,NULL),
(1716,'京KAA907','2018-12-18 14:34:33',17,'广本欢乐谷店/2018年12月18日/进场/1545114872472b485.jpg',NULL,1,'2018-12-18 14:34:32',NULL,NULL,0,5,NULL,NULL,NULL,NULL,NULL,NULL,0,NULL),
(1717,'京Q9FB72','2018-12-18 14:35:28',17,'广本欢乐谷店/2018年12月18日/进场/15451149279811379.jpg',NULL,1,'2018-12-18 14:35:28',NULL,NULL,0,5,NULL,NULL,NULL,NULL,NULL,NULL,0,NULL),
(1718,'京Q2G9X0','2018-12-18 14:37:49',17,'广本欢乐谷店/2018年12月18日/进场/154511506881681ac.jpg',NULL,1,'2018-12-18 14:37:49',NULL,NULL,0,5,NULL,NULL,NULL,NULL,NULL,NULL,0,NULL),
(1719,'京Q99QK1','2018-12-18 14:45:52',17,'广本欢乐谷店/2018年12月18日/进场/1545115551939793d.jpg',NULL,1,'2018-12-18 14:45:52',NULL,NULL,0,5,NULL,NULL,NULL,NULL,NULL,NULL,0,NULL),
(1720,'京HAG672','2018-12-18 14:54:35',17,'广本欢乐谷店/2018年12月18日/进场/1545116074036479a.jpg',NULL,1,'2018-12-18 14:54:34',NULL,NULL,0,5,NULL,NULL,NULL,NULL,NULL,NULL,0,NULL),
(1721,'京A59441','2018-12-18 14:55:35',17,'广本欢乐谷店/2018年12月18日/进场/154511613528698dc.jpg',NULL,1,'2018-12-18 14:55:35',NULL,NULL,0,5,NULL,NULL,NULL,NULL,NULL,NULL,0,NULL),
(1722,'冀F0905J','2018-12-18 15:00:38',17,'广本欢乐谷店/2018年12月18日/进场/1545116437544d2a9.jpg',NULL,1,'2018-12-18 15:00:38',NULL,NULL,0,5,NULL,NULL,NULL,NULL,NULL,NULL,0,NULL),
(1723,'京QU83F7','2018-12-18 15:00:49',17,'广本欢乐谷店/2018年12月18日/进场/1545116449336bd92.jpg',NULL,1,'2018-12-18 15:00:49',NULL,NULL,0,5,NULL,NULL,NULL,NULL,NULL,NULL,0,NULL),
(1724,'京AD10709','2018-12-18 15:01:22',17,'广本欢乐谷店/2018年12月18日/进场/15451164821280b4a.jpg',NULL,1,'2018-12-18 15:01:22',NULL,NULL,0,5,NULL,NULL,NULL,NULL,NULL,NULL,0,NULL),
(1725,'京EBW567','2018-12-18 15:05:28',17,'广本欢乐谷店/2018年12月18日/进场/1545116727895615e.jpg',NULL,1,'2018-12-18 15:05:28',NULL,NULL,0,5,NULL,NULL,NULL,NULL,NULL,NULL,0,NULL),
(1726,'津RTA500','2018-12-18 15:07:09',17,'广本欢乐谷店/2018年12月18日/进场/1545116829154ea22.jpg',NULL,1,'2018-12-18 15:07:09',NULL,NULL,0,5,NULL,NULL,NULL,NULL,NULL,NULL,0,NULL),
(1727,'豫CRY113','2018-12-18 15:12:29',17,'广本欢乐谷店/2018年12月18日/进场/1545117148489caef.jpg',NULL,1,'2018-12-18 15:12:28',NULL,NULL,0,5,NULL,NULL,NULL,NULL,NULL,NULL,0,NULL),
(1728,'京Q46WJ9','2018-12-18 15:13:46',17,'广本欢乐谷店/2018年12月18日/进场/154511722591929ea.jpg',NULL,1,'2018-12-18 15:13:46',NULL,NULL,0,5,NULL,NULL,NULL,NULL,NULL,NULL,0,NULL),
(1729,'京N0K095','2018-12-18 15:14:58',17,'广本欢乐谷店/2018年12月18日/进场/1545117297312795b.jpg',NULL,1,'2018-12-18 15:14:57',NULL,NULL,0,5,NULL,NULL,NULL,NULL,NULL,NULL,0,NULL),
(1730,'京NVJ960','2018-12-18 15:19:49',17,'广本欢乐谷店/2018年12月18日/进场/15451175890409ed8.jpg',NULL,1,'2018-12-18 15:19:49',NULL,NULL,0,5,NULL,NULL,NULL,NULL,NULL,NULL,0,NULL),
(1731,'京NXG195','2018-12-18 15:32:08',17,'广本欢乐谷店/2018年12月18日/进场/1545118327824d51b.jpg',NULL,1,'2018-12-18 15:32:07',NULL,NULL,0,5,NULL,NULL,NULL,NULL,NULL,NULL,0,NULL),
(1732,'京N8F338','2018-12-18 15:33:41',17,'广本欢乐谷店/2018年12月18日/进场/15451184212472efc.jpg',NULL,1,'2018-12-18 15:33:41',NULL,NULL,0,5,NULL,NULL,NULL,NULL,NULL,NULL,0,NULL),
(1733,'京NV0510','2018-12-18 15:35:26',17,'广本欢乐谷店/2018年12月18日/进场/1545118526012bc3f.jpg',NULL,1,'2018-12-18 15:35:26',NULL,NULL,0,5,NULL,NULL,NULL,NULL,NULL,NULL,0,NULL),
(1734,'京LBN275','2018-12-18 15:37:05',17,'广本欢乐谷店/2018年12月18日/进场/1545118625160b987.jpg',NULL,1,'2018-12-18 15:37:05',NULL,NULL,0,5,NULL,NULL,NULL,NULL,NULL,NULL,0,NULL),
(1735,'京Q5FD88','2018-12-18 15:46:01',17,'广本欢乐谷店/2018年12月18日/进场/15451191609493c2d.jpg',NULL,1,'2018-12-18 15:46:01',NULL,NULL,0,5,NULL,NULL,NULL,NULL,NULL,NULL,0,NULL),
(1736,'陕A2L2Z2','2018-12-18 15:49:49',17,'广本欢乐谷店/2018年12月18日/进场/1545119389243ff60.jpg',NULL,1,'2018-12-18 15:49:49',NULL,NULL,0,5,NULL,NULL,NULL,NULL,NULL,NULL,0,NULL),
(1737,'京Q9S9F9','2018-12-18 15:52:44',17,'广本欢乐谷店/2018年12月18日/进场/15451195637705f27.jpg',NULL,1,'2018-12-18 15:52:43',NULL,NULL,0,5,NULL,NULL,NULL,NULL,NULL,NULL,0,NULL),
(1738,'京PA6611','2018-12-18 16:01:49',17,'广本欢乐谷店/2018年12月18日/进场/154512010937387ad.jpg',NULL,1,'2018-12-18 16:01:49',NULL,NULL,0,5,NULL,NULL,NULL,NULL,NULL,NULL,0,NULL),
(1739,'京QA50A7','2018-12-18 16:08:13',17,'广本欢乐谷店/2018年12月18日/进场/15451204928419fe9.jpg',NULL,1,'2018-12-18 16:08:12',NULL,NULL,0,5,NULL,NULL,NULL,NULL,NULL,NULL,0,NULL),
(1740,'京Q36200','2018-12-18 16:18:09',17,'广本欢乐谷店/2018年12月18日/进场/154512108841539d9.jpg',NULL,1,'2018-12-18 16:18:08',NULL,NULL,0,5,NULL,NULL,NULL,NULL,NULL,NULL,0,NULL),
(1741,'京Q2KQ57','2018-12-18 16:30:42',17,'广本欢乐谷店/2018年12月18日/进场/1545121841721001c.jpg',NULL,1,'2018-12-18 16:30:41',NULL,NULL,0,5,NULL,NULL,NULL,NULL,NULL,NULL,0,NULL),
(1742,'京AD24898','2018-12-18 16:36:38',17,'广本欢乐谷店/2018年12月18日/进场/1545122197549188d.jpg',NULL,1,'2018-12-18 16:36:38',NULL,NULL,0,5,NULL,NULL,NULL,NULL,NULL,NULL,0,NULL),
(1743,'冀GU2885','2018-12-18 16:57:06',17,'广本欢乐谷店/2018年12月18日/进场/154512342557961e0.jpg',NULL,1,'2018-12-18 16:57:05',NULL,NULL,0,5,NULL,NULL,NULL,NULL,NULL,NULL,0,NULL),
(1744,'京BN6798','2018-12-18 19:05:17',17,'广本欢乐谷店/2018年12月18日/进场/1545131116271639e.jpg',NULL,1,'2018-12-18 19:05:16',NULL,NULL,0,5,NULL,NULL,NULL,NULL,NULL,NULL,0,NULL),
(1745,'京Q3TH27','2018-12-18 20:42:30',17,'广本欢乐谷店/2018年12月18日/进场/15451369490319c66.jpg',NULL,1,'2018-12-18 20:42:29',NULL,NULL,0,5,NULL,NULL,NULL,NULL,NULL,NULL,0,NULL),
(1746,'京LEY582','2018-12-19 07:28:57',17,'广本欢乐谷店/2018年12月19日/进场/1545175736530766e.jpg',NULL,1,'2018-12-19 07:28:57',NULL,NULL,0,5,NULL,NULL,NULL,NULL,NULL,NULL,0,NULL),
(1747,'京PVK895','2018-12-19 07:49:03',17,'广本欢乐谷店/2018年12月19日/进场/154517694282351e4.jpg',NULL,1,'2018-12-19 07:49:02',NULL,NULL,0,5,NULL,NULL,NULL,NULL,NULL,NULL,0,NULL),
(1748,'京PTC295','2018-12-19 07:52:44',17,'广本欢乐谷店/2018年12月19日/进场/1545177163830e9b7.jpg',NULL,1,'2018-12-19 07:52:44',NULL,NULL,0,5,NULL,NULL,NULL,NULL,NULL,NULL,0,NULL),
(1749,'京LU6372','2018-12-19 07:53:19',17,'广本欢乐谷店/2018年12月19日/进场/1545177198619ee3e.jpg',NULL,1,'2018-12-19 07:53:18',NULL,NULL,0,5,NULL,NULL,NULL,NULL,NULL,NULL,0,NULL),
(1750,'晋BUP630','2018-12-19 07:59:20',17,'广本欢乐谷店/2018年12月19日/进场/1545177559966c7a9.jpg',NULL,1,'2018-12-19 07:59:20',NULL,NULL,0,5,NULL,NULL,NULL,NULL,NULL,NULL,0,NULL),
(1751,'豫NXV602','2018-12-19 08:03:29',17,'广本欢乐谷店/2018年12月19日/进场/15451778083946be7.jpg',NULL,1,'2018-12-19 08:03:28',NULL,NULL,0,5,NULL,NULL,NULL,NULL,NULL,NULL,0,NULL),
(1752,'鲁D7510V','2018-12-19 08:17:52',17,'广本欢乐谷店/2018年12月19日/进场/15451786717474c44.jpg',NULL,1,'2018-12-19 08:17:52',NULL,NULL,0,5,NULL,NULL,NULL,NULL,NULL,NULL,0,NULL),
(1753,'京N258M3','2018-12-19 08:24:35',17,'广本欢乐谷店/2018年12月19日/进场/1545179074759c222.jpg',NULL,1,'2018-12-19 08:24:34',NULL,NULL,0,5,NULL,NULL,NULL,NULL,NULL,NULL,0,NULL),
(1754,'京N9U748','2018-12-19 08:27:42',17,'广本欢乐谷店/2018年12月19日/进场/15451792614269303.jpg',NULL,1,'2018-12-19 08:27:41',NULL,NULL,0,5,NULL,NULL,NULL,NULL,NULL,NULL,0,NULL),
(1755,'京KAV932','2018-12-19 08:35:49',17,'广本欢乐谷店/2018年12月19日/进场/1545179748584f7b7.jpg',NULL,1,'2018-12-19 08:35:49',NULL,NULL,0,5,NULL,NULL,NULL,NULL,NULL,NULL,0,NULL),
(1756,'京Q38EN9','2018-12-19 08:37:25',17,'广本欢乐谷店/2018年12月19日/进场/15451798443385d63.jpg',NULL,1,'2018-12-19 08:37:24',NULL,NULL,0,5,NULL,NULL,NULL,NULL,NULL,NULL,0,NULL),
(1757,'京Q60QF0','2018-12-19 08:39:05',17,'广本欢乐谷店/2018年12月19日/进场/1545179944881445b.jpg',NULL,1,'2018-12-19 08:39:05',NULL,NULL,0,5,NULL,NULL,NULL,NULL,NULL,NULL,0,NULL),
(1758,'京MFT007','2018-12-19 08:54:02',17,'广本欢乐谷店/2018年12月19日/进场/1545180842033be4b.jpg',NULL,1,'2018-12-19 08:54:02',NULL,NULL,0,5,NULL,NULL,NULL,NULL,NULL,NULL,0,NULL),
(1759,'京QH6S95','2018-12-19 08:58:45',17,'广本欢乐谷店/2018年12月19日/进场/1545181124701e4e3.jpg',NULL,1,'2018-12-19 08:58:44',NULL,NULL,0,5,NULL,NULL,NULL,NULL,NULL,NULL,0,NULL),
(1760,'京Q05R61','2018-12-19 09:06:04',17,'广本欢乐谷店/2018年12月19日/进场/15451815637549039.jpg',NULL,1,'2018-12-19 09:06:04',NULL,NULL,0,5,NULL,NULL,NULL,NULL,NULL,NULL,0,NULL),
(1761,'京Q59GF2','2018-12-19 09:09:17',17,'广本欢乐谷店/2018年12月19日/进场/1545181756794f475.jpg',NULL,1,'2018-12-19 09:09:16',NULL,NULL,0,5,NULL,NULL,NULL,NULL,NULL,NULL,0,NULL),
(1762,'京N85W87','2018-12-19 09:09:27',17,'广本欢乐谷店/2018年12月19日/进场/1545181766856149e.jpg',NULL,1,'2018-12-19 09:09:27',NULL,NULL,0,5,NULL,NULL,NULL,NULL,NULL,NULL,0,NULL),
(1763,'京P1F160','2018-12-19 09:13:48',17,'广本欢乐谷店/2018年12月19日/进场/154518202833149f0.jpg',NULL,1,'2018-12-19 09:13:48',NULL,NULL,0,5,NULL,NULL,NULL,NULL,NULL,NULL,0,NULL),
(1764,'京N936B2','2018-12-19 09:14:56',17,'广本欢乐谷店/2018年12月19日/进场/1545182095625aecc.jpg',1,1,'2018-12-19 09:14:55',32,'2018-12-21 11:13:45',0,5,'2018-12-21 11:13:45',1,32,'',32,'2018-12-21 11:06:44',4,''),
(1765,'京QFZ853','2018-12-19 09:15:36',17,'广本欢乐谷店/2018年12月19日/进场/15451821357856570.jpg',NULL,1,'2018-12-19 09:15:35',NULL,NULL,0,5,NULL,NULL,NULL,NULL,NULL,NULL,0,NULL),
(1766,'京EFF013','2018-12-19 09:16:10',17,'广本欢乐谷店/2018年12月19日/进场/1545182169329aeef.jpg',NULL,1,'2018-12-19 09:16:09',NULL,NULL,0,5,NULL,NULL,NULL,NULL,NULL,NULL,0,NULL),
(1767,'京Y35613','2018-12-19 09:23:32',17,'广本欢乐谷店/2018年12月19日/进场/1545182611708f80e.jpg',NULL,1,'2018-12-19 09:23:31',NULL,NULL,0,5,NULL,NULL,NULL,NULL,NULL,NULL,0,NULL),
(1768,'京N6QV55','2018-12-19 09:34:03',17,'广本欢乐谷店/2018年12月19日/进场/15451832428708021.jpg',NULL,1,'2018-12-19 09:34:02',NULL,NULL,0,5,NULL,NULL,NULL,NULL,NULL,NULL,0,NULL),
(1769,'京Q2S0X7','2018-12-19 09:37:18',17,'广本欢乐谷店/2018年12月19日/进场/1545183438002bf10.jpg',NULL,1,'2018-12-19 09:37:18',NULL,NULL,0,5,NULL,NULL,NULL,NULL,NULL,NULL,0,NULL),
(1770,'京LAA011','2018-12-19 09:38:58',17,'广本欢乐谷店/2018年12月19日/进场/15451835377882af8.jpg',NULL,1,'2018-12-19 09:38:57',NULL,NULL,0,5,NULL,NULL,NULL,NULL,NULL,NULL,0,NULL),
(1771,'京LAB192','2018-12-19 09:39:40',17,'广本欢乐谷店/2018年12月19日/进场/15451835797444982.jpg',NULL,1,'2018-12-19 09:39:39',NULL,NULL,0,5,NULL,NULL,NULL,NULL,NULL,NULL,0,NULL),
(1772,'京LK2673','2018-12-19 09:39:48',17,'广本欢乐谷店/2018年12月19日/进场/1545183587763283e.jpg',NULL,1,'2018-12-19 09:39:47',NULL,NULL,0,5,NULL,NULL,NULL,NULL,NULL,NULL,0,NULL),
(1773,'京QY02G2','2018-12-19 09:42:10',17,'广本欢乐谷店/2018年12月19日/进场/154518373024559b6.jpg',NULL,1,'2018-12-19 09:42:10',NULL,NULL,0,5,NULL,NULL,NULL,NULL,NULL,NULL,0,NULL),
(1774,'京JE2402','2018-12-19 09:44:56',17,'广本欢乐谷店/2018年12月19日/进场/1545183896072e136.jpg',NULL,1,'2018-12-19 09:44:56',NULL,NULL,0,5,NULL,NULL,NULL,NULL,NULL,NULL,0,NULL),
(1775,'京EM5528','2018-12-19 09:58:13',17,'广本欢乐谷店/2018年12月19日/进场/15451846929503017.jpg',NULL,1,'2018-12-19 09:58:13',NULL,NULL,0,5,NULL,NULL,NULL,NULL,NULL,NULL,0,NULL),
(1776,'京Y12193','2018-12-19 09:58:29',17,'广本欢乐谷店/2018年12月19日/进场/15451847093567bc1.jpg',NULL,1,'2018-12-19 09:58:29',NULL,NULL,0,5,NULL,NULL,NULL,NULL,NULL,NULL,0,NULL),
(1777,'京NR1791','2018-12-19 09:58:52',17,'广本欢乐谷店/2018年12月19日/进场/154518473209096d7.jpg',NULL,1,'2018-12-19 09:58:52',NULL,NULL,0,5,NULL,NULL,NULL,NULL,NULL,NULL,0,NULL),
(1778,'京P8XY90','2018-12-19 10:12:43',17,'广本欢乐谷店/2018年12月19日/进场/1545185562247472e.jpg',NULL,1,'2018-12-19 10:12:42',NULL,NULL,0,5,NULL,NULL,NULL,NULL,NULL,NULL,0,NULL),
(1779,'京PS6726','2018-12-19 10:15:23',17,'广本欢乐谷店/2018年12月19日/进场/1545185722581d3ed.jpg',NULL,1,'2018-12-19 10:15:22',NULL,NULL,0,5,NULL,NULL,NULL,NULL,NULL,NULL,0,NULL),
(1780,'京NCW120','2018-12-19 10:15:38',17,'广本欢乐谷店/2018年12月19日/进场/15451857376375d9c.jpg',NULL,1,'2018-12-19 10:15:38',NULL,NULL,0,5,NULL,NULL,NULL,NULL,NULL,NULL,0,NULL),
(1781,'京Q9QF16','2018-12-19 10:46:42',17,'广本欢乐谷店/2018年12月19日/进场/1545187601647e84c.jpg',NULL,1,'2018-12-19 10:46:42',NULL,NULL,0,5,NULL,NULL,NULL,NULL,NULL,NULL,0,NULL),
(1782,'京PMA703','2018-12-19 10:52:05',17,'广本欢乐谷店/2018年12月19日/进场/15451879250916742.jpg',NULL,1,'2018-12-19 10:52:05',NULL,NULL,0,5,NULL,NULL,NULL,NULL,NULL,NULL,0,NULL),
(1783,'京QNS153','2018-12-19 10:53:00',17,'广本欢乐谷店/2018年12月19日/进场/1545187979563563b.jpg',NULL,1,'2018-12-19 10:52:59',NULL,NULL,0,5,NULL,NULL,NULL,NULL,NULL,NULL,0,NULL),
(1784,'京P3BR72','2018-12-19 10:55:43',17,'广本欢乐谷店/2018年12月19日/进场/15451881426375b15.jpg',NULL,1,'2018-12-19 10:55:42',NULL,NULL,0,5,NULL,NULL,NULL,NULL,NULL,NULL,0,NULL),
(1785,'冀B111GW','2018-12-19 10:56:04',17,'广本欢乐谷店/2018年12月19日/进场/1545188162834057b.jpg',NULL,1,'2018-12-19 10:56:03',NULL,NULL,0,5,NULL,NULL,NULL,NULL,NULL,NULL,0,NULL),
(1786,'京PE8Q73','2018-12-19 10:57:48',17,'广本欢乐谷店/2018年12月19日/进场/1545188267920bb49.jpg',NULL,1,'2018-12-19 10:57:48',NULL,NULL,0,5,NULL,NULL,NULL,NULL,NULL,NULL,0,NULL),
(1787,'京P377N8','2018-12-19 10:57:54',17,'广本欢乐谷店/2018年12月19日/进场/15451882739634ab6.jpg',NULL,1,'2018-12-19 10:57:54',NULL,NULL,0,5,NULL,NULL,NULL,NULL,NULL,NULL,0,NULL),
(1788,'京KEH227','2018-12-19 10:58:07',17,'广本欢乐谷店/2018年12月19日/进场/154518828689536dc.jpg',NULL,1,'2018-12-19 10:58:07',NULL,NULL,0,5,NULL,NULL,NULL,NULL,NULL,NULL,0,NULL),
(1789,'京Q2D851','2018-12-19 10:58:46',17,'广本欢乐谷店/2018年12月19日/进场/1545188325883bb13.jpg',NULL,1,'2018-12-19 10:58:45',NULL,NULL,0,5,NULL,NULL,NULL,NULL,NULL,NULL,0,NULL),
(1790,'京FG9057','2018-12-19 11:11:04',17,'广本欢乐谷店/2018年12月19日/进场/1545189063270a33d.jpg',NULL,1,'2018-12-19 11:11:03',NULL,NULL,0,5,NULL,NULL,NULL,NULL,NULL,NULL,0,NULL),
(1791,'京Q28CQ5','2018-12-19 11:11:24',17,'广本欢乐谷店/2018年12月19日/进场/15451890836697bd4.jpg',NULL,1,'2018-12-19 11:11:23',NULL,NULL,0,5,NULL,NULL,NULL,NULL,NULL,NULL,0,NULL),
(1792,'冀GZH715','2018-12-19 11:14:21',17,'广本欢乐谷店/2018年12月19日/进场/15451892602025797.jpg',NULL,1,'2018-12-19 11:14:20',NULL,NULL,0,5,NULL,NULL,NULL,NULL,NULL,NULL,0,NULL),
(1793,'京QS71T3','2018-12-19 11:19:58',17,'广本欢乐谷店/2018年12月19日/进场/1545189597542d376.jpg',NULL,1,'2018-12-19 11:19:57',NULL,NULL,0,5,NULL,NULL,NULL,NULL,NULL,NULL,0,NULL),
(1794,'京K24388','2018-12-19 11:38:32',17,'广本欢乐谷店/2018年12月19日/进场/154519071184707b6.jpg',NULL,1,'2018-12-19 11:38:31',NULL,NULL,0,5,NULL,NULL,NULL,NULL,NULL,NULL,0,NULL),
(1795,'京MFS363','2018-12-19 11:39:32',17,'广本欢乐谷店/2018年12月19日/进场/154519077165187fa.jpg',NULL,1,'2018-12-19 11:39:32',NULL,NULL,0,5,NULL,NULL,NULL,NULL,NULL,NULL,0,NULL),
(1796,'京HP5618','2018-12-19 11:41:46',17,'广本欢乐谷店/2018年12月19日/进场/15451909060740b9d.jpg',NULL,1,'2018-12-19 11:41:46',NULL,NULL,0,5,NULL,NULL,NULL,NULL,NULL,NULL,0,NULL),
(1797,'京PA7031','2018-12-19 11:41:57',17,'广本欢乐谷店/2018年12月19日/进场/1545190916896935d.jpg',NULL,1,'2018-12-19 11:41:57',NULL,NULL,0,5,NULL,NULL,NULL,NULL,NULL,NULL,0,NULL),
(1798,'京NY00Q6','2018-12-19 11:47:28',17,'广本欢乐谷店/2018年12月19日/进场/154519124837000ef.jpg',NULL,1,'2018-12-19 11:47:28',NULL,NULL,0,5,NULL,NULL,NULL,NULL,NULL,NULL,0,NULL),
(1799,'京LT0796','2018-12-19 12:14:00',17,'广本欢乐谷店/2018年12月19日/进场/1545192839662775d.jpg',NULL,1,'2018-12-19 12:13:59',NULL,NULL,0,5,NULL,NULL,NULL,NULL,NULL,NULL,0,NULL),
(1800,'冀R3M6M0','2018-12-19 12:14:03',17,'广本欢乐谷店/2018年12月19日/进场/15451928427762f61.jpg',NULL,1,'2018-12-19 12:14:03',NULL,NULL,0,5,NULL,NULL,NULL,NULL,NULL,NULL,0,NULL),
(1801,'京N62470','2018-12-19 12:14:59',17,'广本欢乐谷店/2018年12月19日/进场/15451928987524356.jpg',NULL,1,'2018-12-19 12:14:58',NULL,NULL,0,5,NULL,NULL,NULL,NULL,NULL,NULL,0,NULL),
(1802,'京MQ2100','2018-12-19 12:17:11',17,'广本欢乐谷店/2018年12月19日/进场/154519303064512ea.jpg',NULL,1,'2018-12-19 12:17:11',NULL,NULL,0,5,NULL,NULL,NULL,NULL,NULL,NULL,0,NULL),
(1803,'京Q85SM0','2018-12-19 12:22:02',17,'广本欢乐谷店/2018年12月19日/进场/1545193321647bfff.jpg',NULL,1,'2018-12-19 12:22:01',NULL,NULL,0,5,NULL,NULL,NULL,NULL,NULL,NULL,0,NULL),
(1804,'京EF8965','2018-12-19 12:30:27',17,'英华雷克萨斯/2018年12月19日/进场/1545193826610c77f.jpg',NULL,1,'2018-12-19 12:30:27',NULL,NULL,0,5,NULL,NULL,NULL,NULL,NULL,NULL,0,NULL),
(1805,'京HR7647','2018-12-19 14:24:51',20,'英华雷克萨斯/2018年12月19日/进场/1545200690375d13e.jpg',NULL,1,'2018-12-19 14:24:50',NULL,NULL,0,5,NULL,NULL,NULL,NULL,NULL,NULL,0,NULL),
(1806,'京NFH056','2018-12-19 14:39:01',20,'英华雷克萨斯/2018年12月19日/进场/15452015409510e5c.jpg',NULL,1,'2018-12-19 14:39:01',NULL,'2018-12-20 08:37:51',0,5,NULL,NULL,NULL,NULL,NULL,NULL,4,NULL),
(1807,'京QH2H95','2018-12-19 14:40:03',19,'英华雷克萨斯/2018年12月19日/进场/154520160315289fd.jpg',NULL,1,'2018-12-19 14:40:03',NULL,NULL,0,5,NULL,NULL,NULL,NULL,NULL,NULL,0,NULL),
(1808,'京N77KK6','2018-12-19 14:40:50',19,'英华雷克萨斯/2018年12月19日/进场/15452016497596622.jpg',NULL,1,'2018-12-19 14:40:49',NULL,NULL,0,5,NULL,NULL,NULL,NULL,NULL,NULL,0,NULL),
(1809,'京L33221','2018-12-19 14:43:12',19,'英华雷克萨斯/2018年12月19日/进场/15452017916537325.jpg',NULL,1,'2018-12-19 14:43:11',NULL,NULL,0,5,NULL,NULL,NULL,NULL,NULL,NULL,0,NULL),
(1810,'冀C58C85','2018-12-19 14:46:08',19,'英华雷克萨斯/2018年12月19日/进场/1545201967861b1be.jpg',NULL,1,'2018-12-19 14:46:07',NULL,NULL,0,5,NULL,NULL,NULL,NULL,NULL,NULL,0,NULL),
(1811,'京GPS686','2018-12-19 14:47:59',20,'英华雷克萨斯/2018年12月19日/进场/15452020788594cd6.jpg',NULL,1,'2018-12-19 14:47:59',NULL,NULL,0,5,NULL,NULL,NULL,NULL,NULL,NULL,0,NULL),
(1812,'京NF9728','2018-12-19 14:48:15',20,'英华雷克萨斯/2018年12月19日/进场/15452020940287578.jpg',NULL,1,'2018-12-19 14:48:14',NULL,'2018-12-20 10:08:15',0,5,NULL,NULL,NULL,NULL,NULL,NULL,4,NULL),
(1813,'京NFH056','2018-12-19 14:48:54',20,'英华雷克萨斯/2018年12月19日/进场/1545202134348f3b8.jpg',NULL,1,'2018-12-19 14:48:54',NULL,'2018-12-20 08:37:51',0,5,NULL,NULL,NULL,NULL,NULL,NULL,4,NULL),
(1814,'闽WFH056','2018-12-19 14:50:23',20,'英华雷克萨斯/2018年12月19日/进场/1545202222792588b.jpg',NULL,1,'2018-12-19 14:50:22',NULL,NULL,0,5,NULL,NULL,NULL,NULL,NULL,NULL,0,NULL),
(1815,'京NJ5Z60','2018-12-19 14:51:18',19,'英华雷克萨斯/2018年12月19日/进场/1545202277319311e.jpg',NULL,1,'2018-12-19 14:51:17',NULL,'2018-12-20 13:12:38',0,5,NULL,NULL,NULL,NULL,NULL,NULL,4,NULL),
(1816,'京FBK179','2018-12-19 15:04:12',20,'英华雷克萨斯/2018年12月19日/进场/1545203052196ce82.jpg',NULL,1,'2018-12-19 15:04:12',NULL,'2018-12-21 10:31:29',0,5,NULL,NULL,NULL,NULL,NULL,NULL,4,NULL),
(1817,'京L33221','2018-12-19 15:04:59',19,'英华雷克萨斯/2018年12月19日/进场/15452030986737659.jpg',NULL,1,'2018-12-19 15:04:58',NULL,NULL,0,5,NULL,NULL,NULL,NULL,NULL,NULL,0,NULL),
(1818,'京Q35HX5','2018-12-19 15:09:10',19,'英华雷克萨斯/2018年12月19日/进场/15452033495302a00.jpg',NULL,1,'2018-12-19 15:09:10',NULL,NULL,0,5,NULL,NULL,NULL,NULL,NULL,NULL,0,NULL),
(1819,'冀FVS917','2018-12-19 15:12:21',20,'英华雷克萨斯/2018年12月19日/进场/1545203540833b037.jpg',NULL,1,'2018-12-19 15:12:21',NULL,NULL,0,5,NULL,NULL,NULL,NULL,NULL,NULL,0,NULL),
(1820,'京NYM486','2018-12-19 15:13:16',19,'英华雷克萨斯/2018年12月19日/进场/1545203595798dab0.jpg',NULL,1,'2018-12-19 15:13:16',NULL,NULL,0,5,NULL,NULL,NULL,NULL,NULL,NULL,0,NULL),
(1821,'京PF9T78','2018-12-19 15:16:14',20,'英华雷克萨斯/2018年12月19日/进场/1545203773768fed3.jpg',NULL,1,'2018-12-19 15:16:14',NULL,'2018-12-20 12:55:12',0,5,NULL,NULL,NULL,NULL,NULL,NULL,4,NULL),
(1822,'京PF9178','2018-12-19 15:17:39',20,'英华雷克萨斯/2018年12月19日/进场/1545203858740e6d9.jpg',NULL,1,'2018-12-19 15:17:38',NULL,NULL,0,5,NULL,NULL,NULL,NULL,NULL,NULL,0,NULL),
(1823,'京LN7098','2018-12-19 15:19:21',20,'英华雷克萨斯/2018年12月19日/进场/15452039607367054.jpg',NULL,1,'2018-12-19 15:19:20',NULL,NULL,0,5,NULL,NULL,NULL,NULL,NULL,NULL,0,NULL),
(1824,'京NF9728','2018-12-19 15:25:20',19,'英华雷克萨斯/2018年12月19日/进场/1545204319451e0ee.jpg',NULL,1,'2018-12-19 15:25:19',NULL,'2018-12-20 10:08:15',0,5,NULL,NULL,NULL,NULL,NULL,NULL,4,NULL),
(1825,'京Q35HX5','2018-12-19 15:27:07',19,'英华雷克萨斯/2018年12月19日/进场/1545204426477b3bf.jpg',NULL,1,'2018-12-19 15:27:06',NULL,NULL,0,5,NULL,NULL,NULL,NULL,NULL,NULL,0,NULL),
(1826,'京QH2H95','2018-12-19 15:32:06',20,'英华雷克萨斯/2018年12月19日/进场/1545204725420aef1.jpg',NULL,1,'2018-12-19 15:32:05',NULL,NULL,0,5,NULL,NULL,NULL,NULL,NULL,NULL,0,NULL),
(1827,'京NFH056','2018-12-19 15:35:54',19,'英华雷克萨斯/2018年12月19日/进场/1545204953630da63.jpg',NULL,1,'2018-12-19 15:35:54',NULL,'2018-12-20 08:37:51',0,5,NULL,NULL,NULL,NULL,NULL,NULL,4,NULL),
(1828,'京A89778','2018-12-19 15:40:12',19,'英华雷克萨斯/2018年12月19日/进场/15452052117594812.jpg',NULL,1,'2018-12-19 15:40:12',NULL,NULL,0,5,NULL,NULL,NULL,NULL,NULL,NULL,0,NULL),
(1829,'京GK9998','2018-12-19 15:43:07',19,'英华雷克萨斯/2018年12月19日/进场/15452053869120cf3.jpg',NULL,1,'2018-12-19 15:43:07',NULL,'2018-12-20 11:13:54',0,5,NULL,NULL,NULL,NULL,NULL,NULL,4,NULL),
(1830,'京PW8Y89','2018-12-19 15:45:25',20,'英华雷克萨斯/2018年12月19日/进场/15452055251205ffc.jpg',NULL,1,'2018-12-19 15:45:25',NULL,'2018-12-20 10:00:03',0,5,NULL,NULL,NULL,NULL,NULL,NULL,4,NULL),
(1831,'京NZ2627','2018-12-19 15:56:03',19,'英华雷克萨斯/2018年12月19日/进场/1545206162165ef4f.jpg',NULL,1,'2018-12-19 15:56:02',NULL,NULL,0,5,NULL,NULL,NULL,NULL,NULL,NULL,0,NULL),
(1832,'京GK9998','2018-12-19 15:59:27',19,'英华雷克萨斯/2018年12月19日/进场/15452063669195a99.jpg',NULL,1,'2018-12-19 15:59:27',NULL,'2018-12-20 11:13:54',0,5,NULL,NULL,NULL,NULL,NULL,NULL,4,NULL),
(1833,'京N8Y7Y0','2018-12-19 16:00:18',19,'英华雷克萨斯/2018年12月19日/进场/1545206417422dc24.jpg',NULL,1,'2018-12-19 16:00:17',NULL,'2018-12-19 17:03:05',0,5,NULL,NULL,NULL,NULL,NULL,NULL,4,NULL),
(1834,'京A71508','2018-12-19 16:03:03',19,'英华雷克萨斯/2018年12月19日/进场/1545206582899e5be.jpg',NULL,1,'2018-12-19 16:03:03',NULL,'2018-12-20 13:55:46',0,5,NULL,NULL,NULL,NULL,NULL,NULL,4,NULL),
(1835,'京NE76K6','2018-12-19 16:22:37',19,'英华雷克萨斯/2018年12月19日/进场/1545207756502cdbe.jpg',NULL,1,'2018-12-19 16:22:37',NULL,'2018-12-19 18:28:26',0,5,NULL,NULL,NULL,NULL,NULL,NULL,4,NULL),
(1836,'京NZ2627','2018-12-19 16:23:08',19,'英华雷克萨斯/2018年12月19日/进场/1545207787384663f.jpg',NULL,1,'2018-12-19 16:23:07',NULL,NULL,0,5,NULL,NULL,NULL,NULL,NULL,NULL,0,NULL),
(1837,'京GK9998','2018-12-19 16:29:28',19,'英华雷克萨斯/2018年12月19日/进场/1545208168070ebde.jpg',NULL,1,'2018-12-19 16:29:28',NULL,'2018-12-20 11:13:54',0,5,NULL,NULL,NULL,NULL,NULL,NULL,4,NULL),
(1838,'京GK9998','2018-12-19 16:34:05',19,'英华雷克萨斯/2018年12月19日/进场/1545208444170946a.jpg',NULL,1,'2018-12-19 16:34:04',NULL,'2018-12-20 11:13:54',0,5,NULL,NULL,NULL,NULL,NULL,NULL,4,NULL),
(1839,'京FBK179','2018-12-19 16:34:27',20,'英华雷克萨斯/2018年12月19日/进场/1545208467206054e.jpg',NULL,1,'2018-12-19 16:34:27',NULL,'2018-12-21 10:31:29',0,5,NULL,NULL,NULL,NULL,NULL,NULL,4,NULL),
(1840,'京FBK179','2018-12-19 16:38:10',20,'英华雷克萨斯/2018年12月19日/进场/1545208689004db1d.jpg',NULL,1,'2018-12-19 16:38:09',NULL,'2018-12-21 10:31:29',0,5,NULL,NULL,NULL,NULL,NULL,NULL,4,NULL),
(1841,'京QJ73J3','2018-12-19 16:38:31',19,'英华雷克萨斯/2018年12月19日/进场/154520871112269e9.jpg',NULL,1,'2018-12-19 16:38:31',NULL,'2018-12-19 17:15:17',0,5,NULL,NULL,NULL,NULL,NULL,NULL,4,NULL),
(1842,'京Q9WX02','2018-12-19 16:43:42',19,'英华雷克萨斯/2018年12月19日/进场/15452090213039821.jpg',NULL,1,'2018-12-19 16:43:41',NULL,'2018-12-19 17:31:31',0,5,NULL,NULL,NULL,NULL,NULL,NULL,4,NULL),
(1843,'京N8Y7Y0','2018-12-19 16:44:34',19,'英华雷克萨斯/2018年12月19日/进场/1545209073823afac.jpg',NULL,1,'2018-12-19 16:44:34',NULL,'2018-12-19 17:03:05',0,5,NULL,NULL,NULL,NULL,NULL,NULL,4,NULL),
(1844,'京W8Y7Y0','2018-12-19 16:58:51',20,'英华雷克萨斯/2018年12月19日/进场/15452099306791d6e.jpg',NULL,1,'2018-12-19 16:58:51',NULL,NULL,0,5,NULL,NULL,NULL,NULL,NULL,NULL,0,NULL),
(1845,'京N8Y7Y0','2018-12-19 17:03:06',20,'英华雷克萨斯/2018年12月19日/进场/154521018488283ee.jpg',NULL,1,'2018-12-19 17:03:05',NULL,NULL,0,5,NULL,NULL,NULL,NULL,NULL,NULL,0,NULL),
(1846,'京N5B165','2018-12-19 17:14:27',20,'英华雷克萨斯/2018年12月19日/进场/15452108664224185.jpg',NULL,1,'2018-12-19 17:14:26',25,'2018-12-20 10:50:56',0,5,NULL,NULL,NULL,'',33,'2018-12-19 18:12:58',3,NULL),
(1847,'京QJ73J3','2018-12-19 17:15:18',19,'英华雷克萨斯/2018年12月19日/进场/1545210917558d86e.jpg',2,1,'2018-12-19 17:15:17',33,'2018-12-20 10:47:06',0,5,'2018-12-20 10:47:07',10,25,'',33,'2018-12-19 18:10:03',2,''),
(1848,'京Q9WX02','2018-12-19 17:31:31',19,'英华雷克萨斯/2018年12月19日/进场/15452118906611a66.jpg',2,1,'2018-12-19 17:31:31',31,'2018-12-20 10:46:45',0,5,'2018-12-20 10:46:45',10,25,'',31,'2018-12-19 18:07:54',2,''),
(1849,'京N166E6','2018-12-19 18:21:25',19,'英华雷克萨斯/2018年12月19日/进场/15452148845155967.jpg',NULL,1,'2018-12-19 18:21:25',NULL,NULL,0,5,NULL,NULL,NULL,NULL,NULL,NULL,0,NULL),
(1850,'京NE76K6','2018-12-19 18:28:27',19,'英华雷克萨斯/2018年12月19日/进场/15452153067020be5.jpg',NULL,1,'2018-12-19 18:28:26',NULL,'2018-12-20 12:48:49',0,5,NULL,NULL,NULL,NULL,NULL,NULL,4,NULL),
(1851,'黑FVS917','2018-12-19 19:19:23',20,'英华雷克萨斯/2018年12月19日/进场/15452183621991e8b.jpg',NULL,1,'2018-12-19 19:19:22',NULL,'2018-12-20 09:37:49',0,5,NULL,NULL,NULL,NULL,NULL,NULL,4,NULL),
(1852,'京NFH056','2018-12-20 08:37:51',20,'英华雷克萨斯/2018年12月20日/进场/1545266271039ed02.jpg',NULL,1,'2018-12-20 08:37:51',NULL,'2018-12-20 10:38:30',0,5,NULL,NULL,NULL,NULL,NULL,NULL,4,NULL),
(1853,'京NX9T36','2018-12-20 08:54:30',19,'英华雷克萨斯/2018年12月20日/进场/1545267269352954f.jpg',NULL,1,'2018-12-20 08:54:29',NULL,'2018-12-20 09:42:51',0,5,NULL,NULL,NULL,NULL,NULL,NULL,4,NULL),
(1854,'京NZ6462','2018-12-20 09:00:27',19,'英华雷克萨斯/2018年12月20日/进场/154526762688990ec.jpg',NULL,1,'2018-12-20 09:00:27',NULL,'2018-12-21 10:43:31',0,5,NULL,NULL,NULL,NULL,NULL,NULL,4,NULL),
(1855,'京NW2D88','2018-12-20 09:15:19',19,'英华雷克萨斯/2018年12月20日/进场/15452685184479e73.jpg',NULL,1,'2018-12-20 09:15:18',NULL,'2018-12-20 09:52:32',0,5,NULL,NULL,NULL,NULL,NULL,NULL,4,NULL),
(1856,'京J02473','2018-12-20 09:28:42',20,'英华雷克萨斯/2018年12月20日/进场/15452693219754e13.jpg',NULL,1,'2018-12-20 09:28:42',NULL,'2018-12-21 09:14:09',0,5,NULL,NULL,NULL,NULL,NULL,NULL,4,NULL),
(1857,'川FVS917','2018-12-20 09:31:04',20,'英华雷克萨斯/2018年12月20日/进场/15452694633953ea5.jpg',NULL,1,'2018-12-20 09:31:03',NULL,NULL,0,5,NULL,NULL,NULL,NULL,NULL,NULL,0,NULL),
(1858,'津NX3H98','2018-12-20 09:36:28',19,'英华雷克萨斯/2018年12月20日/进场/15452697881082b8a.jpg',NULL,1,'2018-12-20 09:36:28',NULL,NULL,0,5,NULL,NULL,NULL,NULL,NULL,NULL,0,NULL),
(1859,'黑FVS917','2018-12-20 09:37:50',20,'英华雷克萨斯/2018年12月20日/进场/1545269869182a538.jpg',NULL,1,'2018-12-20 09:37:49',NULL,NULL,0,5,NULL,NULL,NULL,NULL,NULL,NULL,0,NULL),
(1860,'川NX3H98','2018-12-20 09:41:40',19,'英华雷克萨斯/2018年12月20日/进场/154527009973356c4.jpg',NULL,1,'2018-12-20 09:41:40',NULL,NULL,0,5,NULL,NULL,NULL,NULL,NULL,NULL,0,NULL),
(1861,'京NX9T36','2018-12-20 09:42:51',19,'英华雷克萨斯/2018年12月20日/进场/1545270170528d588.jpg',NULL,1,'2018-12-20 09:42:51',NULL,NULL,0,5,NULL,NULL,NULL,NULL,NULL,NULL,0,NULL),
(1862,'京NX3H98','2018-12-20 09:43:21',19,'英华雷克萨斯/2018年12月20日/进场/15452702008740839.jpg',NULL,1,'2018-12-20 09:43:20',NULL,'2018-12-20 10:17:29',0,5,NULL,NULL,NULL,NULL,NULL,NULL,4,NULL),
(1863,'京NW2D88','2018-12-20 09:52:32',19,'英华雷克萨斯/2018年12月20日/进场/1545270752235c469.jpg',2,1,'2018-12-20 09:52:32',31,'2018-12-20 09:59:34',0,5,'2018-12-20 09:58:13',6,31,'',31,'2018-12-20 09:55:17',4,''),
(1864,'京PW8Y89','2018-12-20 10:00:04',20,'英华雷克萨斯/2018年12月20日/进场/1545271203660d3c0.jpg',NULL,1,'2018-12-20 10:00:03',NULL,'2018-12-20 10:10:06',0,5,NULL,NULL,NULL,NULL,NULL,NULL,4,NULL),
(1865,'京NF9728','2018-12-20 10:08:15',20,'英华雷克萨斯/2018年12月20日/进场/1545271695274ff08.jpg',NULL,1,'2018-12-20 10:08:15',NULL,'2018-12-20 10:17:47',0,5,NULL,NULL,NULL,NULL,NULL,NULL,4,NULL),
(1866,'京PW8Y89','2018-12-20 10:10:07',20,'英华雷克萨斯/2018年12月20日/进场/154527180645562c9.jpg',NULL,1,'2018-12-20 10:10:06',NULL,'2018-12-20 10:40:46',0,5,NULL,NULL,NULL,NULL,NULL,NULL,4,NULL),
(1867,'京YY9639','2018-12-20 10:11:56',19,'英华雷克萨斯/2018年12月20日/进场/15452719160913478.jpg',NULL,1,'2018-12-20 10:11:56',NULL,'2018-12-20 10:48:45',0,5,NULL,NULL,NULL,NULL,NULL,NULL,4,NULL),
(1868,'京NX3H98','2018-12-20 10:17:29',19,'英华雷克萨斯/2018年12月20日/进场/1545272248763271c.jpg',NULL,1,'2018-12-20 10:17:29',NULL,'2018-12-20 11:02:58',0,5,NULL,NULL,NULL,NULL,NULL,NULL,4,NULL),
(1869,'京NF9728','2018-12-20 10:17:48',19,'英华雷克萨斯/2018年12月20日/进场/1545272267829323c.jpg',NULL,1,'2018-12-20 10:17:47',NULL,NULL,0,5,NULL,NULL,NULL,NULL,NULL,NULL,0,NULL),
(1870,'京Q887Z7','2018-12-20 10:19:11',20,'英华雷克萨斯/2018年12月20日/进场/15452723502990633.jpg',2,1,'2018-12-20 10:19:10',46,'2018-12-20 10:52:40',0,5,'2018-12-20 10:52:40',10,46,NULL,46,'2018-12-20 10:51:45',4,NULL),
(1871,'京FAQ229','2018-12-20 10:21:20',19,'英华雷克萨斯/2018年12月20日/进场/154527248016441a0.jpg',NULL,1,'2018-12-20 10:21:20',NULL,NULL,0,5,NULL,NULL,NULL,NULL,NULL,NULL,0,NULL),
(1872,'京FVS917','2018-12-20 10:25:23',20,'英华雷克萨斯/2018年12月20日/进场/1545272722993be9e.jpg',NULL,1,'2018-12-20 10:25:23',NULL,NULL,0,5,NULL,NULL,NULL,NULL,NULL,NULL,0,NULL),
(1873,'京K88288','2018-12-20 10:38:19',19,'英华雷克萨斯/2018年12月20日/进场/1545273498960c1dc.jpg',NULL,1,'2018-12-20 10:38:19',NULL,NULL,0,5,NULL,NULL,NULL,NULL,NULL,NULL,0,NULL),
(1874,'京NFH056','2018-12-20 10:38:31',20,'英华雷克萨斯/2018年12月20日/进场/15452735109458976.jpg',NULL,1,'2018-12-20 10:38:31',NULL,'2018-12-21 09:17:02',0,5,NULL,NULL,NULL,NULL,NULL,NULL,4,NULL),
(1875,'京PW8Y89','2018-12-20 10:40:47',20,'英华雷克萨斯/2018年12月20日/进场/1545273646512a1cb.jpg',NULL,1,'2018-12-20 10:40:46',NULL,'2018-12-20 11:03:22',0,5,NULL,NULL,NULL,NULL,NULL,NULL,4,NULL),
(1876,'京N6BH16','2018-12-20 10:42:10',19,'英华雷克萨斯/2018年12月20日/进场/15452737299857e97.jpg',NULL,1,'2018-12-20 10:42:10',25,'2018-12-20 10:51:26',0,5,NULL,NULL,NULL,NULL,25,'2018-12-20 10:51:09',3,NULL),
(1877,'京YY9639','2018-12-20 10:48:45',19,'英华雷克萨斯/2018年12月20日/进场/1545274124912c899.jpg',2,1,'2018-12-20 10:48:45',25,'2018-12-20 10:50:53',0,5,'2018-12-20 10:50:53',10,25,NULL,25,'2018-12-20 10:50:25',2,NULL),
(1878,'京QJH068','2018-12-20 10:58:04',19,'英华雷克萨斯/2018年12月20日/进场/15452746836967178.jpg',NULL,1,'2018-12-20 10:58:04',NULL,NULL,0,5,NULL,NULL,NULL,NULL,NULL,NULL,0,NULL),
(1879,'京MB9009','2018-12-20 10:58:08',19,'英华雷克萨斯/2018年12月20日/进场/15452746870012464.jpg',NULL,1,'2018-12-20 10:58:07',NULL,NULL,0,5,NULL,NULL,NULL,NULL,NULL,NULL,0,NULL),
(1880,'京N4AL18','2018-12-20 10:59:50',19,'英华雷克萨斯/2018年12月20日/进场/1545274789170c7b9.jpg',NULL,1,'2018-12-20 10:59:49',NULL,'2018-12-20 11:22:16',0,5,NULL,NULL,NULL,NULL,NULL,NULL,4,NULL),
(1881,'京NX3H98','2018-12-20 11:02:59',19,'英华雷克萨斯/2018年12月20日/进场/15452749781606aef.jpg',NULL,1,'2018-12-20 11:02:58',NULL,'2018-12-20 11:07:51',0,5,NULL,NULL,NULL,NULL,NULL,NULL,4,NULL),
(1882,'京PW8Y89','2018-12-20 11:03:23',20,'英华雷克萨斯/2018年12月20日/进场/1545275002382339b.jpg',NULL,1,'2018-12-20 11:03:22',NULL,'2018-12-20 11:14:17',0,5,NULL,NULL,NULL,NULL,NULL,NULL,4,NULL),
(1883,'京NZC570','2018-12-20 11:05:23',20,'英华雷克萨斯/2018年12月20日/进场/15452751223339397.jpg',NULL,1,'2018-12-20 11:05:22',NULL,'2018-12-20 11:29:04',0,5,NULL,NULL,NULL,NULL,NULL,NULL,4,NULL),
(1884,'京NX3H98','2018-12-20 11:07:51',19,'英华雷克萨斯/2018年12月20日/进场/1545275271166f49b.jpg',NULL,1,'2018-12-20 11:07:51',NULL,NULL,0,5,NULL,NULL,NULL,NULL,NULL,NULL,0,NULL),
(1885,'京N57DC7','2018-12-20 11:13:30',19,'英华雷克萨斯/2018年12月20日/进场/1545275609845e9c7.jpg',NULL,1,'2018-12-20 11:13:30',NULL,NULL,0,5,NULL,NULL,NULL,NULL,NULL,NULL,0,NULL),
(1886,'京GK9998','2018-12-20 11:13:55',19,'英华雷克萨斯/2018年12月20日/进场/1545275634770d6d9.jpg',NULL,1,'2018-12-20 11:13:55',NULL,NULL,0,5,NULL,NULL,NULL,NULL,NULL,NULL,0,NULL),
(1887,'京PW8Y89','2018-12-20 11:14:18',20,'英华雷克萨斯/2018年12月20日/进场/1545275656744828b.jpg',NULL,1,'2018-12-20 11:14:17',NULL,NULL,0,5,NULL,NULL,NULL,NULL,NULL,NULL,0,NULL),
(1888,'京N2W2C6','2018-12-20 11:16:05',19,'英华雷克萨斯/2018年12月20日/进场/1545275765063c2f0.jpg',NULL,1,'2018-12-20 11:16:05',NULL,NULL,0,5,NULL,NULL,NULL,NULL,NULL,NULL,0,NULL),
(1889,'京N4AL18','2018-12-20 11:22:16',19,'英华雷克萨斯/2018年12月20日/进场/154527613589164da.jpg',NULL,1,'2018-12-20 11:22:16',NULL,NULL,0,5,NULL,NULL,NULL,NULL,NULL,NULL,0,NULL),
(1890,'京NL16U1','2018-12-20 11:26:33',19,'英华雷克萨斯/2018年12月20日/进场/15452763930062e28.jpg',NULL,1,'2018-12-20 11:26:33',NULL,NULL,0,5,NULL,NULL,NULL,NULL,NULL,NULL,0,NULL),
(1891,'京NZC570','2018-12-20 11:29:05',20,'英华雷克萨斯/2018年12月20日/进场/15452765445542ffb.jpg',NULL,1,'2018-12-20 11:29:04',NULL,'2018-12-21 09:27:46',0,5,NULL,NULL,NULL,NULL,NULL,NULL,4,NULL),
(1892,'京Q887Z7','2018-12-20 11:30:00',20,'英华雷克萨斯/2018年12月20日/进场/15452765996380dae.jpg',NULL,1,'2018-12-20 11:29:59',NULL,NULL,0,5,NULL,NULL,NULL,NULL,NULL,NULL,0,NULL),
(1893,'京N2W2C6','2018-12-20 11:53:43',19,'英华雷克萨斯/2018年12月20日/进场/1545278022906ddcc.jpg',NULL,1,'2018-12-20 11:53:42',NULL,NULL,0,5,NULL,NULL,NULL,NULL,NULL,NULL,0,NULL),
(1894,'京N57DC7','2018-12-20 12:00:13',19,'英华雷克萨斯/2018年12月20日/进场/15452784126575839.jpg',NULL,1,'2018-12-20 12:00:12',NULL,NULL,0,5,NULL,NULL,NULL,NULL,NULL,NULL,0,NULL),
(1895,'京K88288','2018-12-20 12:11:47',19,'英华雷克萨斯/2018年12月20日/进场/154527910745584a0.jpg',NULL,1,'2018-12-20 12:11:47',NULL,NULL,0,5,NULL,NULL,NULL,NULL,NULL,NULL,0,NULL),
(1896,'京QJH068','2018-12-20 12:21:56',19,'英华雷克萨斯/2018年12月20日/进场/1545279716301bea8.jpg',NULL,1,'2018-12-20 12:21:56',NULL,NULL,0,5,NULL,NULL,NULL,NULL,NULL,NULL,0,NULL),
(1897,'京MB9009','2018-12-20 12:45:14',19,'英华雷克萨斯/2018年12月20日/进场/1545281113567cad9.jpg',NULL,1,'2018-12-20 12:45:13',NULL,NULL,0,5,NULL,NULL,NULL,NULL,NULL,NULL,0,NULL),
(1898,'京Q887Z7','2018-12-20 13:11:15',20,'英华雷克萨斯/2018年12月20日/进场/15452826752716ce4.jpg',NULL,1,'2018-12-20 13:11:15',NULL,NULL,0,5,NULL,NULL,NULL,NULL,NULL,NULL,0,NULL),
(1899,'京FAQ229','2018-12-20 13:23:27',19,'英华雷克萨斯/2018年12月20日/进场/15452834073775dfe.jpg',NULL,1,'2018-12-20 13:23:27',NULL,NULL,0,5,NULL,NULL,NULL,NULL,NULL,NULL,0,NULL),
(1900,'京FAQ229','2018-12-20 13:26:37',19,'英华雷克萨斯/2018年12月20日/进场/1545283596714f0f4.jpg',NULL,1,'2018-12-20 13:26:36',NULL,NULL,0,5,NULL,NULL,NULL,NULL,NULL,NULL,0,NULL),
(1901,'京PA7B28','2018-12-20 13:55:16',19,'英华雷克萨斯/2018年12月20日/进场/15452853150539e24.jpg',NULL,1,'2018-12-20 13:55:15',NULL,NULL,0,5,NULL,NULL,NULL,NULL,NULL,NULL,0,NULL),
(1902,'京A71508','2018-12-20 13:55:47',19,'英华雷克萨斯/2018年12月20日/进场/154528534606411a5.jpg',NULL,1,'2018-12-20 13:55:46',NULL,NULL,0,5,NULL,NULL,NULL,NULL,NULL,NULL,0,NULL),
(1903,'京N8L8N6','2018-12-20 14:07:50',19,'英华雷克萨斯/2018年12月20日/进场/1545286069625ae76.jpg',NULL,1,'2018-12-20 14:07:49',NULL,NULL,0,5,NULL,NULL,NULL,NULL,NULL,NULL,0,NULL),
(1904,'京NJ5Z60','2018-12-20 14:31:11',20,'英华雷克萨斯/2018年12月20日/进场/1545287470459840e.jpg',NULL,1,'2018-12-20 14:31:10',NULL,NULL,0,5,NULL,NULL,NULL,NULL,NULL,NULL,0,NULL),
(1905,'京WJ5Z60','2018-12-20 14:34:05',20,'英华雷克萨斯/2018年12月20日/进场/1545287644019b681.jpg',NULL,1,'2018-12-20 14:34:04',NULL,NULL,0,5,NULL,NULL,NULL,NULL,NULL,NULL,0,NULL),
(1906,'京PRQ529','2018-12-20 14:38:23',19,'英华雷克萨斯/2018年12月20日/进场/15452879030100f84.jpg',NULL,1,'2018-12-20 14:38:23',NULL,'2018-12-21 13:41:52',0,5,NULL,NULL,NULL,NULL,NULL,NULL,4,NULL),
(1907,'京Q6TZ59','2018-12-20 14:54:18',19,'英华雷克萨斯/2018年12月20日/进场/1545288857554a5c4.jpg',NULL,1,'2018-12-20 14:54:17',NULL,NULL,0,5,NULL,NULL,NULL,NULL,NULL,NULL,0,NULL),
(1908,'京NVT766','2018-12-20 14:56:55',19,'英华雷克萨斯/2018年12月20日/进场/154528901478411ef.jpg',NULL,1,'2018-12-20 14:56:54',NULL,'2018-12-21 13:48:50',0,5,NULL,NULL,NULL,NULL,NULL,NULL,4,NULL),
(1909,'京N13Z17','2018-12-20 15:11:39',19,'英华雷克萨斯/2018年12月20日/进场/1545289898602c3aa.jpg',NULL,1,'2018-12-20 15:11:38',NULL,NULL,0,5,NULL,NULL,NULL,NULL,NULL,NULL,0,NULL),
(1910,'京J06679','2018-12-20 15:11:43',19,'英华雷克萨斯/2018年12月20日/进场/15452899027912795.jpg',NULL,1,'2018-12-20 15:11:43',NULL,NULL,0,5,NULL,NULL,NULL,NULL,NULL,NULL,0,NULL),
(1911,'川RG0R53','2018-12-20 15:16:14',20,'英华雷克萨斯/2018年12月20日/进场/15452901741209051.jpg',NULL,1,'2018-12-20 15:16:14',NULL,NULL,0,5,NULL,NULL,NULL,NULL,NULL,NULL,0,NULL),
(1912,'京NQW046','2018-12-20 15:22:51',19,'英华雷克萨斯/2018年12月20日/进场/15452905713169c00.jpg',2,1,'2018-12-20 15:22:51',47,'2018-12-20 15:30:32',0,5,'2018-12-20 15:30:33',0,47,NULL,47,'2018-12-20 15:30:08',4,NULL),
(1913,'京MS2918','2018-12-20 15:34:49',19,'英华雷克萨斯/2018年12月20日/进场/154529128892497ae.jpg',NULL,1,'2018-12-20 15:34:49',NULL,NULL,0,5,NULL,NULL,NULL,NULL,NULL,NULL,0,NULL),
(1914,'琼WA8Q33','2018-12-20 15:41:16',20,'英华雷克萨斯/2018年12月20日/进场/15452916760814a55.jpg',NULL,1,'2018-12-20 15:41:16',NULL,NULL,0,5,NULL,NULL,NULL,NULL,NULL,NULL,0,NULL),
(1915,'京QG86K3','2018-12-20 16:21:17',19,'英华雷克萨斯/2018年12月20日/进场/154529407602542c4.jpg',NULL,1,'2018-12-20 16:21:16',NULL,NULL,0,5,NULL,NULL,NULL,NULL,NULL,NULL,0,NULL),
(1916,'京NK7759','2018-12-20 16:22:22',19,'英华雷克萨斯/2018年12月20日/进场/15452941410474117.jpg',NULL,1,'2018-12-20 16:22:21',NULL,NULL,0,5,NULL,NULL,NULL,NULL,NULL,NULL,0,NULL),
(1917,'京HBK595','2018-12-20 16:31:27',19,'英华雷克萨斯/2018年12月20日/进场/1545294686875414c.jpg',NULL,1,'2018-12-20 16:31:26',NULL,'2018-12-21 16:41:01',0,5,NULL,NULL,NULL,NULL,NULL,NULL,4,NULL),
(1918,'京JT2166','2018-12-20 16:37:10',20,'英华雷克萨斯/2018年12月20日/进场/1545295030191d9b7.jpg',NULL,1,'2018-12-20 16:37:10',NULL,'2018-12-21 13:30:48',0,5,NULL,NULL,NULL,NULL,NULL,NULL,4,NULL),
(1919,'京NXG426','2018-12-20 16:38:35',19,'英华雷克萨斯/2018年12月20日/进场/15452951147053558.jpg',NULL,1,'2018-12-20 16:38:35',NULL,NULL,0,5,NULL,NULL,NULL,NULL,NULL,NULL,0,NULL),
(1920,'京NR00F3','2018-12-20 17:00:25',19,'英华雷克萨斯/2018年12月20日/进场/154529642461882d8.jpg',NULL,1,'2018-12-20 17:00:25',NULL,NULL,0,5,NULL,NULL,NULL,NULL,NULL,NULL,0,NULL),
(1921,'京EBE237','2018-12-20 17:35:36',19,'英华雷克萨斯/2018年12月20日/进场/15452985353487155.jpg',NULL,1,'2018-12-20 17:35:36',NULL,NULL,0,5,NULL,NULL,NULL,NULL,NULL,NULL,0,NULL),
(1922,'冀CY9373','2018-12-20 17:42:26',19,'英华雷克萨斯/2018年12月20日/进场/15452989457448460.jpg',NULL,1,'2018-12-20 17:42:26',NULL,NULL,0,5,NULL,NULL,NULL,NULL,NULL,NULL,0,NULL),
(1923,'京KJ2150','2018-12-20 18:22:50',20,'英华雷克萨斯/2018年12月20日/进场/15453013699535123.jpg',NULL,1,'2018-12-20 18:22:50',NULL,NULL,0,5,NULL,NULL,NULL,NULL,NULL,NULL,0,NULL),
(1924,'京QH7787','2018-12-20 19:41:00',19,'英华雷克萨斯/2018年12月20日/进场/154530605986056fc.jpg',NULL,1,'2018-12-20 19:41:00',NULL,NULL,0,5,NULL,NULL,NULL,NULL,NULL,NULL,0,NULL),
(1925,'京KF2772','2018-12-20 20:21:37',20,'英华雷克萨斯/2018年12月20日/进场/15453084962612272.jpg',NULL,1,'2018-12-20 20:21:36',NULL,NULL,0,5,NULL,NULL,NULL,NULL,NULL,NULL,0,NULL),
(1926,'湘CY9373','2018-12-21 08:43:07',20,'英华雷克萨斯/2018年12月21日/进场/15453529869741da6.jpg',NULL,1,'2018-12-21 08:43:07',NULL,NULL,0,5,NULL,NULL,NULL,NULL,NULL,NULL,0,NULL),
(1927,'京LZ1910','2018-12-21 08:46:32',19,'英华雷克萨斯/2018年12月21日/进场/154535319127695df.jpg',NULL,1,'2018-12-21 08:46:31',NULL,NULL,0,5,NULL,NULL,NULL,NULL,NULL,NULL,0,NULL),
(1928,'京Q21266','2018-12-21 09:02:41',20,'英华雷克萨斯/2018年12月21日/进场/1545354160982e232.jpg',NULL,1,'2018-12-21 09:02:41',NULL,NULL,0,5,NULL,NULL,NULL,NULL,NULL,NULL,0,NULL),
(1929,'京NQW046','2018-12-21 09:04:21',19,'英华雷克萨斯/2018年12月21日/进场/1545354260392fb8e.jpg',NULL,1,'2018-12-21 09:04:20',NULL,NULL,0,5,NULL,NULL,NULL,NULL,NULL,NULL,0,NULL),
(1930,'京A81285','2018-12-21 09:04:47',19,'英华雷克萨斯/2018年12月21日/进场/1545354286473fbba.jpg',NULL,1,'2018-12-21 09:04:46',NULL,NULL,0,5,NULL,NULL,NULL,NULL,NULL,NULL,0,NULL),
(1931,'京NNB389','2018-12-21 09:12:41',19,'英华雷克萨斯/2018年12月21日/进场/1545354760525adb1.jpg',NULL,1,'2018-12-21 09:12:40',NULL,NULL,0,5,NULL,NULL,NULL,NULL,NULL,NULL,0,NULL),
(1932,'京J02473','2018-12-21 09:14:09',20,'英华雷克萨斯/2018年12月21日/进场/1545354848625b2ef.jpg',2,1,'2018-12-21 09:14:09',25,'2018-12-25 08:31:32',0,5,NULL,10,NULL,NULL,25,'2018-12-25 08:31:32',1,NULL),
(1933,'京NFH056','2018-12-21 09:17:02',20,'英华雷克萨斯/2018年12月21日/进场/154535502197783ad.jpg',NULL,1,'2018-12-21 09:17:02',NULL,NULL,0,5,NULL,NULL,NULL,NULL,NULL,NULL,0,NULL),
(1934,'京Q5LL32','2018-12-21 09:21:03',19,'英华雷克萨斯/2018年12月21日/进场/15453552629235695.jpg',NULL,1,'2018-12-21 09:21:03',NULL,NULL,0,5,NULL,NULL,NULL,NULL,NULL,NULL,0,NULL),
(1935,'京NZC570','2018-12-21 09:27:46',20,'英华雷克萨斯/2018年12月21日/进场/15453556655094fc9.jpg',NULL,1,'2018-12-21 09:27:46',NULL,NULL,0,5,NULL,NULL,NULL,NULL,NULL,NULL,0,NULL),
(1936,'京YBM005','2018-12-21 09:29:55',19,'英华雷克萨斯/2018年12月21日/进场/15453557945141cc1.jpg',NULL,1,'2018-12-21 09:29:55',NULL,NULL,0,5,NULL,NULL,NULL,NULL,NULL,NULL,0,NULL),
(1937,'京GLZ090','2018-12-21 09:39:44',19,'英华雷克萨斯/2018年12月21日/进场/1545356383503458a.jpg',NULL,1,'2018-12-21 09:39:43',NULL,NULL,0,5,NULL,NULL,NULL,NULL,NULL,NULL,0,NULL),
(1938,'湘G29998','2018-12-21 09:41:44',20,'英华雷克萨斯/2018年12月21日/进场/15453565038870ff8.jpg',NULL,1,'2018-12-21 09:41:44',NULL,NULL,0,5,NULL,NULL,NULL,NULL,NULL,NULL,0,NULL),
(1939,'京P1WM36','2018-12-21 09:46:36',20,'英华雷克萨斯/2018年12月21日/进场/154535679632011ee.jpg',NULL,1,'2018-12-21 09:46:36',NULL,NULL,0,5,NULL,NULL,NULL,NULL,NULL,NULL,0,NULL),
(1940,'湘NZ6462','2018-12-21 10:19:54',20,'英华雷克萨斯/2018年12月21日/进场/1545358793574ed8d.jpg',NULL,1,'2018-12-21 10:19:53',NULL,NULL,0,5,NULL,NULL,NULL,NULL,NULL,NULL,0,NULL),
(1941,'京FBK179','2018-12-21 10:31:30',20,'英华雷克萨斯/2018年12月21日/进场/15453594894076a2e.jpg',NULL,1,'2018-12-21 10:31:29',NULL,NULL,0,5,NULL,NULL,NULL,NULL,NULL,NULL,0,NULL),
(1942,'京F18506','2018-12-21 10:31:57',20,'英华雷克萨斯/2018年12月21日/进场/154535951679166dd.jpg',NULL,1,'2018-12-21 10:31:57',NULL,NULL,0,5,NULL,NULL,NULL,NULL,NULL,NULL,0,NULL),
(1943,'冀FBK179','2018-12-21 10:35:06',20,'英华雷克萨斯/2018年12月21日/进场/15453597059504db1.jpg',NULL,1,'2018-12-21 10:35:05',NULL,NULL,0,5,NULL,NULL,NULL,NULL,NULL,NULL,0,NULL),
(1944,'京NZ6462','2018-12-21 10:43:31',20,'英华雷克萨斯/2018年12月21日/进场/1545360210790ab1f.jpg',NULL,1,'2018-12-21 10:43:31',NULL,NULL,0,5,NULL,NULL,NULL,NULL,NULL,NULL,0,NULL),
(1945,'京NA6598','2018-12-21 10:46:27',19,'英华雷克萨斯/2018年12月21日/进场/15453603863679bae.jpg',NULL,1,'2018-12-21 10:46:26',NULL,NULL,0,5,NULL,NULL,NULL,NULL,NULL,NULL,0,NULL),
(1946,'京PQP730','2018-12-21 10:50:12',19,'英华雷克萨斯/2018年12月21日/进场/15453606114401743.jpg',NULL,1,'2018-12-21 10:50:11',NULL,'2018-12-21 17:04:09',0,5,NULL,NULL,NULL,NULL,NULL,NULL,4,NULL),
(1947,'京CAR860','2018-12-21 10:58:23',19,'英华雷克萨斯/2018年12月21日/进场/1545361102515a225.jpg',2,1,'2018-12-21 10:58:23',47,'2018-12-21 17:06:24',0,5,'2018-12-21 14:42:19',4,47,'',47,'2018-12-21 14:35:38',4,'见业务系统工单号：007'),
(1948,'冀R9M2R3','2018-12-21 11:05:00',19,'英华雷克萨斯/2018年12月21日/进场/15453615000264f06.jpg',NULL,1,'2018-12-21 11:05:00',NULL,NULL,0,5,NULL,NULL,NULL,NULL,NULL,NULL,0,NULL),
(1949,'京QC5083','2018-12-21 11:06:02',19,'英华雷克萨斯/2018年12月21日/进场/15453615620677a77.jpg',0,1,'2018-12-21 11:06:02',32,'2018-12-21 15:41:08',0,5,'2018-12-21 15:41:09',10,47,'',32,'2018-12-21 11:07:15',4,''),
(1950,'京NFP679','2018-12-21 11:12:10',19,'英华雷克萨斯/2018年12月21日/进场/15453619299932d33.jpg',NULL,1,'2018-12-21 11:12:10',NULL,'2018-12-25 13:47:23',0,5,NULL,NULL,NULL,NULL,NULL,NULL,4,NULL),
(1951,'蒙DWQ570','2018-12-21 11:16:35',19,'英华雷克萨斯/2018年12月21日/进场/1545362194705c0bf.jpg',NULL,1,'2018-12-21 11:16:34',NULL,NULL,0,5,NULL,NULL,NULL,NULL,NULL,NULL,0,NULL),
(1952,'京N1N012','2018-12-21 11:20:43',19,'英华雷克萨斯/2018年12月21日/进场/1545362443041d6d8.jpg',NULL,1,'2018-12-21 11:20:43',NULL,NULL,0,5,NULL,NULL,NULL,NULL,NULL,NULL,0,NULL),
(1955,'京N936B2','2018-12-21 11:32:35',20,'英华雷克萨斯/2018年12月21日/进场/1545363154880f43e.jpg',2,1,'2018-12-21 11:32:35',32,'2018-12-21 11:34:08',0,5,'2018-12-21 11:34:08',6,32,NULL,25,'2018-12-21 11:33:45',4,NULL),
(1956,'冀RZ0060','2018-12-21 11:42:30',19,'英华雷克萨斯/2018年12月21日/进场/15453637503864e43.jpg',NULL,1,'2018-12-21 11:42:30',NULL,NULL,0,5,NULL,NULL,NULL,NULL,NULL,NULL,0,NULL),
(1957,'京N86U88','2018-12-21 11:49:08',19,'英华雷克萨斯/2018年12月21日/进场/1545364148049e58b.jpg',NULL,1,'2018-12-21 11:49:08',NULL,NULL,0,5,NULL,NULL,NULL,NULL,NULL,NULL,0,NULL),
(1958,'冀GV8351','2018-12-21 12:18:25',20,'英华雷克萨斯/2018年12月21日/进场/1545365904799e465.jpg',NULL,1,'2018-12-21 12:18:25',NULL,'2018-12-21 16:41:55',0,5,NULL,NULL,NULL,NULL,NULL,NULL,4,NULL),
(1959,'京RZD060','2018-12-21 12:23:02',19,'英华雷克萨斯/2018年12月21日/进场/1545366181419b736.jpg',NULL,1,'2018-12-21 12:23:01',NULL,NULL,0,5,NULL,NULL,NULL,NULL,NULL,NULL,0,NULL),
(1960,'京MBR797','2018-12-21 12:47:16',19,'英华雷克萨斯/2018年12月21日/进场/154536763508799b7.jpg',NULL,1,'2018-12-21 12:47:15',NULL,NULL,0,5,NULL,NULL,NULL,NULL,NULL,NULL,0,NULL),
(1961,'京JT2166','2018-12-21 13:30:48',20,'英华雷克萨斯/2018年12月21日/进场/1545370248257ea50.jpg',NULL,1,'2018-12-21 13:30:48',NULL,'2018-12-21 16:20:13',0,5,NULL,NULL,NULL,NULL,NULL,NULL,4,NULL),
(1962,'京FS9023','2018-12-21 13:32:59',20,'英华雷克萨斯/2018年12月21日/进场/154537037883001f8.jpg',NULL,1,'2018-12-21 13:32:58',NULL,NULL,0,5,NULL,NULL,NULL,NULL,NULL,NULL,0,NULL),
(1963,'京NPM570','2018-12-21 13:39:28',19,'英华雷克萨斯/2018年12月21日/进场/154537076771266bb.jpg',NULL,1,'2018-12-21 13:39:27',NULL,NULL,0,5,NULL,NULL,NULL,NULL,NULL,NULL,0,NULL),
(1964,'京PRQ529','2018-12-21 13:41:53',19,'英华雷克萨斯/2018年12月21日/进场/1545370912619bef8.jpg',NULL,1,'2018-12-21 13:41:52',NULL,NULL,0,5,NULL,NULL,NULL,NULL,NULL,NULL,0,NULL),
(1965,'冀RD0H33','2018-12-21 13:44:40',20,'英华雷克萨斯/2018年12月21日/进场/1545371079959b94f.jpg',NULL,1,'2018-12-21 13:44:40',NULL,NULL,0,5,NULL,NULL,NULL,NULL,NULL,NULL,0,NULL),
(1966,'京NVT766','2018-12-21 13:48:50',19,'英华雷克萨斯/2018年12月21日/进场/1545371329778bf77.jpg',2,1,'2018-12-21 13:48:50',47,'2018-12-21 15:41:00',0,5,'2018-12-21 15:41:01',4,47,NULL,47,'2018-12-21 15:39:58',2,NULL),
(1967,'冀F70B98','2018-12-21 13:52:55',20,'英华雷克萨斯/2018年12月21日/进场/15453715744886c5e.jpg',NULL,1,'2018-12-21 13:52:54',NULL,NULL,0,5,NULL,NULL,NULL,NULL,NULL,NULL,0,NULL),
(1968,'冀R8L8P5','2018-12-21 13:54:33',19,'英华雷克萨斯/2018年12月21日/进场/1545371673221ec70.jpg',NULL,1,'2018-12-21 13:54:33',NULL,NULL,0,5,NULL,NULL,NULL,NULL,NULL,NULL,0,NULL),
(1969,'京J81182','2018-12-21 14:26:42',20,'英华雷克萨斯/2018年12月21日/进场/1545373601929595c.jpg',NULL,1,'2018-12-21 14:26:42',NULL,NULL,0,5,NULL,NULL,NULL,NULL,NULL,NULL,0,NULL),
(1970,'京NWU387','2018-12-21 14:35:55',20,'英华雷克萨斯/2018年12月21日/进场/1545374155179bfa5.jpg',NULL,1,'2018-12-21 14:35:55',NULL,'2018-12-21 16:53:15',0,5,NULL,NULL,NULL,NULL,NULL,NULL,4,NULL),
(1971,'京QP7823','2018-12-21 15:07:19',19,'英华雷克萨斯/2018年12月21日/进场/154537603804507f1.jpg',NULL,1,'2018-12-21 15:07:18',NULL,NULL,0,5,NULL,NULL,NULL,NULL,NULL,NULL,0,NULL),
(1972,'京PH8E50','2018-12-21 15:08:57',19,'英华雷克萨斯/2018年12月21日/进场/1545376137172ee54.jpg',NULL,1,'2018-12-21 15:08:57',NULL,NULL,0,5,NULL,NULL,NULL,NULL,NULL,NULL,0,NULL),
(1973,'京NE76K6','2018-12-21 15:42:49',19,'英华雷克萨斯/2018年12月21日/进场/15453781690279559.jpg',NULL,1,'2018-12-21 15:42:49',NULL,NULL,0,5,NULL,NULL,NULL,NULL,NULL,NULL,0,NULL),
(1974,'京N8CZ63','2018-12-21 15:57:59',19,'英华雷克萨斯/2018年12月21日/进场/1545379078729cde0.jpg',NULL,1,'2018-12-21 15:57:59',NULL,'2018-12-25 12:51:52',0,5,NULL,NULL,NULL,NULL,NULL,NULL,4,NULL),
(1975,'京FBU198','2018-12-21 16:11:41',19,'英华雷克萨斯/2018年12月21日/进场/154537990045470ed.jpg',NULL,1,'2018-12-21 16:11:41',NULL,NULL,0,5,NULL,NULL,NULL,NULL,NULL,NULL,0,NULL),
(1976,'京JT2166','2018-12-21 16:20:13',20,'英华雷克萨斯/2018年12月21日/进场/15453804124745eb3.jpg',NULL,1,'2018-12-21 16:20:13',NULL,NULL,0,5,NULL,NULL,NULL,NULL,NULL,NULL,0,NULL),
(1977,'京N936B2','2018-12-21 16:38:43',19,'英华雷克萨斯/2018年12月21日/进场/15453815230701281.jpg',NULL,1,'2018-12-21 16:38:43',NULL,NULL,0,5,NULL,NULL,NULL,NULL,NULL,NULL,0,NULL),
(1978,'京QC5083','2018-12-21 16:40:44',19,'英华雷克萨斯/2018年12月21日/进场/1545381643750aeeb.jpg',NULL,1,'2018-12-21 16:40:44',NULL,NULL,0,5,NULL,NULL,NULL,NULL,NULL,NULL,0,NULL),
(1979,'京HBK595','2018-12-21 16:41:01',19,'英华雷克萨斯/2018年12月21日/进场/1545381661254ace4.jpg',NULL,1,'2018-12-21 16:41:01',NULL,NULL,0,5,NULL,NULL,NULL,NULL,NULL,NULL,0,NULL),
(1980,'冀GV8351','2018-12-21 16:41:55',19,'英华雷克萨斯/2018年12月21日/进场/15453817149784def.jpg',NULL,1,'2018-12-21 16:41:55',NULL,NULL,0,5,NULL,NULL,NULL,NULL,NULL,NULL,0,NULL),
(1981,'京R3J2T7','2018-12-21 16:43:49',19,'英华雷克萨斯/2018年12月21日/进场/1545381829370c143.jpg',2,1,'2018-12-21 16:43:49',23,'2018-12-25 12:12:51',0,5,'2018-12-25 10:13:00',4,47,'',47,'2018-12-25 10:12:31',4,''),
(1982,'京NWU387','2018-12-21 16:53:16',19,'英华雷克萨斯/2018年12月21日/进场/154538239541862d6.jpg',2,1,'2018-12-21 16:53:15',47,'2018-12-25 09:45:08',0,5,'2018-12-25 09:45:08',4,47,'',47,'2018-12-25 09:44:08',2,''),
(1983,'京PQP730','2018-12-21 17:04:10',19,'英华雷克萨斯/2018年12月21日/进场/1545383049474f292.jpg',0,1,'2018-12-21 17:04:09',25,'2018-12-24 14:16:15',0,5,'2018-12-24 14:16:15',0,32,NULL,25,'2018-12-24 11:33:57',2,NULL),
(1984,'京NG9M81','2018-12-25 11:33:48',19,'英华雷克萨斯/2018年12月25日/进场/1545708828188ca48.jpg',NULL,1,'2018-12-25 11:33:48',NULL,NULL,0,5,NULL,NULL,NULL,NULL,NULL,NULL,0,NULL),
(1985,'京NV2912','2018-12-25 11:47:14',19,'英华雷克萨斯/2018年12月25日/进场/1545709633755584f.jpg',NULL,1,'2018-12-25 11:47:13',NULL,'2018-12-25 11:59:32',0,5,NULL,NULL,NULL,NULL,NULL,NULL,4,NULL),
(1986,'京NUT652','2018-12-25 11:55:50',19,'英华雷克萨斯/2018年12月25日/进场/15457101495930c5f.jpg',NULL,1,'2018-12-25 11:55:49',NULL,NULL,0,5,NULL,NULL,NULL,NULL,NULL,NULL,0,NULL),
(1987,'京NV2912','2018-12-25 11:59:33',19,'英华雷克萨斯/2018年12月25日/进场/15457103725463a03.jpg',NULL,1,'2018-12-25 11:59:32',NULL,NULL,0,5,NULL,NULL,NULL,NULL,NULL,NULL,0,NULL),
(1988,'京G98186','2018-12-25 12:00:20',19,'英华雷克萨斯/2018年12月25日/进场/15457104199280c9f.jpg',NULL,1,'2018-12-25 12:00:19',NULL,'2018-12-25 12:18:33',0,5,NULL,NULL,NULL,NULL,NULL,NULL,4,NULL),
(1989,'京CD6467','2018-12-25 12:02:49',19,'英华雷克萨斯/2018年12月25日/进场/15457105691824e86.jpg',NULL,1,'2018-12-25 12:02:49',NULL,'2018-12-25 12:49:46',0,5,NULL,NULL,NULL,NULL,NULL,NULL,4,NULL),
(1990,'冀R8L5Y7','2018-12-25 12:09:18',19,'英华雷克萨斯/2018年12月25日/进场/15457109572069c35.jpg',NULL,1,'2018-12-25 12:09:17',NULL,'2018-12-25 12:42:39',0,5,NULL,NULL,NULL,NULL,NULL,NULL,4,NULL),
(1991,'京Q7Z1X2','2018-12-25 12:18:04',20,'英华雷克萨斯/2018年12月25日/进场/1545711483064f886.jpg',NULL,1,'2018-12-25 12:18:03',NULL,'2018-12-25 12:26:50',0,5,NULL,NULL,NULL,NULL,NULL,NULL,4,NULL),
(1992,'京J87652','2018-12-25 12:18:18',19,'英华雷克萨斯/2018年12月25日/进场/1545711497699b268.jpg',NULL,1,'2018-12-25 12:18:17',NULL,NULL,0,5,NULL,NULL,NULL,NULL,NULL,NULL,0,NULL),
(1993,'京G98186','2018-12-25 12:18:33',19,'英华雷克萨斯/2018年12月25日/进场/1545711513182145f.jpg',NULL,1,'2018-12-25 12:18:33',NULL,NULL,0,5,NULL,NULL,NULL,NULL,NULL,NULL,0,NULL),
(1994,'京N7Y182','2018-12-25 12:24:47',19,'英华雷克萨斯/2018年12月25日/进场/1545711886603d3e2.jpg',NULL,1,'2018-12-25 12:24:47',NULL,'2018-12-25 13:46:36',0,5,NULL,NULL,NULL,NULL,NULL,NULL,4,NULL),
(1995,'京Q7Z1X2','2018-12-25 12:26:50',19,'英华雷克萨斯/2018年12月25日/进场/1545712009629eea3.jpg',NULL,1,'2018-12-25 12:26:50',NULL,'2018-12-25 12:28:49',0,5,NULL,NULL,NULL,NULL,NULL,NULL,4,NULL),
(1996,'京Q7Z1X2','2018-12-25 12:28:50',19,'英华雷克萨斯/2018年12月25日/进场/1545712129507e9b1.jpg',NULL,1,'2018-12-25 12:28:49',NULL,'2018-12-25 12:53:37',0,5,NULL,NULL,NULL,NULL,NULL,NULL,4,NULL),
(1997,'京AA2155','2018-12-25 12:30:34',19,'英华雷克萨斯/2018年12月25日/进场/1545712233648a202.jpg',NULL,1,'2018-12-25 12:30:34',NULL,'2018-12-25 12:36:16',0,5,NULL,NULL,NULL,NULL,NULL,NULL,4,NULL),
(1998,'京QX62L9','2018-12-25 12:34:10',19,'英华雷克萨斯/2018年12月25日/进场/15457124495430fe6.jpg',NULL,1,'2018-12-25 12:34:09',NULL,NULL,0,5,NULL,NULL,NULL,NULL,NULL,NULL,0,NULL),
(1999,'京CAL793','2018-12-25 12:34:42',19,'英华雷克萨斯/2018年12月25日/进场/1545712481551796c.jpg',NULL,1,'2018-12-25 12:34:42',NULL,'2018-12-25 13:51:00',0,5,NULL,NULL,NULL,NULL,NULL,NULL,4,NULL),
(2000,'京AA2155','2018-12-25 12:36:17',19,'英华雷克萨斯/2018年12月25日/进场/1545712576162b53e.jpg',NULL,1,'2018-12-25 12:36:16',NULL,'2018-12-25 12:46:45',0,5,NULL,NULL,NULL,NULL,NULL,NULL,4,NULL),
(2001,'冀R8L5Y7','2018-12-25 12:42:40',19,'英华雷克萨斯/2018年12月25日/进场/1545712959739349d.jpg',NULL,1,'2018-12-25 12:42:39',NULL,NULL,0,5,NULL,NULL,NULL,NULL,NULL,NULL,0,NULL),
(2002,'京AA2155','2018-12-25 12:46:45',19,'英华雷克萨斯/2018年12月25日/进场/154571320466962f1.jpg',NULL,1,'2018-12-25 12:46:45',NULL,NULL,0,5,NULL,NULL,NULL,NULL,NULL,NULL,0,NULL),
(2003,'京CD6467','2018-12-25 12:49:47',19,'英华雷克萨斯/2018年12月25日/进场/15457133864364a6a.jpg',NULL,1,'2018-12-25 12:49:46',NULL,'2018-12-25 12:57:15',0,5,NULL,NULL,NULL,NULL,NULL,NULL,4,NULL),
(2004,'京N8CZ63','2018-12-25 12:51:52',20,'英华雷克萨斯/2018年12月25日/进场/1545713512085ceb2.jpg',NULL,1,'2018-12-25 12:51:52',NULL,NULL,0,5,NULL,NULL,NULL,NULL,NULL,NULL,0,NULL),
(2005,'京M99097','2018-12-25 12:53:05',19,'英华雷克萨斯/2018年12月25日/进场/1545713584949a5db.jpg',NULL,1,'2018-12-25 12:53:05',NULL,'2018-12-25 13:08:33',0,5,NULL,NULL,NULL,NULL,NULL,NULL,4,NULL),
(2006,'京NC7913','2018-12-25 12:53:09',20,'英华雷克萨斯/2018年12月25日/进场/1545713588953a9ba.jpg',NULL,1,'2018-12-25 12:53:09',NULL,'2018-12-25 13:20:13',0,5,NULL,NULL,NULL,NULL,NULL,NULL,4,NULL),
(2007,'京Q7Z1X2','2018-12-25 12:53:37',20,'英华雷克萨斯/2018年12月25日/进场/1545713617352fbd8.jpg',NULL,1,'2018-12-25 12:53:37',NULL,'2018-12-25 12:56:56',0,5,NULL,NULL,NULL,NULL,NULL,NULL,4,NULL),
(2008,'京Q7Z1X2','2018-12-25 12:56:56',20,'英华雷克萨斯/2018年12月25日/进场/15457138159315cbd.jpg',NULL,1,'2018-12-25 12:56:56',NULL,NULL,0,5,NULL,NULL,NULL,NULL,NULL,NULL,0,NULL),
(2009,'京CD6467','2018-12-25 12:57:16',20,'英华雷克萨斯/2018年12月25日/进场/15457138358042904.jpg',NULL,1,'2018-12-25 12:57:15',NULL,'2018-12-25 12:58:14',0,5,NULL,NULL,NULL,NULL,NULL,NULL,4,NULL),
(2010,'京CD6467','2018-12-25 12:58:14',20,'英华雷克萨斯/2018年12月25日/进场/15457138937786428.jpg',NULL,1,'2018-12-25 12:58:14',NULL,NULL,0,5,NULL,NULL,NULL,NULL,NULL,NULL,0,NULL),
(2011,'琼NN8176','2018-12-25 13:01:16',20,'英华雷克萨斯/2018年12月25日/进场/15457140760261b30.jpg',NULL,1,'2018-12-25 13:01:16',NULL,NULL,0,5,NULL,NULL,NULL,NULL,NULL,NULL,0,NULL),
(2012,'京LK6881','2018-12-25 13:04:13',19,'英华雷克萨斯/2018年12月25日/进场/1545714252642d452.jpg',NULL,1,'2018-12-25 13:04:13',NULL,'2018-12-25 13:47:58',0,5,NULL,NULL,NULL,NULL,NULL,NULL,4,NULL),
(2013,'京N9FW87','2018-12-25 13:04:37',19,'英华雷克萨斯/2018年12月25日/进场/1545714276758482d.jpg',NULL,1,'2018-12-25 13:04:36',NULL,NULL,0,5,NULL,NULL,NULL,NULL,NULL,NULL,0,NULL),
(2014,'京M99097','2018-12-25 13:08:34',19,'英华雷克萨斯/2018年12月25日/进场/1545714513350c2d0.jpg',NULL,1,'2018-12-25 13:08:33',NULL,'2018-12-25 13:45:32',0,5,NULL,NULL,NULL,NULL,NULL,NULL,4,NULL),
(2015,'京NC7913','2018-12-25 13:20:14',20,'英华雷克萨斯/2018年12月25日/进场/15457152134773b32.jpg',NULL,1,'2018-12-25 13:20:14',NULL,NULL,0,5,NULL,NULL,NULL,NULL,NULL,NULL,0,NULL),
(2016,'京NS3S90','2018-12-25 13:21:33',20,'英华雷克萨斯/2018年12月25日/进场/1545715293053b120.jpg',NULL,1,'2018-12-25 13:21:33',NULL,'2018-12-25 14:03:45',0,5,NULL,NULL,NULL,NULL,NULL,NULL,4,NULL),
(2017,'湘NC7913','2018-12-25 13:30:51',20,'英华雷克萨斯/2018年12月25日/进场/1545715850979192d.jpg',NULL,1,'2018-12-25 13:30:51',NULL,NULL,0,5,NULL,NULL,NULL,NULL,NULL,NULL,0,NULL),
(2018,'京M99097','2018-12-25 13:45:33',19,'英华雷克萨斯/2018年12月25日/进场/1545716732483059d.jpg',NULL,1,'2018-12-25 13:45:32',NULL,NULL,0,5,NULL,NULL,NULL,NULL,NULL,NULL,0,NULL),
(2019,'京N7Y182','2018-12-25 13:46:36',19,'英华雷克萨斯/2018年12月25日/进场/1545716795956cad0.jpg',NULL,1,'2018-12-25 13:46:36',NULL,NULL,0,5,NULL,NULL,NULL,NULL,NULL,NULL,0,NULL),
(2020,'京NFP679','2018-12-25 13:47:23',20,'英华雷克萨斯/2018年12月25日/进场/15457168428522fd2.jpg',NULL,1,'2018-12-25 13:47:23',NULL,NULL,0,5,NULL,NULL,NULL,NULL,NULL,NULL,0,NULL),
(2021,'京LK6881','2018-12-25 13:47:58',19,'英华雷克萨斯/2018年12月25日/进场/1545716877883306d.jpg',NULL,1,'2018-12-25 13:47:58',NULL,NULL,0,5,NULL,NULL,NULL,NULL,NULL,NULL,0,NULL),
(2022,'京CAL793','2018-12-25 13:51:01',19,'英华雷克萨斯/2018年12月25日/进场/15457170607742b0c.jpg',NULL,1,'2018-12-25 13:51:00',NULL,'2018-12-25 13:58:43',0,5,NULL,NULL,NULL,NULL,NULL,NULL,4,NULL),
(2023,'京KY1981','2018-12-25 13:52:33',19,'英华雷克萨斯/2018年12月25日/进场/1545717152277e69f.jpg',NULL,1,'2018-12-25 13:52:32',NULL,NULL,0,5,NULL,NULL,NULL,NULL,NULL,NULL,0,NULL),
(2024,'京CAL793','2018-12-25 13:58:43',19,'英华雷克萨斯/2018年12月25日/进场/154571752316358fd.jpg',NULL,1,'2018-12-25 13:58:43',NULL,NULL,0,5,NULL,NULL,NULL,NULL,NULL,NULL,0,NULL),
(2025,'京KN8175','2018-12-25 13:59:28',19,'英华雷克萨斯/2018年12月25日/进场/15457175678212108.jpg',NULL,1,'2018-12-25 13:59:28',NULL,NULL,0,5,NULL,NULL,NULL,NULL,NULL,NULL,0,NULL),
(2026,'京FFE857','2018-12-25 13:59:35',20,'英华雷克萨斯/2018年12月25日/进场/154571757498526a3.jpg',NULL,1,'2018-12-25 13:59:35',NULL,NULL,0,5,NULL,NULL,NULL,NULL,NULL,NULL,0,NULL),
(2027,'京FS5590','2018-12-25 13:59:57',19,'英华雷克萨斯/2018年12月25日/进场/1545717597098ca5b.jpg',NULL,1,'2018-12-25 13:59:57',NULL,NULL,0,5,NULL,NULL,NULL,NULL,NULL,NULL,0,NULL),
(2028,'京NS3S90','2018-12-25 14:03:45',20,'英华雷克萨斯/2018年12月25日/进场/1545717824519f32d.jpg',NULL,1,'2018-12-25 14:03:45',NULL,'2018-12-25 14:07:16',0,5,NULL,NULL,NULL,NULL,NULL,NULL,4,NULL),
(2029,'京NS3S90','2018-12-25 14:07:17',20,'英华雷克萨斯/2018年12月25日/进场/154571803651058bd.jpg',0,1,'2018-12-25 14:07:16',32,'2019-01-03 11:27:54',0,5,NULL,10,NULL,NULL,32,'2019-01-03 11:27:54',1,NULL),
(2030,'冀RP7P83','2019-03-11 13:41:13',17,'北五环店/2019年2月11日/进场/18785204964643cf0.jpg',NULL,1,'2019-03-11 13:41:13',NULL,NULL,0,1,NULL,NULL,NULL,NULL,NULL,NULL,4,NULL),
(2031,'冀RP7P83','2019-03-11 13:41:31',17,'北五环店2019年2月11日/进场/18785204964643cf0.jpg',NULL,1,'2019-03-11 13:41:31',NULL,NULL,0,1,NULL,NULL,NULL,NULL,NULL,NULL,4,NULL),
(2032,'冀R77777','2019-03-11 13:42:23',17,'北五环店2019年2月11日/进场/18785204964643cf0.jpg',NULL,1,'2019-03-11 13:42:23',NULL,'2019-03-11 15:26:32',0,1,NULL,NULL,NULL,NULL,NULL,NULL,4,NULL),
(2033,'冀RP7P83','2019-03-11 13:42:30',17,'北五环店/2019年2月11日/进场/18785204964643cf0.jpg',NULL,1,'2019-03-11 13:42:30',NULL,NULL,0,1,NULL,NULL,NULL,NULL,NULL,NULL,4,NULL),
(2034,'冀RP7P83','2019-03-11 13:43:06',17,'北五环店/2019年2月11日/进场/18785204964643cf0.jpg',NULL,1,'2019-03-11 13:43:06',NULL,NULL,0,1,NULL,NULL,NULL,NULL,NULL,NULL,4,NULL),
(2035,'冀RP5989','2019-03-11 13:43:15',17,'北五环店/2019年2月11日/进场/18785204964643cf0.jpg',NULL,1,'2019-03-11 13:43:15',NULL,'2019-03-11 15:23:14',0,1,NULL,NULL,NULL,NULL,NULL,NULL,4,NULL),
(2036,'京NGF788','2019-03-11 13:44:35',17,'北五环店/2019年3月11日/进场/1378587545454543cf0.jpg',NULL,1,'2019-03-11 13:44:35',NULL,NULL,0,1,NULL,NULL,NULL,NULL,NULL,NULL,0,NULL),
(2037,'京NGF788','2019-03-11 13:44:36',17,'北五环店/2019年3月11日/进场/1378587545454543cf0.jpg',NULL,1,'2019-03-11 13:44:36',NULL,NULL,0,1,NULL,NULL,NULL,NULL,NULL,NULL,0,NULL),
(2038,'京NGF788','2019-03-11 13:44:36',17,'北五环店/2019年3月11日/进场/1378587545454543cf0.jpg',NULL,1,'2019-03-11 13:44:36',NULL,NULL,0,1,NULL,NULL,NULL,NULL,NULL,NULL,0,NULL);

/*Table structure for table `out_reason` */

DROP TABLE IF EXISTS `out_reason`;

CREATE TABLE `out_reason` (
  `id` int(10) unsigned NOT NULL AUTO_INCREMENT,
  `parent_type` tinyint(4) DEFAULT NULL,
  `name` varchar(10) CHARACTER SET utf8mb4 COLLATE utf8mb4_bin DEFAULT NULL,
  `create_user_id` int(11) DEFAULT NULL,
  `create_time` timestamp NULL DEFAULT CURRENT_TIMESTAMP,
  `update_user_id` int(11) DEFAULT NULL,
  `update_time` timestamp NULL DEFAULT NULL,
  PRIMARY KEY (`id`)
) ENGINE=InnoDB AUTO_INCREMENT=11 DEFAULT CHARSET=utf8mb4 COLLATE=utf8mb4_bin;

/*Data for the table `out_reason` */

insert  into `out_reason`(`id`,`parent_type`,`name`,`create_user_id`,`create_time`,`update_user_id`,`update_time`) values 
(1,1,'新车销售',1,'2018-12-08 22:09:59',NULL,NULL),
(2,1,'新车办业务',1,'2018-12-08 22:10:27',NULL,NULL),
(3,1,'商品车转移',1,'2018-12-08 22:11:04',NULL,NULL),
(4,2,'结算放行',1,'2018-12-08 22:11:45',NULL,NULL),
(5,2,'订金放行',1,'2018-12-08 22:12:01',NULL,NULL),
(6,2,'担保放行',1,'2018-12-08 22:12:21',NULL,NULL),
(7,2,'洗车',1,'2018-12-09 09:56:52',NULL,NULL),
(8,2,'续保',1,'2018-12-09 09:57:29',NULL,NULL),
(9,2,'维修试车',1,'2018-12-09 09:57:43',NULL,NULL),
(10,NULL,'访客',1,'2018-12-09 09:58:20',NULL,NULL);

/*Table structure for table `out_record` */

DROP TABLE IF EXISTS `out_record`;

CREATE TABLE `out_record` (
  `out_id` int(11) unsigned NOT NULL AUTO_INCREMENT COMMENT '出场id',
  `car_number` varchar(40) CHARACTER SET utf8mb4 COLLATE utf8mb4_bin DEFAULT NULL COMMENT '车牌号码',
  `out_time` timestamp NOT NULL DEFAULT CURRENT_TIMESTAMP COMMENT '出场时间',
  `camera_id` int(11) DEFAULT NULL COMMENT '出现拍照摄像头id',
  `out_photo` varchar(50) CHARACTER SET utf8mb4 COLLATE utf8mb4_bin DEFAULT NULL COMMENT '出场照片',
  `out_userid` int(11) DEFAULT NULL COMMENT '放行人id',
  `lifting_type` tinyint(4) DEFAULT '0' COMMENT '抬杆类型(0:自动抬杆;1:远程抬杆)',
  `lifting_reason` tinyint(4) DEFAULT '0' COMMENT '出场抬杆原因 0 正常出场 1 系统故障 2 异常出场 3 无牌出场',
  `out_type` tinyint(4) DEFAULT '0' COMMENT '出场类型(0:其他;1:白名单)',
  `entry_id` int(11) NOT NULL DEFAULT '0' COMMENT '进场id',
  `store_id` int(11) DEFAULT NULL COMMENT '门店id',
  `business_type` tinyint(4) DEFAULT NULL COMMENT '业务类型(0:行政;1:销售;2:售后)',
  `out_reason` tinyint(4) DEFAULT NULL COMMENT '放行类型(0:结算放行;1:担保放行;2:行政;3:访客)',
  `vin` varchar(20) CHARACTER SET utf8mb4 COLLATE utf8mb4_bin DEFAULT NULL,
  PRIMARY KEY (`out_id`),
  KEY `i_camera_id` (`camera_id`),
  KEY `i_out_userid` (`out_userid`),
  KEY `i_entry_id` (`entry_id`),
  KEY `i_store_id` (`store_id`)
) ENGINE=InnoDB AUTO_INCREMENT=40 DEFAULT CHARSET=utf8mb4 COLLATE=utf8mb4_bin COMMENT='出场表';

/*Data for the table `out_record` */

insert  into `out_record`(`out_id`,`car_number`,`out_time`,`camera_id`,`out_photo`,`out_userid`,`lifting_type`,`lifting_reason`,`out_type`,`entry_id`,`store_id`,`business_type`,`out_reason`,`vin`) values 
(1,'鄂FCP798','2018-12-06 15:08:23',NULL,NULL,33,1,1,0,510,5,1,NULL,NULL),
(2,'京JEQ391','2018-12-06 15:08:26',NULL,NULL,33,1,1,0,522,5,NULL,NULL,NULL),
(3,'','2018-12-06 15:12:53',NULL,NULL,33,1,3,0,518,5,1,3,NULL),
(4,'','2018-12-06 15:13:32',NULL,NULL,33,1,3,0,528,5,1,0,NULL),
(5,'京N822D6','2018-12-06 15:20:06',NULL,NULL,33,1,1,0,532,5,NULL,NULL,NULL),
(6,'','2018-12-06 15:21:08',NULL,NULL,33,1,3,0,527,5,1,0,NULL),
(7,'京AQ6589','2018-12-06 16:38:27',NULL,NULL,27,1,1,0,552,5,2,0,NULL),
(8,'','2018-12-06 17:25:17',NULL,NULL,27,1,3,0,556,5,2,0,NULL),
(9,'','2018-12-06 17:55:44',NULL,NULL,33,1,3,0,562,5,1,0,NULL),
(10,'','2018-12-06 18:40:07',NULL,NULL,32,0,0,0,563,5,1,0,NULL),
(11,'京Q6L7R7','2018-12-06 19:36:50',NULL,NULL,32,0,0,0,558,5,NULL,NULL,NULL),
(12,'京AQ8888','2018-12-06 19:37:29',NULL,NULL,32,0,0,0,557,5,2,3,''),
(13,'京K82007','2018-12-06 19:37:50',NULL,NULL,32,0,0,0,569,5,NULL,NULL,NULL),
(14,'京Q11SX7','2018-12-06 19:46:47',NULL,NULL,32,0,0,0,568,5,NULL,NULL,NULL),
(15,'京LBB779','2018-12-06 19:46:56',NULL,NULL,32,0,0,0,567,5,NULL,NULL,NULL),
(16,'京MBM729','2018-12-06 19:47:35',NULL,NULL,32,0,0,0,565,5,NULL,NULL,NULL),
(17,'','2018-12-06 20:06:42',17,'南屏镇/进场/1542155466309.jpg',32,1,3,0,0,5,NULL,NULL,'1234'),
(18,'京HBZ352','2018-12-13 18:20:36',NULL,NULL,28,0,0,0,1168,5,2,6,''),
(19,'京Y22738','2018-12-14 19:59:59',NULL,NULL,40,0,0,0,1308,5,1,2,''),
(20,'京LS6158','2018-12-14 20:00:05',NULL,NULL,40,0,0,0,1307,5,1,3,''),
(21,'京QR79S0','2018-12-14 20:00:08',NULL,NULL,40,0,0,0,1306,5,1,10,''),
(22,'京N6V112','2018-12-14 20:00:10',NULL,NULL,40,0,0,0,1305,5,0,10,''),
(23,'京PQU092','2018-12-15 17:01:02',NULL,NULL,38,0,0,0,1216,5,2,8,''),
(24,'京NW2D88','2018-12-20 09:59:34',NULL,NULL,31,0,0,0,1863,5,2,6,''),
(25,'京N936B2','2018-12-21 10:55:44',21,'英华雷克萨斯/2018年12月21日/出场/1545360944174324a.jpg',1,0,0,0,571,5,NULL,NULL,NULL),
(26,'京N936B2','2018-12-21 10:55:46',21,'英华雷克萨斯/2018年12月21日/出场/1545360946236e126.jpg',1,0,0,0,133,5,1,NULL,NULL),
(27,'京N936B2','2018-12-21 10:56:07',21,'英华雷克萨斯/2018年12月21日/出场/1545360967888134d.jpg',1,0,0,0,94,5,1,NULL,NULL),
(28,'京N936B2','2018-12-21 11:01:04',21,'英华雷克萨斯/2018年12月21日/出场/1545361264558409c.jpg',1,0,0,0,24,5,1,NULL,NULL),
(29,'京N936B2','2018-12-21 11:14:21',21,'英华雷克萨斯/2018年12月21日/出场/1545362061850a7c0.jpg',1,0,0,0,1764,5,1,1,NULL),
(30,'京N936B2','2018-12-21 11:34:55',21,'英华雷克萨斯/2018年12月21日/出场/15453632953752f2a.jpg',1,0,0,0,1955,5,2,6,NULL),
(31,'京C56529','2018-12-21 12:28:31',21,'英华雷克萨斯/2018年12月21日/出场/1545366511701194b.jpg',1,0,0,1,0,5,NULL,NULL,NULL),
(32,'京C56529','2018-12-21 12:28:34',21,'英华雷克萨斯/2018年12月21日/出场/1545366513938c0dc.jpg',1,0,0,1,0,5,NULL,NULL,NULL),
(33,'京Q887Z7','2018-12-21 15:20:20',21,'英华雷克萨斯/2018年12月21日/出场/15453768201478c14.jpg',1,0,0,0,1870,5,2,10,NULL),
(34,'京P09C33','2018-12-21 16:56:31',NULL,NULL,47,0,0,0,1315,5,2,5,''),
(35,'京CAR860','2018-12-21 17:05:29',NULL,NULL,47,0,0,0,1947,5,2,4,''),
(36,'京QC3760','2018-12-25 11:47:17',21,'英华雷克萨斯/2018年12月25日/出场/15457089658284d57.jpg',1,1,1,0,0,1,NULL,NULL,''),
(37,'京R3J2T7','2018-12-25 12:12:51',NULL,NULL,23,0,0,0,1981,5,2,4,''),
(38,'京N8F0X9','2018-12-25 12:46:06',21,'英华雷克萨斯/2018年12月25日/出场/1545712853236a205.jpg',32,1,1,0,0,5,NULL,NULL,''),
(39,'京JAN018','2018-12-25 13:26:36',21,'英华雷克萨斯/2018年12月25日/出场/1545715483436967e.jpg',32,1,1,0,0,5,NULL,NULL,NULL);

/*Table structure for table `pay_order_log` */

DROP TABLE IF EXISTS `pay_order_log`;

CREATE TABLE `pay_order_log` (
  `id` int(11) unsigned NOT NULL AUTO_INCREMENT,
  `method` varchar(20) CHARACTER SET utf8mb4 COLLATE utf8mb4_bin DEFAULT NULL,
  `params` varchar(500) CHARACTER SET utf8mb4 COLLATE utf8mb4_bin DEFAULT NULL,
  `result` varchar(1000) CHARACTER SET utf8mb4 COLLATE utf8mb4_bin DEFAULT NULL,
  `create_time` timestamp NULL DEFAULT CURRENT_TIMESTAMP,
  PRIMARY KEY (`id`)
) ENGINE=InnoDB DEFAULT CHARSET=utf8mb4 COLLATE=utf8mb4_bin;

/*Data for the table `pay_order_log` */

/*Table structure for table `receipt_info` */

DROP TABLE IF EXISTS `receipt_info`;

CREATE TABLE `receipt_info` (
  `receipt_id` int(11) unsigned NOT NULL AUTO_INCREMENT COMMENT '收款id',
  `receipt_number` varchar(18) CHARACTER SET utf8mb4 COLLATE utf8mb4_bin NOT NULL COMMENT '收款单号',
  `car_number` varchar(10) CHARACTER SET utf8mb4 COLLATE utf8mb4_bin DEFAULT NULL COMMENT '车牌号',
  `customer_name` varchar(10) CHARACTER SET utf8mb4 COLLATE utf8mb4_bin DEFAULT NULL COMMENT '客户姓名',
  `customer_tel` varchar(11) CHARACTER SET utf8mb4 COLLATE utf8mb4_bin DEFAULT NULL COMMENT '客户手机',
  `receipt_money` decimal(10,2) DEFAULT NULL COMMENT '收款金额',
  `receipt_type` varchar(7) CHARACTER SET utf8mb4 COLLATE utf8mb4_bin DEFAULT NULL COMMENT '收款方式 0:pos自选 1:现金\r\n支付宝:alipay\r\n微信:wxpay\r\n京东Pos刷卡:jdpay\r\n',
  `create_time` timestamp NOT NULL DEFAULT CURRENT_TIMESTAMP COMMENT '创建时间',
  `receipt_time` timestamp NULL DEFAULT NULL COMMENT '收款时间',
  `receipt_userid` int(11) DEFAULT NULL COMMENT '收款人id',
  `if_release` tinyint(4) DEFAULT NULL COMMENT '是否放行(0:否;1:是)',
  `store_id` int(11) DEFAULT NULL COMMENT '门店id',
  `remark` varchar(120) CHARACTER SET utf8mb4 COLLATE utf8mb4_bin DEFAULT NULL,
  `status` tinyint(4) DEFAULT '2' COMMENT '支付状态 1已收款 2待收款 3已撤回',
  PRIMARY KEY (`receipt_id`),
  KEY `i_store_id` (`store_id`),
  KEY `i_receipt_userid` (`receipt_userid`)
) ENGINE=InnoDB AUTO_INCREMENT=102 DEFAULT CHARSET=utf8mb4 COLLATE=utf8mb4_bin COMMENT='收款表';

/*Data for the table `receipt_info` */

insert  into `receipt_info`(`receipt_id`,`receipt_number`,`car_number`,`customer_name`,`customer_tel`,`receipt_money`,`receipt_type`,`create_time`,`receipt_time`,`receipt_userid`,`if_release`,`store_id`,`remark`,`status`) values 
(74,'201811091612045773','','','18666542833',0.02,'0','2018-11-09 16:12:04',NULL,1,1,1,NULL,2),
(75,'201811091614356167','京1','','18333602833',0.01,'0','2018-11-09 16:14:35',NULL,1,1,1,NULL,2),
(76,'201811091615203587','','','18444602833',0.01,'1','2018-11-09 16:15:20',NULL,1,1,1,NULL,2),
(77,'201811091617213121','','','18555602833',0.02,'1','2018-11-09 16:17:21',NULL,1,1,1,NULL,2),
(78,'201811091619286098','','','18333602833',0.30,'0','2018-11-09 16:19:28',NULL,1,1,1,NULL,2),
(79,'201811091620255295','京123','','18777602833',0.02,'1','2018-11-09 16:20:25',NULL,1,1,1,NULL,2),
(80,'201811091711187995','','','18333602899',0.01,'0','2018-11-09 17:11:18',NULL,1,1,1,NULL,2),
(81,'201811121734124455','','','17611261755',0.01,'0','2018-11-12 17:34:12',NULL,1,0,1,NULL,2),
(82,'201811121745370665','','','15663893379',0.01,'0','2018-11-12 17:45:37',NULL,1,0,1,NULL,2),
(83,'201811121746068424','','','15663893379',0.01,'0','2018-11-12 17:46:06',NULL,1,0,1,NULL,2),
(84,'201811121751190822','','','15663893379',0.01,'0','2018-11-12 17:51:19',NULL,1,0,1,NULL,2),
(85,'201811121753389419','','','15663893379',0.01,'0','2018-11-12 17:53:38',NULL,1,0,1,NULL,2),
(86,'201811121755434738','','','15663893379',0.01,'0','2018-11-12 17:55:43',NULL,1,0,1,NULL,2),
(87,'201811121759566374','','','15663893379',0.01,'0','2018-11-12 17:59:56',NULL,1,0,1,NULL,2),
(88,'201811121800329468','','','15663893379',0.01,'0','2018-11-12 18:00:32',NULL,1,0,1,NULL,2),
(89,'201811121803392084','','','15663893379',0.01,'0','2018-11-12 18:03:39',NULL,1,0,1,NULL,2),
(90,'201811121825386766','','','15663893379',0.01,'0','2018-11-12 18:25:38',NULL,1,0,1,NULL,2),
(91,'201811121832530518','','','15663893379',0.01,'0','2018-11-12 18:32:53',NULL,1,0,1,NULL,2),
(92,'201811121840042133','','','15663893379',0.01,'0','2018-11-12 18:40:04',NULL,1,0,1,NULL,2),
(93,'201811121859525863','','','15663893379',0.01,'0','2018-11-12 18:59:52',NULL,1,0,1,NULL,2),
(94,'201811141531552917','','','18401244165',0.25,'0','2018-11-14 15:31:55',NULL,1,1,1,NULL,2),
(95,'201811141532510753','','','17898765435',0.23,'0','2018-11-14 15:32:51',NULL,1,1,1,NULL,2),
(96,'201811141533254811','','','18401244167',0.23,'0','2018-11-14 15:33:25',NULL,1,1,1,NULL,2),
(97,'201811141534069114','','','18356754564',0.25,'0','2018-11-14 15:34:06',NULL,1,1,1,NULL,2),
(98,'201811141534542820','','','17689659865',1.00,'0','2018-11-14 15:34:54',NULL,1,1,1,NULL,2),
(99,'201811141535331565','','','18810548767',1.00,'0','2018-11-14 15:35:33',NULL,1,1,1,NULL,2),
(100,'201811211557110745','','','18210123459',1000.00,'0','2018-11-21 15:57:11',NULL,19,1,15,NULL,2),
(101,'201812201002435273','','','13222222222',123.00,'0','2018-12-20 10:02:43',NULL,31,NULL,5,NULL,2);

/*Table structure for table `refund_info` */

DROP TABLE IF EXISTS `refund_info`;

CREATE TABLE `refund_info` (
  `refund_id` int(11) unsigned NOT NULL AUTO_INCREMENT COMMENT '退款id',
  `refund_number` varchar(18) CHARACTER SET utf8mb4 COLLATE utf8mb4_bin NOT NULL COMMENT '退款单号',
  `car_number` varchar(10) CHARACTER SET utf8mb4 COLLATE utf8mb4_bin NOT NULL COMMENT '车牌号',
  `receipt_id` int(11) DEFAULT NULL COMMENT '收款id',
  `refund_money` decimal(10,2) DEFAULT NULL COMMENT '退款金额',
  `refund_type` varchar(10) CHARACTER SET utf8mb4 COLLATE utf8mb4_bin DEFAULT NULL COMMENT '退款方式',
  `refund_userid` int(11) DEFAULT NULL COMMENT '退款人id',
  `refund_time` timestamp NOT NULL DEFAULT CURRENT_TIMESTAMP COMMENT '退款时间',
  `store_id` int(11) DEFAULT NULL COMMENT '门店id',
  PRIMARY KEY (`refund_id`),
  KEY `i_receipt_id` (`receipt_id`),
  KEY `i_refund_userid` (`refund_userid`),
  KEY `i_store_id` (`store_id`)
) ENGINE=InnoDB AUTO_INCREMENT=3 DEFAULT CHARSET=utf8mb4 COLLATE=utf8mb4_bin COMMENT='退款表';

/*Data for the table `refund_info` */

insert  into `refund_info`(`refund_id`,`refund_number`,`car_number`,`receipt_id`,`refund_money`,`refund_type`,`refund_userid`,`refund_time`,`store_id`) values 
(1,'sddddd','京1A459',11,0.10,'0',1,'2018-11-08 19:07:24',1),
(2,'dewded','京1A458',10,0.20,'0',1,'2018-11-07 19:08:06',1);

/*Table structure for table `sys_department` */

DROP TABLE IF EXISTS `sys_department`;

CREATE TABLE `sys_department` (
  `id` int(11) NOT NULL AUTO_INCREMENT,
  `name` varchar(20) CHARACTER SET utf8mb4 COLLATE utf8mb4_bin DEFAULT NULL COMMENT '部门名称',
  `store_id` int(11) NOT NULL,
  `state` tinyint(4) DEFAULT '1' COMMENT '状态（0停用 1启用）',
  `create_user` int(255) DEFAULT NULL,
  `create_time` timestamp NOT NULL DEFAULT CURRENT_TIMESTAMP,
  `update_user` int(11) DEFAULT NULL,
  `update_time` timestamp NULL DEFAULT NULL ON UPDATE CURRENT_TIMESTAMP,
  PRIMARY KEY (`id`)
) ENGINE=InnoDB AUTO_INCREMENT=25 DEFAULT CHARSET=utf8mb4 COLLATE=utf8mb4_bin;

/*Data for the table `sys_department` */

insert  into `sys_department`(`id`,`name`,`store_id`,`state`,`create_user`,`create_time`,`update_user`,`update_time`) values 
(1,'部门1',1,0,111,'2018-11-28 14:47:29',1,'2018-11-28 14:47:30'),
(2,'部门2',1,0,1,'2018-11-12 12:57:48',1,'2018-11-12 12:57:49'),
(3,'行政部',1,1,1,'2018-10-10 18:39:40',NULL,NULL),
(4,'运营部',4,1,1,'2018-11-01 17:44:33',NULL,NULL),
(5,'888',2,0,1,'2018-11-01 17:45:13',NULL,NULL),
(6,'行政部',5,1,1,'2018-11-28 22:40:12',23,'2018-11-28 22:40:12'),
(7,'有意义',1,1,1,'2018-11-01 17:46:10',NULL,NULL),
(8,'部门4',7,1,1,'2018-11-05 18:29:05',1,'2018-11-05 18:29:06'),
(9,'部门5',4,0,1,'2018-11-28 14:47:14',1,'2018-11-28 14:47:15'),
(10,'8889',2,0,1,'2018-11-09 17:50:57',1,'2018-11-09 17:50:57'),
(11,'009886543',12,1,1,'2018-11-01 18:51:34',1,'2018-11-01 18:51:34'),
(12,'71615',3,0,1,'2018-11-06 11:39:40',1,'2018-11-06 11:39:41'),
(13,'9',6,0,1,'2018-11-28 14:41:17',1,'2018-11-28 14:41:18'),
(14,'7716',4,1,1,'2018-11-02 18:36:12',1,'2018-11-02 18:36:13'),
(15,'技术部',15,1,2,'2018-11-28 14:40:59',1,'2018-11-28 14:41:00'),
(16,'财务部',15,1,2,'2018-11-07 19:01:45',1,'2018-11-07 19:01:46'),
(17,'88988',1,0,1,'2018-11-12 12:54:03',1,'2018-11-12 12:54:03'),
(18,'后勤部',14,1,1,'2018-11-12 17:17:57',NULL,NULL),
(19,'新车销售',5,1,1,'2018-12-11 18:06:52',23,'2018-12-11 18:06:52'),
(20,'保险',15,1,1,'2018-11-28 14:43:28',1,'2018-11-28 14:43:28'),
(21,'售后',15,1,1,'2018-11-28 14:43:23',1,'2018-11-28 14:43:24'),
(22,'行政',15,1,1,'2018-11-28 14:43:19',1,'2018-11-28 14:43:20'),
(23,'财务部',5,1,23,'2018-11-28 22:41:30',NULL,NULL),
(24,'售后服务部',5,1,23,'2018-11-28 22:49:42',NULL,NULL);

/*Table structure for table `sys_menu` */

DROP TABLE IF EXISTS `sys_menu`;

CREATE TABLE `sys_menu` (
  `id` int(11) unsigned NOT NULL AUTO_INCREMENT,
  `parent_id` int(11) DEFAULT NULL,
  `name` varchar(32) CHARACTER SET utf8mb4 COLLATE utf8mb4_bin DEFAULT NULL COMMENT '目录名称',
  `level` int(11) DEFAULT NULL COMMENT '目录级别',
  `leaf` bit(1) DEFAULT NULL COMMENT '是否是叶子节点',
  `url` varchar(100) CHARACTER SET utf8mb4 COLLATE utf8mb4_bin DEFAULT NULL COMMENT '访问url',
  `icon_path` varchar(120) CHARACTER SET utf8mb4 COLLATE utf8mb4_bin DEFAULT NULL COMMENT '图标路径',
  `sort` int(11) DEFAULT '0',
  `create_time` timestamp NOT NULL DEFAULT CURRENT_TIMESTAMP COMMENT '创建时间',
  `update_time` timestamp NULL DEFAULT NULL COMMENT '修改时间',
  `deleted` bit(1) DEFAULT b'0' COMMENT '是否删除 0 不删除 1 删除',
  PRIMARY KEY (`id`) USING BTREE
) ENGINE=InnoDB AUTO_INCREMENT=607 DEFAULT CHARSET=utf8mb4 COLLATE=utf8mb4_bin ROW_FORMAT=COMPACT COMMENT='菜单表';

/*Data for the table `sys_menu` */

insert  into `sys_menu`(`id`,`parent_id`,`name`,`level`,`leaf`,`url`,`icon_path`,`sort`,`create_time`,`update_time`,`deleted`) values 
(1,0,'系统管理',1,'\0',NULL,NULL,1000,'2018-10-17 15:19:01',NULL,'\0'),
(2,0,'权限管理',1,'\0',NULL,NULL,1001,'2018-10-17 15:21:39',NULL,'\0'),
(3,0,'进出场管理',1,'\0',NULL,NULL,1002,'2018-10-17 15:22:01',NULL,'\0'),
(4,0,'收银管理',1,'\0',NULL,NULL,1003,'2018-10-17 15:22:30',NULL,'\0'),
(5,0,'数据报表',1,'\0',NULL,NULL,1020,'2018-10-29 11:12:14',NULL,'\0'),
(6,0,'车险管理',1,'\0',NULL,NULL,1023,'2019-02-15 20:29:40',NULL,'\0'),
(101,1,'企业信息',2,'','/manageSystem/companyInfo',NULL,1004,'2018-10-17 15:23:12',NULL,'\0'),
(102,1,'区域信息',2,'','/manageSystem/areaInfo',NULL,1005,'2018-10-17 15:24:53',NULL,'\0'),
(103,1,'门店信息',2,'','/manageSystem/store-info',NULL,1006,'2018-10-17 15:25:26',NULL,'\0'),
(104,1,'摄像头管理',2,'','/manageSystem/manage-camera',NULL,1007,'2018-10-17 15:26:13',NULL,'\0'),
(201,2,'部门信息',2,'','/managePermission/departmentInfor',NULL,1008,'2018-10-17 15:26:24',NULL,'\0'),
(202,2,'用户账号',2,'','/managePermission/userAccount',NULL,1009,'2018-10-17 15:28:00',NULL,'\0'),
(301,3,'车辆白名单',2,'','/in-out/white-list-car',NULL,1010,'2018-10-17 15:29:01',NULL,'\0'),
(302,3,'待申请放行',2,'','/in-out/wait-application',NULL,1011,'2018-10-17 15:32:05',NULL,'\0'),
(303,3,'待审核放行',2,'','/in-out/wait-check',NULL,1012,'2018-11-30 16:12:30',NULL,'\0'),
(304,3,'待出场车辆',2,'','/in-out/wait-out-car',NULL,1013,'2018-10-17 15:32:54',NULL,'\0'),
(305,3,'白名单出场',2,'','/in-out/white-list-car-out',NULL,1014,'2018-10-17 15:33:35',NULL,'\0'),
(306,3,'无牌出场',2,'','/in-out/unlicensed-car-out',NULL,1015,'2018-10-17 15:34:47',NULL,'\0'),
(307,3,'异常出场',2,'','/in-out/unusual-car-out',NULL,1016,'2018-10-17 15:35:07',NULL,'\0'),
(308,3,'进出场记录',2,'','/in-out/in-out-record',NULL,1017,'2018-10-17 15:36:03',NULL,'\0'),
(401,4,'收款列表',2,'','/collect-money/receipt-list',NULL,1018,'2018-10-17 15:37:18',NULL,'\0'),
(402,4,'退款列表',2,'','/collect-money/refund-list',NULL,1019,'2018-10-17 15:37:53',NULL,'\0'),
(501,5,'进出场数据',2,'','/data-report/in-out-data',NULL,1021,'2018-10-29 11:13:36',NULL,'\0'),
(502,5,'异常出场数据',2,'','/data-report/unusual-in-out-data',NULL,1022,'2018-10-29 11:14:18',NULL,'\0'),
(601,6,'车档管理',2,'','/bx/vehicle',NULL,1024,'2019-02-15 20:31:44',NULL,'\0'),
(602,6,'车险报价',2,'','/bx/insurance-quote',NULL,1027,'2019-03-01 11:09:24',NULL,'\0'),
(603,6,'保险公司账号管理',2,'','/bx/insurance-account',NULL,1026,'2019-03-04 13:04:20',NULL,'\0'),
(604,6,'车档导入',2,'','/bx/vehicle-import',NULL,1025,'2019-03-08 17:16:11',NULL,'\0'),
(605,6,'投保公司统计',2,'','/bx/insure-report',NULL,1028,'2019-03-13 11:24:04',NULL,'\0'),
(606,6,'业务员短信统计',2,'','/bx/sms-report',NULL,1029,'2019-03-13 15:24:53',NULL,'\0');

/*Table structure for table `sys_role` */

DROP TABLE IF EXISTS `sys_role`;

CREATE TABLE `sys_role` (
  `role_id` int(11) NOT NULL AUTO_INCREMENT,
  `role_name` varchar(20) CHARACTER SET utf8mb4 COLLATE utf8mb4_bin DEFAULT NULL,
  `state` tinyint(4) DEFAULT '1' COMMENT '状态（0停用 1启用）',
  `create_user` int(11) DEFAULT NULL,
  `create_time` timestamp NULL DEFAULT CURRENT_TIMESTAMP,
  `update_user` int(11) DEFAULT NULL,
  `update_time` timestamp NULL DEFAULT NULL ON UPDATE CURRENT_TIMESTAMP,
  PRIMARY KEY (`role_id`)
) ENGINE=InnoDB AUTO_INCREMENT=14 DEFAULT CHARSET=utf8mb4 COLLATE=utf8mb4_bin;

/*Data for the table `sys_role` */

insert  into `sys_role`(`role_id`,`role_name`,`state`,`create_user`,`create_time`,`update_user`,`update_time`) values 
(1,'平台管理员',1,1,'2018-10-24 16:56:10',NULL,'2018-10-24 16:56:10'),
(2,'企业管理员',1,1,'2018-10-24 16:56:41',NULL,'2018-10-24 16:56:41'),
(3,'门店管理员',1,1,'2018-10-24 16:56:43',NULL,'2018-10-24 16:56:43'),
(4,'收银员',1,1,'2018-10-24 16:56:45',NULL,'2018-10-24 16:56:45'),
(5,'申请放行人',1,1,'2018-11-30 16:07:12',NULL,'2018-11-30 16:07:12'),
(6,'销售审核人',1,1,'2018-11-30 16:07:45',NULL,NULL),
(7,'售后经理',1,1,'2018-12-08 23:45:40',NULL,'2018-12-08 23:45:40'),
(8,'行政审核人',1,1,'2018-11-30 16:08:31',NULL,'2018-11-30 16:08:31'),
(9,'门卫',1,1,'2018-11-30 16:08:31',NULL,NULL),
(10,'前台主管',1,1,'2018-12-08 23:44:59',NULL,NULL),
(11,'续保经理',1,1,'2018-12-08 23:45:12',NULL,'2018-12-25 13:22:10'),
(12,'车间主任',1,1,'2018-12-08 23:45:29',NULL,NULL),
(13,'保险部',1,1,'2019-03-15 16:47:03',NULL,NULL);

/*Table structure for table `sys_role_menu` */

DROP TABLE IF EXISTS `sys_role_menu`;

CREATE TABLE `sys_role_menu` (
  `id` int(11) unsigned NOT NULL AUTO_INCREMENT,
  `menu_id` int(11) DEFAULT NULL,
  `role_id` int(11) DEFAULT NULL,
  `create_time` timestamp NOT NULL DEFAULT CURRENT_TIMESTAMP COMMENT '创建时间',
  `update_time` timestamp NULL DEFAULT NULL COMMENT '修改时间',
  `deleted` bit(1) DEFAULT b'0' COMMENT '是否删除 0 不删除 1 删除',
  PRIMARY KEY (`id`) USING BTREE
) ENGINE=InnoDB AUTO_INCREMENT=225 DEFAULT CHARSET=utf8mb4 COLLATE=utf8mb4_bin ROW_FORMAT=COMPACT;

/*Data for the table `sys_role_menu` */

insert  into `sys_role_menu`(`id`,`menu_id`,`role_id`,`create_time`,`update_time`,`deleted`) values 
(1,1,1,'2018-11-30 16:18:37',NULL,'\0'),
(2,2,1,'2018-11-30 16:18:37',NULL,'\0'),
(3,3,1,'2018-11-30 16:18:37',NULL,'\0'),
(4,4,1,'2018-11-30 16:18:37',NULL,'\0'),
(5,5,1,'2018-11-30 16:18:37',NULL,'\0'),
(6,101,1,'2018-11-30 16:18:37',NULL,'\0'),
(7,102,1,'2018-11-30 16:18:37',NULL,'\0'),
(8,103,1,'2018-11-30 16:18:37',NULL,'\0'),
(9,104,1,'2018-11-30 16:18:37',NULL,'\0'),
(10,201,1,'2018-11-30 16:18:37',NULL,'\0'),
(11,202,1,'2018-11-30 16:18:37',NULL,'\0'),
(12,301,1,'2018-11-30 16:18:37',NULL,'\0'),
(13,302,1,'2018-11-30 16:18:37',NULL,'\0'),
(14,303,1,'2018-11-30 16:18:37',NULL,'\0'),
(15,304,1,'2018-11-30 16:18:37',NULL,'\0'),
(16,305,1,'2018-11-30 16:18:37',NULL,'\0'),
(17,306,1,'2018-11-30 16:18:37',NULL,'\0'),
(18,307,1,'2018-11-30 16:18:37',NULL,'\0'),
(19,308,1,'2018-11-30 16:18:37',NULL,'\0'),
(20,401,1,'2018-11-30 16:18:37',NULL,'\0'),
(21,402,1,'2018-11-30 16:18:37',NULL,'\0'),
(22,501,1,'2018-11-30 16:18:37',NULL,'\0'),
(23,502,1,'2018-11-30 16:18:37',NULL,'\0'),
(24,6,1,'2019-02-15 20:34:37',NULL,'\0'),
(25,601,1,'2019-02-15 20:34:37',NULL,'\0'),
(26,602,1,'2019-03-01 11:10:51',NULL,'\0'),
(27,603,1,'2019-03-04 13:04:57',NULL,'\0'),
(28,604,1,'2019-03-08 17:17:01',NULL,'\0'),
(32,2,2,'2018-11-30 16:20:25',NULL,'\0'),
(33,3,2,'2018-11-30 16:20:25',NULL,'\0'),
(34,4,2,'2018-11-30 16:20:25',NULL,'\0'),
(35,5,2,'2018-11-30 16:20:25',NULL,'\0'),
(36,201,2,'2018-11-30 16:20:25',NULL,'\0'),
(37,202,2,'2018-11-30 16:20:25',NULL,'\0'),
(38,301,2,'2018-11-30 16:20:25',NULL,'\0'),
(39,302,2,'2018-11-30 16:20:25',NULL,'\0'),
(40,303,2,'2018-11-30 16:20:25',NULL,'\0'),
(41,304,2,'2018-11-30 16:20:25',NULL,'\0'),
(42,305,2,'2018-11-30 16:20:25',NULL,'\0'),
(43,306,2,'2018-11-30 16:20:25',NULL,'\0'),
(44,307,2,'2018-11-30 16:20:25',NULL,'\0'),
(45,308,2,'2018-11-30 16:20:25',NULL,'\0'),
(46,401,2,'2018-11-30 16:20:25',NULL,'\0'),
(47,402,2,'2018-11-30 16:20:25',NULL,'\0'),
(48,501,2,'2018-11-30 16:20:25',NULL,'\0'),
(49,502,2,'2018-11-30 16:20:25',NULL,'\0'),
(63,2,3,'2018-11-30 16:21:32',NULL,'\0'),
(64,3,3,'2018-11-30 16:21:32',NULL,'\0'),
(65,4,3,'2018-11-30 16:21:32',NULL,'\0'),
(66,5,3,'2018-11-30 16:21:32',NULL,'\0'),
(67,201,3,'2018-11-30 16:21:32',NULL,'\0'),
(68,202,3,'2018-11-30 16:21:32',NULL,'\0'),
(69,301,3,'2018-11-30 16:21:32',NULL,'\0'),
(70,302,3,'2018-11-30 16:21:32',NULL,'\0'),
(71,303,3,'2018-11-30 16:21:32',NULL,'\0'),
(72,304,3,'2018-11-30 16:21:32',NULL,'\0'),
(73,305,3,'2018-11-30 16:21:32',NULL,'\0'),
(74,306,3,'2018-11-30 16:21:32',NULL,'\0'),
(75,307,3,'2018-11-30 16:21:32',NULL,'\0'),
(76,308,3,'2018-11-30 16:21:32',NULL,'\0'),
(77,401,3,'2018-11-30 16:21:32',NULL,'\0'),
(78,402,3,'2018-11-30 16:21:32',NULL,'\0'),
(79,501,3,'2018-11-30 16:21:32',NULL,'\0'),
(80,502,3,'2018-11-30 16:21:32',NULL,'\0'),
(94,3,4,'2018-11-30 16:25:36',NULL,'\0'),
(95,4,4,'2018-11-30 16:25:36',NULL,'\0'),
(96,303,4,'2018-11-30 16:25:36',NULL,'\0'),
(97,304,4,'2018-11-30 16:25:36',NULL,'\0'),
(98,401,4,'2018-11-30 16:25:36',NULL,'\0'),
(99,402,4,'2018-11-30 16:25:36',NULL,'\0'),
(101,3,5,'2018-11-30 16:26:13',NULL,'\0'),
(103,302,5,'2018-11-30 16:26:13',NULL,'\0'),
(104,303,5,'2018-11-30 16:26:13',NULL,'\0'),
(105,304,5,'2018-11-30 16:26:13',NULL,'\0'),
(106,305,5,'2018-11-30 16:26:13',NULL,'\0'),
(107,306,5,'2018-11-30 16:26:13',NULL,'\0'),
(108,307,5,'2018-11-30 16:26:13',NULL,'\0'),
(109,308,5,'2018-11-30 16:26:13',NULL,'\0'),
(116,3,6,'2018-11-30 16:26:54',NULL,'\0'),
(118,302,6,'2018-11-30 16:26:54',NULL,'\0'),
(119,303,6,'2018-11-30 16:26:54',NULL,'\0'),
(120,304,6,'2018-11-30 16:26:54',NULL,'\0'),
(121,305,6,'2018-11-30 16:26:54',NULL,'\0'),
(122,306,6,'2018-11-30 16:26:54',NULL,'\0'),
(123,307,6,'2018-11-30 16:26:54',NULL,'\0'),
(124,308,6,'2018-11-30 16:26:54',NULL,'\0'),
(131,3,7,'2018-11-30 16:26:57',NULL,'\0'),
(133,302,7,'2018-11-30 16:26:57',NULL,'\0'),
(134,303,7,'2018-11-30 16:26:57',NULL,'\0'),
(135,304,7,'2018-11-30 16:26:57',NULL,'\0'),
(136,305,7,'2018-11-30 16:26:57',NULL,'\0'),
(137,306,7,'2018-11-30 16:26:57',NULL,'\0'),
(138,307,7,'2018-11-30 16:26:57',NULL,'\0'),
(139,308,7,'2018-11-30 16:26:57',NULL,'\0'),
(146,3,8,'2018-11-30 16:27:02',NULL,'\0'),
(148,302,8,'2018-11-30 16:27:02',NULL,'\0'),
(149,303,8,'2018-11-30 16:27:02',NULL,'\0'),
(150,304,8,'2018-11-30 16:27:02',NULL,'\0'),
(151,305,8,'2018-11-30 16:27:02',NULL,'\0'),
(152,306,8,'2018-11-30 16:27:02',NULL,'\0'),
(153,307,8,'2018-11-30 16:27:02',NULL,'\0'),
(154,308,8,'2018-11-30 16:27:02',NULL,'\0'),
(161,304,9,'2018-11-30 16:28:35',NULL,'\0'),
(162,308,9,'2018-11-30 16:28:35',NULL,'\0'),
(163,3,9,'2018-12-05 11:17:36',NULL,'\0'),
(171,302,4,'2018-12-06 18:13:47',NULL,'\0'),
(172,305,4,'2018-12-06 18:13:47',NULL,'\0'),
(173,306,4,'2018-12-06 18:13:47',NULL,'\0'),
(174,307,4,'2018-12-06 18:13:47',NULL,'\0'),
(175,308,4,'2018-12-06 18:13:47',NULL,'\0'),
(178,3,12,'2018-12-08 23:44:26',NULL,'\0'),
(179,302,12,'2018-12-08 23:44:26',NULL,'\0'),
(180,303,12,'2018-12-08 23:44:26',NULL,'\0'),
(181,304,12,'2018-12-08 23:44:26',NULL,'\0'),
(182,305,12,'2018-12-08 23:44:26',NULL,'\0'),
(183,306,12,'2018-12-08 23:44:26',NULL,'\0'),
(184,307,12,'2018-12-08 23:44:26',NULL,'\0'),
(185,308,12,'2018-12-08 23:44:26',NULL,'\0'),
(193,3,11,'2018-12-08 23:44:31',NULL,'\0'),
(194,302,11,'2018-12-08 23:44:31',NULL,'\0'),
(195,303,11,'2018-12-08 23:44:31',NULL,'\0'),
(196,304,11,'2018-12-08 23:44:31',NULL,'\0'),
(197,305,11,'2018-12-08 23:44:31',NULL,'\0'),
(198,306,11,'2018-12-08 23:44:31',NULL,'\0'),
(199,307,11,'2018-12-08 23:44:31',NULL,'\0'),
(200,308,11,'2018-12-08 23:44:31',NULL,'\0'),
(208,3,10,'2018-12-08 23:44:35',NULL,'\0'),
(209,302,10,'2018-12-08 23:44:35',NULL,'\0'),
(210,303,10,'2018-12-08 23:44:35',NULL,'\0'),
(211,304,10,'2018-12-08 23:44:35',NULL,'\0'),
(212,305,10,'2018-12-08 23:44:35',NULL,'\0'),
(213,306,10,'2018-12-08 23:44:35',NULL,'\0'),
(214,307,10,'2018-12-08 23:44:35',NULL,'\0'),
(215,308,10,'2018-12-08 23:44:35',NULL,'\0'),
(216,605,1,'2019-03-13 11:25:50',NULL,'\0'),
(217,606,1,'2019-03-13 15:24:53',NULL,'\0');

/*Table structure for table `sys_user` */

DROP TABLE IF EXISTS `sys_user`;

CREATE TABLE `sys_user` (
  `user_id` int(11) NOT NULL AUTO_INCREMENT,
  `user_name` varchar(20) CHARACTER SET utf8mb4 COLLATE utf8mb4_bin DEFAULT NULL COMMENT '用户姓名',
  `user_tel` varchar(11) CHARACTER SET utf8mb4 COLLATE utf8mb4_bin DEFAULT NULL COMMENT '手机号',
  `user_code` varchar(20) CHARACTER SET utf8mb4 COLLATE utf8mb4_bin DEFAULT NULL,
  `user_pass` varchar(50) CHARACTER SET utf8mb4 COLLATE utf8mb4_bin DEFAULT NULL COMMENT '用户密码',
  `role_id` int(11) NOT NULL COMMENT '所属角色',
  `company_id` int(11) NOT NULL COMMENT '所属企业',
  `area_id` int(11) DEFAULT NULL COMMENT '所属区域',
  `store_id` int(11) NOT NULL COMMENT '所属门店',
  `department_id` int(11) NOT NULL COMMENT '所属部门',
  `state` tinyint(4) DEFAULT '1' COMMENT '状态(0:关闭;1:启用)',
  `create_user` int(11) DEFAULT NULL,
  `create_time` timestamp NOT NULL DEFAULT CURRENT_TIMESTAMP,
  `update_user` int(11) DEFAULT NULL,
  `update_time` timestamp NULL DEFAULT NULL ON UPDATE CURRENT_TIMESTAMP,
  `remark` varchar(255) CHARACTER SET utf8mb4 COLLATE utf8mb4_bin DEFAULT NULL,
  `change_num` int(11) DEFAULT '0',
  PRIMARY KEY (`user_id`),
  KEY `i_store_id` (`store_id`),
  KEY `i_department_id` (`department_id`)
) ENGINE=InnoDB AUTO_INCREMENT=50 DEFAULT CHARSET=utf8mb4 COLLATE=utf8mb4_bin;

/*Data for the table `sys_user` */

insert  into `sys_user`(`user_id`,`user_name`,`user_tel`,`user_code`,`user_pass`,`role_id`,`company_id`,`area_id`,`store_id`,`department_id`,`state`,`create_user`,`create_time`,`update_user`,`update_time`,`remark`,`change_num`) values 
(1,'系统','13331104287','admin','e10adc3949ba59abbe56e057f20f883e',1,1,1,1,3,1,NULL,'2018-12-06 10:11:11',46,'2019-03-15 15:39:08','',3),
(22,'张静','13552848876','zhjingapple','dc483e80a7a0bd9ef71d8cf973673924',1,2,NULL,5,6,1,1,'2018-12-11 17:53:23',23,'2018-12-20 13:51:02','test',1),
(23,'姜盼盼','18210123459','jiangpanpan','c33367701511b4f6020ec61ded352059',3,2,NULL,5,6,1,1,'2018-12-06 16:22:31',46,'2018-12-25 12:19:43','',1),
(24,'崔文延','18610791105','cuiwenyan','e10adc3949ba59abbe56e057f20f883e',1,2,NULL,15,22,1,1,'2018-12-03 14:58:47',1,'2018-12-03 14:58:47','',0),
(25,'zhaopengfei','18210548952','zhaopengfei','e10adc3949ba59abbe56e057f20f883e',5,2,NULL,5,24,1,1,'2018-12-03 14:58:47',25,'2018-12-20 10:48:55','',1),
(26,'收银子','13552848873','shouyin','c33367701511b4f6020ec61ded352059',4,2,NULL,5,23,1,1,'2018-12-03 14:58:47',23,'2018-12-03 14:58:47','',1),
(27,'收银员','18210123459','panpan1','e10adc3949ba59abbe56e057f20f883e',4,2,NULL,5,24,1,1,'2018-12-13 12:05:23',23,'2018-12-14 19:44:45','',2),
(28,'售后经理','18210123457','shouhou','c33367701511b4f6020ec61ded352059',7,2,NULL,5,24,1,23,'2018-12-13 12:06:20',23,'2018-12-14 19:40:20','',1),
(29,'888','18401244160','a888','dc483e80a7a0bd9ef71d8cf973673924',5,1,NULL,1,3,1,1,'2018-12-07 11:30:21',1,'2018-12-07 11:30:22','',1),
(30,'王铁军','13601363377','wangtiejun','e10adc3949ba59abbe56e057f20f883e',3,2,NULL,5,24,1,23,'2018-12-03 14:58:47',NULL,'2018-12-03 14:58:47','',0),
(31,'zhaopengfei','18210548953','zhaopengfei1','e10adc3949ba59abbe56e057f20f883e',3,2,NULL,5,24,1,25,'2018-12-11 18:22:44',25,'2018-12-19 17:59:53','',1),
(32,'侯','17611261755','houyb','dc483e80a7a0bd9ef71d8cf973673924',3,2,NULL,5,6,1,1,'2018-12-13 11:45:10',1,'2018-12-17 14:15:08','',1),
(33,'zhaopengfei','18210548954','zhaopengfei2','e10adc3949ba59abbe56e057f20f883e',7,2,NULL,5,24,1,25,'2018-12-13 11:42:22',25,'2018-12-19 18:00:19','',1),
(34,'李海鹏','13811111111','lihaipeng','e10adc3949ba59abbe56e057f20f883e',3,2,NULL,5,24,1,23,'2018-12-11 18:07:46',23,'2018-12-11 18:07:46','',1),
(35,'王文杰','13521219593','wangwenjie','1cb423b87c5ae7f010a98e1b2c6047a4',3,2,NULL,5,19,1,22,'2018-12-11 18:07:05',23,'2018-12-11 18:07:05','',1),
(36,'前台主管','18210123459','panpan2','e10adc3949ba59abbe56e057f20f883e',10,2,NULL,5,24,1,23,'2018-12-14 19:35:57',23,'2018-12-14 19:44:35','',2),
(37,'车间主任','18210123459','panpan3','e10adc3949ba59abbe56e057f20f883e',12,2,NULL,5,24,1,23,'2018-12-14 19:39:43',23,'2018-12-14 19:44:29','',2),
(38,'保险经理','18210123459','panpan4','c33367701511b4f6020ec61ded352059',11,2,NULL,5,24,1,23,'2018-12-14 19:41:26',23,'2018-12-14 19:44:22','',1),
(39,'申请放行人','18210123459','panpan5','e10adc3949ba59abbe56e057f20f883e',5,2,NULL,5,24,1,23,'2018-12-14 19:46:08',NULL,'2018-12-14 20:00:26','',2),
(40,'门卫','18210123459','panpan6','c33367701511b4f6020ec61ded352059',9,2,NULL,5,6,1,23,'2018-12-14 19:46:55',NULL,'2018-12-14 19:59:29','',1),
(41,'行政审核人','18210123459','panpan7','e10adc3949ba59abbe56e057f20f883e',8,2,NULL,5,6,1,23,'2018-12-14 19:48:05',NULL,'2018-12-14 19:58:48','',2),
(42,'销售审核人','18210123459','panpan8','e10adc3949ba59abbe56e057f20f883e',6,2,NULL,5,19,1,23,'2018-12-14 19:48:36',NULL,'2018-12-14 19:56:37','',2),
(43,'申请放行人','18210123459','panpan9','e10adc3949ba59abbe56e057f20f883e',5,2,NULL,5,6,1,23,'2018-12-14 19:51:19',1,'2018-12-17 14:53:16','',2),
(44,'zhaopengfei3','18210548955','zhaopengfei3','670b14728ad9902aecba32e22fa4f6bd',4,2,NULL,5,23,1,25,'2018-12-19 18:02:21',NULL,'2018-12-19 18:06:47','',1),
(45,'黄丹丹','13211111111','huangdandan','c33367701511b4f6020ec61ded352059',1,2,NULL,5,24,1,25,'2018-12-19 18:23:44',NULL,'2018-12-20 09:13:29','',1),
(46,'王燕','13311111111','wangyan','c33367701511b4f6020ec61ded352059',1,2,NULL,5,24,1,25,'2018-12-19 18:24:27',NULL,'2018-12-20 09:13:37','',1),
(47,'王燕','15011303296','wangyan1','c33367701511b4f6020ec61ded352059',3,2,NULL,5,6,1,46,'2018-12-20 14:52:50',NULL,'2018-12-20 14:53:47','',1),
(48,'王来拴','17778129297','wanglaishuan','e10adc3949ba59abbe56e057f20f883e',9,2,NULL,5,6,1,23,'2018-12-25 10:36:31',23,'2018-12-25 10:37:07','',0),
(49,'xiaotao','13888888888','xiaotao','e10adc3949ba59abbe56e057f20f883e',13,1,NULL,1,3,1,1,'2019-03-15 16:54:46',NULL,'2019-03-15 16:55:01',NULL,1);

/*Table structure for table `sys_user_login_log` */

DROP TABLE IF EXISTS `sys_user_login_log`;

CREATE TABLE `sys_user_login_log` (
  `id` int(11) unsigned NOT NULL AUTO_INCREMENT,
  `user_id` int(11) NOT NULL COMMENT '登录用户id',
  `login_token` varchar(100) CHARACTER SET utf8mb4 COLLATE utf8mb4_bin NOT NULL COMMENT '登陆token',
  `login_ip` varchar(20) CHARACTER SET utf8mb4 COLLATE utf8mb4_bin DEFAULT NULL COMMENT '登陆ip',
  `login_time` timestamp NOT NULL DEFAULT CURRENT_TIMESTAMP COMMENT '登录时间',
  `out_time` timestamp NULL DEFAULT NULL COMMENT '退出时间',
  `login_type` tinyint(4) DEFAULT '0' COMMENT '登陆类型 0 PC端 1 微信端',
  PRIMARY KEY (`id`)
) ENGINE=InnoDB AUTO_INCREMENT=1026 DEFAULT CHARSET=utf8mb4 COLLATE=utf8mb4_bin COMMENT='登陆记录表';

/*Data for the table `sys_user_login_log` */

insert  into `sys_user_login_log`(`id`,`user_id`,`login_token`,`login_ip`,`login_time`,`out_time`,`login_type`) values 
(1,1,'REVGRU5TT1JfMV8xNTQwNTI0MzAzOTY3','127.0.0.1','2018-10-26 11:25:04',NULL,0),
(2,1,'REVGRU5TT1JfMV8xNTQwNTM1MzIwMDYy','10.165.109.183','2018-10-26 14:28:40',NULL,0),
(3,1,'REVGRU5TT1JfMV8xNTQwNTM1MzM5MzI3','10.165.109.183','2018-10-26 14:28:59',NULL,0),
(4,1,'REVGRU5TT1JfMV8xNTQwNTM1Mzk1Nzcx','127.0.0.1','2018-10-26 14:29:55',NULL,0),
(5,1,'REVGRU5TT1JfMV8xNTQwNTM1NDE0MjU3','127.0.0.1','2018-10-26 14:30:14',NULL,0),
(6,1,'REVGRU5TT1JfMV8xNTQwNTM2NjkyNzI1','127.0.0.1','2018-10-26 14:51:32',NULL,0),
(7,1,'REVGRU5TT1JfMV8xNTQwNTM2NzQ4NjQ1','127.0.0.1','2018-10-26 14:52:28',NULL,0),
(8,1,'REVGRU5TT1JfMV8xNTQwNTM2OTE3ODY5','127.0.0.1','2018-10-26 14:55:17',NULL,0),
(9,1,'REVGRU5TT1JfMV8xNTQwNTM3MDE5MDY3','127.0.0.1','2018-10-26 14:56:59',NULL,0),
(10,1,'REVGRU5TT1JfMV8xNTQwNTM3MDg4MDU0','127.0.0.1','2018-10-26 14:58:08',NULL,0),
(11,1,'REVGRU5TT1JfMV8xNTQwNTM3MTAxNjIz','127.0.0.1','2018-10-26 14:58:21',NULL,0),
(12,1,'REVGRU5TT1JfMV8xNTQwNTM3MTk4NjUw','127.0.0.1','2018-10-26 14:59:58',NULL,0),
(13,1,'REVGRU5TT1JfMV8xNTQwNTM3MjM3OTYw','127.0.0.1','2018-10-26 15:00:37',NULL,0),
(14,1,'REVGRU5TT1JfMV8xNTQwNTM3MzI0MTI2','127.0.0.1','2018-10-26 15:02:04',NULL,0),
(15,1,'REVGRU5TT1JfMV8xNTQwNTM3MzM1MjQ3','127.0.0.1','2018-10-26 15:02:15',NULL,0),
(16,1,'REVGRU5TT1JfMV8xNTQwNTM3MzU5Mzcz','127.0.0.1','2018-10-26 15:02:39',NULL,0),
(17,1,'REVGRU5TT1JfMV8xNTQwNTM3NTg2Mjg1','127.0.0.1','2018-10-26 15:06:26',NULL,0),
(18,1,'REVGRU5TT1JfMV8xNTQwNTM3NjM0NjIz','127.0.0.1','2018-10-26 15:07:14',NULL,0),
(19,1,'REVGRU5TT1JfMV8xNTQwNTM3NjYxOTA3','127.0.0.1','2018-10-26 15:07:41',NULL,0),
(20,1,'REVGRU5TT1JfMV8xNTQwNTM3NjcwNTcw','127.0.0.1','2018-10-26 15:07:50',NULL,0),
(21,1,'REVGRU5TT1JfMV8xNTQwNTM3NzUxNjc1','127.0.0.1','2018-10-26 15:09:11',NULL,0),
(22,1,'REVGRU5TT1JfMV8xNTQwNTM3Nzg1OTEx','127.0.0.1','2018-10-26 15:09:45',NULL,0),
(23,1,'REVGRU5TT1JfMV8xNTQwNTM3ODY5NTI0','127.0.0.1','2018-10-26 15:11:09',NULL,0),
(24,1,'REVGRU5TT1JfMV8xNTQwNTM3OTUwMTkx','127.0.0.1','2018-10-26 15:12:30',NULL,0),
(25,1,'REVGRU5TT1JfMV8xNTQwNTQxMjI1NDkx','127.0.0.1','2018-10-26 16:07:05',NULL,0),
(26,1,'REVGRU5TT1JfMV8xNTQwNTQxNDI0NzAx','127.0.0.1','2018-10-26 16:10:24','2018-10-26 16:15:04',0),
(27,1,'REVGRU5TT1JfMV8xNTQwNTQxNzMyNDY5','127.0.0.1','2018-10-26 16:15:32','2018-10-26 16:15:39',0),
(28,1,'REVGRU5TT1JfMV8xNTQwNTQzNjE5Njc5','127.0.0.1','2018-10-26 16:46:59',NULL,0),
(29,1,'REVGRU5TT1JfMV8xNTQwNTQ3MDA2NzU4','127.0.0.1','2018-10-26 17:43:26','2018-10-26 17:43:58',0),
(30,1,'REVGRU5TT1JfMV8xNTQwNTQ3MDY5NTcz','127.0.0.1','2018-10-26 17:44:29',NULL,0),
(31,1,'REVGRU5TT1JfMV8xNTQwNTQ3MDg1OTYx','127.0.0.1','2018-10-26 17:44:45','2018-10-26 17:44:48',0),
(32,1,'REVGRU5TT1JfMV8xNTQwNTQ3MTAyNDU0','127.0.0.1','2018-10-26 17:45:02','2018-10-26 17:45:20',0),
(33,1,'REVGRU5TT1JfMV8xNTQwNTQ3MTIzNjQy','127.0.0.1','2018-10-26 17:45:23','2018-10-26 17:45:26',0),
(34,1,'REVGRU5TT1JfMV8xNTQwNTQ3MTI4NDU1','127.0.0.1','2018-10-26 17:45:28','2018-10-26 17:45:30',0),
(35,1,'REVGRU5TT1JfMV8xNTQwNTQ3MTM2NTU1','127.0.0.1','2018-10-26 17:45:36','2018-10-26 17:46:07',0),
(36,1,'REVGRU5TT1JfMV8xNTQwNTQ3MTgwMzgw','127.0.0.1','2018-10-26 17:46:20','2018-10-26 17:56:15',0),
(37,1,'REVGRU5TT1JfMV8xNTQwNTQ3Nzg3NDky','127.0.0.1','2018-10-26 17:56:27','2018-10-26 17:56:34',0),
(38,1,'REVGRU5TT1JfMV8xNTQwNTQ3Nzk5NjI0','127.0.0.1','2018-10-26 17:56:39',NULL,0),
(39,1,'REVGRU5TT1JfMV8xNTQwNzc5MzMxNTgz','127.0.0.1','2018-10-29 10:15:29','2018-10-29 11:18:14',0),
(40,1,'REVGRU5TT1JfMV8xNTQwNzgzMTAyNTY5','127.0.0.1','2018-10-29 11:18:22','2018-10-29 11:20:56',0),
(41,1,'REVGRU5TT1JfMV8xNTQwNzgzMzI1MTg0','127.0.0.1','2018-10-29 11:22:05','2018-10-29 11:36:26',0),
(42,1,'REVGRU5TT1JfMV8xNTQwNzg0MjAyMjY0','127.0.0.1','2018-10-29 11:36:42','2018-10-29 11:38:21',0),
(43,1,'REVGRU5TT1JfMV8xNTQwNzg0MzExOTY4','127.0.0.1','2018-10-29 11:38:31','2018-10-29 11:41:41',0),
(44,1,'REVGRU5TT1JfMV8xNTQwNzg0NTA4Nzk0','127.0.0.1','2018-10-29 11:41:48','2018-10-29 11:44:33',0),
(45,1,'REVGRU5TT1JfMV8xNTQwNzg0Njg5NTE0','127.0.0.1','2018-10-29 11:44:49',NULL,0),
(46,1,'REVGRU5TT1JfMV8xNTQwNzg1NTA0NDQ5','127.0.0.1','2018-10-29 11:58:24',NULL,0),
(47,1,'REVGRU5TT1JfMV8xNTQwNzk0NjUwMDYy','127.0.0.1','2018-10-29 14:30:50',NULL,0),
(48,1,'REVGRU5TT1JfMV8xNTQwNzk3MjAxNzU1','10.165.104.240','2018-10-29 15:13:21',NULL,0),
(49,1,'REVGRU5TT1JfMV8xNTQwODA0NzExNTY1','10.165.104.240','2018-10-29 17:18:31',NULL,0),
(50,1,'REVGRU5TT1JfMV8xNTQwODA3NjUyNjEz','10.165.104.240','2018-10-29 18:07:32','2018-10-29 18:12:23',0),
(51,1,'REVGRU5TT1JfMV8xNTQwODA3OTU1MTM2','10.165.104.240','2018-10-29 18:12:35',NULL,0),
(52,1,'REVGRU5TT1JfMV8xNTQwODY0MTQ4MDc2','10.165.104.240','2018-10-30 09:49:08',NULL,0),
(53,1,'REVGRU5TT1JfMV8xNTQwODY1NjkwNTky','10.165.104.240','2018-10-30 10:14:50',NULL,0),
(54,1,'REVGRU5TT1JfMV8xNTQwODcyMjQxNzkx','10.165.104.240','2018-10-30 12:04:01','2018-10-30 12:57:25',0),
(55,1,'REVGRU5TT1JfMV8xNTQwODc1NDUxODYy','10.165.104.240','2018-10-30 12:57:31','2018-10-30 13:13:13',0),
(56,1,'REVGRU5TT1JfMV8xNTQwODc2NDAzODc3','10.165.104.240','2018-10-30 13:13:23',NULL,0),
(57,1,'REVGRU5TT1JfMV8xNTQwODc2NDQwMTQ0','10.165.104.240','2018-10-30 13:14:00','2018-10-30 13:14:02',0),
(58,1,'REVGRU5TT1JfMV8xNTQwODc2NDQ5NzE2','10.165.104.240','2018-10-30 13:14:09','2018-10-31 09:59:52',0),
(59,1,'REVGRU5TT1JfMV8xNTQwODc3OTM1NTM5','10.165.104.240','2018-10-30 13:38:55','2018-10-30 13:39:20',0),
(60,1,'REVGRU5TT1JfMV8xNTQwOTUxMjA1NTkw','10.165.104.240','2018-10-31 10:00:05',NULL,0),
(61,1,'REVGRU5TT1JfMV8xNTQwOTUzMDk3MjEw','10.165.104.240','2018-10-31 10:31:37',NULL,0),
(62,1,'REVGRU5TT1JfMV8xNTQwOTUzMTE5NzYx','10.165.104.240','2018-10-31 10:31:59',NULL,0),
(63,1,'REVGRU5TT1JfMV8xNTQwOTUzMzQzODc0','10.165.104.240','2018-10-31 10:35:43',NULL,0),
(64,1,'REVGRU5TT1JfMV8xNTQwOTUzNDEwNDQy','10.165.104.240','2018-10-31 10:36:50',NULL,0),
(65,1,'REVGRU5TT1JfMV8xNTQwOTUzNDUyNDIw','10.165.104.240','2018-10-31 10:37:32',NULL,0),
(66,1,'REVGRU5TT1JfMV8xNTQwOTUzNTA1NjY4','10.165.104.240','2018-10-31 10:38:25',NULL,0),
(67,1,'REVGRU5TT1JfMV8xNTQwOTUzNTQ0MzU5','10.165.104.240','2018-10-31 10:39:04',NULL,0),
(68,1,'REVGRU5TT1JfMV8xNTQwOTUzNTcyNjU0','10.165.104.240','2018-10-31 10:39:32',NULL,0),
(69,1,'REVGRU5TT1JfMV8xNTQwOTUzNjM5ODE3','10.165.104.240','2018-10-31 10:40:39',NULL,0),
(70,1,'REVGRU5TT1JfMV8xNTQwOTUzNzUzMzkz','10.165.104.240','2018-10-31 10:42:33',NULL,0),
(71,1,'REVGRU5TT1JfMV8xNTQwOTUzOTczNjk2','10.165.104.240','2018-10-31 10:46:13',NULL,0),
(72,1,'REVGRU5TT1JfMV8xNTQwOTU0MzAzODE1','10.165.104.240','2018-10-31 10:51:43',NULL,0),
(73,1,'REVGRU5TT1JfMV8xNTQwOTU0MzM2NzUz','10.165.104.240','2018-10-31 10:52:16',NULL,0),
(74,1,'REVGRU5TT1JfMV8xNTQwOTU0NDMxNjQz','10.165.104.240','2018-10-31 10:53:51',NULL,0),
(75,1,'REVGRU5TT1JfMV8xNTQwOTU0NDg1MDg1','10.165.104.240','2018-10-31 10:54:45',NULL,0),
(76,1,'REVGRU5TT1JfMV8xNTQwOTU0NTA3Mjc3','10.165.104.240','2018-10-31 10:55:07',NULL,0),
(77,1,'REVGRU5TT1JfMV8xNTQwOTU0NTU1MTA2','10.165.104.240','2018-10-31 10:55:55',NULL,0),
(78,1,'REVGRU5TT1JfMV8xNTQwOTU0NzM3NDAy','10.165.104.240','2018-10-31 10:58:57',NULL,0),
(79,1,'REVGRU5TT1JfMV8xNTQwOTU0NzYxMjAx','10.165.104.240','2018-10-31 10:59:21',NULL,0),
(80,1,'REVGRU5TT1JfMV8xNTQwOTU0ODYxOTYy','10.165.104.240','2018-10-31 11:01:02','2018-10-31 20:07:37',0),
(81,1,'REVGRU5TT1JfMV8xNTQwOTc2NDIzMzQ1','10.165.105.169','2018-10-31 17:00:23',NULL,0),
(82,1,'REVGRU5TT1JfMV8xNTQwOTg3Njg2MjA2','10.165.104.240','2018-10-31 20:08:06','2018-11-01 09:30:02',0),
(83,1,'REVGRU5TT1JfMV8xNTQxMDM1ODA5MDcz','10.165.104.240','2018-11-01 09:30:09','2018-11-01 18:04:08',0),
(84,1,'REVGRU5TT1JfMV8xNTQxMDY2NjU4MTc5','10.165.104.240','2018-11-01 18:04:18','2018-11-01 18:06:11',0),
(85,1,'REVGRU5TT1JfMV8xNTQxMDY2Nzc2Mjk4','10.165.104.240','2018-11-01 18:06:16','2018-11-01 18:10:18',0),
(86,1,'REVGRU5TT1JfMV8xNTQxMDY3MDI2Mjkz','10.165.104.240','2018-11-01 18:10:26','2018-11-02 09:33:07',0),
(87,1,'REVGRU5TT1JfMV8xNTQxMTIyNDMxOTU2','10.165.104.240','2018-11-02 09:33:51',NULL,0),
(88,1,'REVGRU5TT1JfMV8xNTQxMTM3NzM1MzE1','10.165.104.240','2018-11-02 13:48:55','2018-11-02 14:28:39',0),
(89,3,'REVGRU5TT1JfM18xNTQxMTQwMTMwOTgw','10.165.104.240','2018-11-02 14:28:50','2018-11-02 14:29:27',0),
(90,1,'REVGRU5TT1JfMV8xNTQxMTQwMTczMTQ5','10.165.104.240','2018-11-02 14:29:33','2018-11-02 14:29:40',0),
(91,1,'REVGRU5TT1JfMV8xNTQxMTQwMTg2MjYw','10.165.104.240','2018-11-02 14:29:46','2018-11-02 14:29:48',0),
(92,3,'REVGRU5TT1JfM18xNTQxMTQwMTk3MjE4','10.165.104.240','2018-11-02 14:29:57','2018-11-02 14:33:24',0),
(93,1,'REVGRU5TT1JfMV8xNTQxMTQwNDEyMzU0','10.165.104.240','2018-11-02 14:33:32','2018-11-02 14:44:16',0),
(94,3,'REVGRU5TT1JfM18xNTQxMTQxMDY3NzQ3','10.165.104.240','2018-11-02 14:44:27','2018-11-02 14:49:23',0),
(95,2,'REVGRU5TT1JfMl8xNTQxMTQxMzg1NDc1','10.165.104.240','2018-11-02 14:49:45','2018-11-02 14:50:03',0),
(96,2,'REVGRU5TT1JfMl8xNTQxMTQxNDEyMTYx','10.165.104.240','2018-11-02 14:50:12','2018-11-02 14:52:06',0),
(97,3,'REVGRU5TT1JfM18xNTQxMTQxNTQwNzc1','10.165.104.240','2018-11-02 14:52:20','2018-11-02 14:53:26',0),
(98,1,'REVGRU5TT1JfMV8xNTQxMTQxNjE1NTcw','10.165.104.240','2018-11-02 14:53:35','2018-11-02 15:05:17',0),
(99,1,'REVGRU5TT1JfMV8xNTQxMTQyMzI0MzUy','10.165.104.240','2018-11-02 15:05:24','2018-11-02 15:05:53',0),
(100,3,'REVGRU5TT1JfM18xNTQxMTQyMzY2NDc0','10.165.104.240','2018-11-02 15:06:06','2018-11-02 15:08:27',0),
(101,1,'REVGRU5TT1JfMV8xNTQxMTQyNTcxMDY0','10.165.104.240','2018-11-02 15:09:31','2018-11-02 15:10:26',0),
(102,3,'REVGRU5TT1JfM18xNTQxMTQyNjM0MDYy','10.165.104.240','2018-11-02 15:10:34','2018-11-02 15:13:16',0),
(103,1,'REVGRU5TT1JfMV8xNTQxMTQyODAyNjQ1','10.165.104.240','2018-11-02 15:13:22','2018-11-02 15:24:28',0),
(104,1,'REVGRU5TT1JfMV8xNTQxMTQzNDcyODMy','10.165.104.240','2018-11-02 15:24:32','2018-11-02 15:28:52',0),
(105,1,'REVGRU5TT1JfMV8xNTQxMTQzNzM5Njc3','10.165.104.240','2018-11-02 15:28:59','2018-11-02 15:31:08',0),
(106,1,'REVGRU5TT1JfMV8xNTQxMTQzODc0MTI4','10.165.104.240','2018-11-02 15:31:14','2018-11-02 15:35:06',0),
(107,1,'REVGRU5TT1JfMV8xNTQxMTQ0MTE0NTIy','10.165.104.240','2018-11-02 15:35:14',NULL,0),
(108,1,'REVGRU5TT1JfMV8xNTQxMTQ0OTE1Njc1','10.165.104.240','2018-11-02 15:48:35','2018-11-02 15:52:03',0),
(109,1,'REVGRU5TT1JfMV8xNTQxMTQ1MTI5Njc3','10.165.104.240','2018-11-02 15:52:09','2018-11-02 16:09:57',0),
(110,1,'REVGRU5TT1JfMV8xNTQxMTQ2MjA0ODAy','10.165.104.240','2018-11-02 16:10:04','2018-11-02 16:15:18',0),
(111,1,'REVGRU5TT1JfMV8xNTQxMTQ2NTIzNjYy','10.165.104.240','2018-11-02 16:15:23','2018-11-02 16:17:12',0),
(112,3,'REVGRU5TT1JfM18xNTQxMTQ2NjQxMzI4','10.165.104.240','2018-11-02 16:17:21','2018-11-02 16:18:47',0),
(113,1,'REVGRU5TT1JfMV8xNTQxMTQ2NzMyOTU1','10.165.104.240','2018-11-02 16:18:52','2018-11-02 16:22:53',0),
(114,3,'REVGRU5TT1JfM18xNTQxMTQ2OTgwOTk3','10.165.104.240','2018-11-02 16:23:01','2018-11-02 16:24:04',0),
(115,1,'REVGRU5TT1JfMV8xNTQxMTQ3MDUyMTUz','10.165.104.240','2018-11-02 16:24:12','2018-11-02 17:02:01',0),
(116,3,'REVGRU5TT1JfM18xNTQxMTQ5MzM1NjE0','10.165.104.240','2018-11-02 17:02:15','2018-11-02 17:02:41',0),
(117,1,'REVGRU5TT1JfMV8xNTQxMTQ5MzY5ODEw','10.165.104.240','2018-11-02 17:02:49','2018-11-02 17:04:26',0),
(118,1,'REVGRU5TT1JfMV8xNTQxMTQ5NDc2NTE5','10.165.104.240','2018-11-02 17:04:36','2018-11-02 17:26:16',0),
(119,1,'REVGRU5TT1JfMV8xNTQxMTUwNzg0OTMy','10.165.104.240','2018-11-02 17:26:24','2018-11-02 17:30:17',0),
(120,3,'REVGRU5TT1JfM18xNTQxMTUxMDI3NTA3','10.165.104.240','2018-11-02 17:30:27','2018-11-02 17:31:23',0),
(121,1,'REVGRU5TT1JfMV8xNTQxMTUxMDkxODA0','10.165.104.240','2018-11-02 17:31:31','2018-11-02 17:40:46',0),
(122,3,'REVGRU5TT1JfM18xNTQxMTUxNjUyOTU1','10.165.104.240','2018-11-02 17:40:52','2018-11-02 17:42:20',0),
(123,2,'REVGRU5TT1JfMl8xNTQxMTUxNzUzMzM1','10.165.104.240','2018-11-02 17:42:33','2018-11-02 17:43:32',0),
(124,1,'REVGRU5TT1JfMV8xNTQxMTUxODE4MzQ3','10.165.104.240','2018-11-02 17:43:38','2018-11-02 17:45:18',0),
(125,1,'REVGRU5TT1JfMV8xNTQxMTUxOTIzMDA0','10.165.104.240','2018-11-02 17:45:23','2018-11-02 17:49:04',0),
(126,1,'REVGRU5TT1JfMV8xNTQxMTUyMjI1ODQw','10.165.104.240','2018-11-02 17:50:25','2018-11-02 17:52:13',0),
(127,1,'REVGRU5TT1JfMV8xNTQxMTUyMzQ0MDUy','10.165.104.240','2018-11-02 17:52:24','2018-11-02 18:44:19',0),
(128,3,'REVGRU5TT1JfM18xNTQxMTU1NDcyNjQ1','10.165.104.240','2018-11-02 18:44:32','2018-11-02 18:50:09',0),
(129,2,'REVGRU5TT1JfMl8xNTQxMTU1ODE4Mzkw','10.165.104.240','2018-11-02 18:50:18','2018-11-02 18:51:50',0),
(130,1,'REVGRU5TT1JfMV8xNTQxMTU1OTE1MDU3','10.165.104.240','2018-11-02 18:51:55','2018-11-02 18:57:48',0),
(131,3,'REVGRU5TT1JfM18xNTQxMTU2Mjc1NTI2','10.165.104.240','2018-11-02 18:57:55','2018-11-02 19:02:54',0),
(132,2,'REVGRU5TT1JfMl8xNTQxMTU2NTg4MTY1','10.165.104.240','2018-11-02 19:03:08','2018-11-02 19:04:19',0),
(133,1,'REVGRU5TT1JfMV8xNTQxMTU2NjY1MDQy','10.165.104.240','2018-11-02 19:04:25','2018-11-02 19:05:32',0),
(134,2,'REVGRU5TT1JfMl8xNTQxMTU2NzQ4ODYy','10.165.104.240','2018-11-02 19:05:48','2018-11-02 19:06:03',0),
(135,3,'REVGRU5TT1JfM18xNTQxMTU2Nzc0NTE4','10.165.104.240','2018-11-02 19:06:14','2018-11-02 19:07:37',0),
(136,1,'REVGRU5TT1JfMV8xNTQxMTU2ODYyNDcw','10.165.104.240','2018-11-02 19:07:42','2018-11-02 19:42:04',0),
(137,3,'REVGRU5TT1JfM18xNTQxMTU4OTM1NjM3','10.165.104.240','2018-11-02 19:42:15','2018-11-02 19:42:51',0),
(138,2,'REVGRU5TT1JfMl8xNTQxMTU4OTg1MTg3','10.165.104.240','2018-11-02 19:43:05','2018-11-02 19:43:34',0),
(139,1,'REVGRU5TT1JfMV8xNTQxMTU5MDI0MjA1','10.165.104.240','2018-11-02 19:43:44',NULL,0),
(140,1,'REVGRU5TT1JfMV8xNTQxMzgzMzk0MzA0','127.0.0.1','2018-11-05 10:03:14','2018-11-05 10:45:57',0),
(141,3,'REVGRU5TT1JfM18xNTQxMzg1OTY4Mzkw','127.0.0.1','2018-11-05 10:46:08','2018-11-05 10:48:21',0),
(142,1,'REVGRU5TT1JfMV8xNTQxMzg2MTA3ODc3','127.0.0.1','2018-11-05 10:48:27','2018-11-05 13:50:03',0),
(143,9,'REVGRU5TT1JfOV8xNTQxMzk3MDExMjQ4','127.0.0.1','2018-11-05 13:50:11','2018-11-05 13:50:32',0),
(144,1,'REVGRU5TT1JfMV8xNTQxMzk3MDQwMDgw','127.0.0.1','2018-11-05 13:50:40','2018-11-05 13:51:04',0),
(145,1,'REVGRU5TT1JfMV8xNTQxMzk3MDkyODc1','127.0.0.1','2018-11-05 13:51:32','2018-11-05 13:51:52',0),
(146,1,'REVGRU5TT1JfMV8xNTQxMzk3MTMzMjI2','127.0.0.1','2018-11-05 13:52:13','2018-11-05 13:52:49',0),
(147,1,'REVGRU5TT1JfMV8xNTQxMzk3MjY4NDM2','127.0.0.1','2018-11-05 13:54:28','2018-11-05 13:54:59',0),
(148,1,'REVGRU5TT1JfMV8xNTQxMzk3MzU2ODEw','127.0.0.1','2018-11-05 13:55:56','2018-11-05 13:56:16',0),
(149,1,'REVGRU5TT1JfMV8xNTQxMzk3NDA3NTYz','127.0.0.1','2018-11-05 13:56:47','2018-11-05 13:58:00',0),
(150,1,'REVGRU5TT1JfMV8xNTQxMzk3NTAzNjg3','127.0.0.1','2018-11-05 13:58:23','2018-11-05 13:59:44',0),
(151,1,'REVGRU5TT1JfMV8xNTQxMzk3NTk3Njc1','127.0.0.1','2018-11-05 13:59:57','2018-11-05 14:00:08',0),
(152,1,'REVGRU5TT1JfMV8xNTQxMzk3NjI5OTQ3','127.0.0.1','2018-11-05 14:00:29','2018-11-05 14:00:55',0),
(153,11,'REVGRU5TT1JfMTFfMTU0MTM5NzY2MTE2Ng==','127.0.0.1','2018-11-05 14:01:01','2018-11-05 14:01:13',0),
(154,1,'REVGRU5TT1JfMV8xNTQxMzk3Njk5NTU3','127.0.0.1','2018-11-05 14:01:39','2018-11-05 14:01:41',0),
(155,1,'REVGRU5TT1JfMV8xNTQxMzk3NzA0MDQ3','127.0.0.1','2018-11-05 14:01:44','2018-11-05 14:01:46',0),
(156,1,'REVGRU5TT1JfMV8xNTQxMzk3NzEwNTE5','127.0.0.1','2018-11-05 14:01:50','2018-11-05 14:02:04',0),
(157,11,'REVGRU5TT1JfMTFfMTU0MTM5NzczMDg4Mg==','127.0.0.1','2018-11-05 14:02:10','2018-11-05 14:02:37',0),
(158,11,'REVGRU5TT1JfMTFfMTU0MTM5Nzc2MzQ5Ng==','127.0.0.1','2018-11-05 14:02:43','2018-11-05 14:05:30',0),
(159,1,'REVGRU5TT1JfMV8xNTQxMzk3OTM2NTEx','127.0.0.1','2018-11-05 14:05:36','2018-11-05 14:08:52',0),
(160,12,'REVGRU5TT1JfMTJfMTU0MTM5ODEzNzQwNg==','127.0.0.1','2018-11-05 14:08:57','2018-11-05 14:09:39',0),
(161,2,'REVGRU5TT1JfMl8xNTQxMzk4MjY1NzI4','127.0.0.1','2018-11-05 14:11:05','2018-11-05 14:20:35',0),
(162,2,'REVGRU5TT1JfMl8xNTQxMzk4ODQwMTUz','127.0.0.1','2018-11-05 14:20:40','2018-11-05 14:24:53',0),
(163,1,'REVGRU5TT1JfMV8xNTQxMzk5MDk4NDY4','127.0.0.1','2018-11-05 14:24:58','2018-11-05 14:25:06',0),
(164,1,'REVGRU5TT1JfMV8xNTQxMzk5MTI1NjY5','127.0.0.1','2018-11-05 14:25:25','2018-11-05 14:26:36',0),
(165,1,'REVGRU5TT1JfMV8xNTQxMzk5MjE1NTg4','127.0.0.1','2018-11-05 14:26:55','2018-11-05 14:27:15',0),
(166,2,'REVGRU5TT1JfMl8xNTQxMzk5MjQwMDUz','127.0.0.1','2018-11-05 14:27:20','2018-11-05 14:28:23',0),
(167,1,'REVGRU5TT1JfMV8xNTQxMzk5MzEwODYz','127.0.0.1','2018-11-05 14:28:30','2018-11-05 14:30:30',0),
(168,13,'REVGRU5TT1JfMTNfMTU0MTM5OTQzNDgyMQ==','127.0.0.1','2018-11-05 14:30:34','2018-11-05 14:34:33',0),
(169,1,'REVGRU5TT1JfMV8xNTQxMzk5Njc4NDcw','127.0.0.1','2018-11-05 14:34:38','2018-11-05 14:36:18',0),
(170,1,'REVGRU5TT1JfMV8xNTQxMzk5Nzk1MzUy','127.0.0.1','2018-11-05 14:36:35','2018-11-05 14:36:59',0),
(171,1,'REVGRU5TT1JfMV8xNTQxMzk5ODMyNDY1','127.0.0.1','2018-11-05 14:37:12','2018-11-05 14:37:25',0),
(172,1,'REVGRU5TT1JfMV8xNTQxMzk5ODY2MDQx','127.0.0.1','2018-11-05 14:37:46','2018-11-05 14:38:05',0),
(173,3,'REVGRU5TT1JfM18xNTQxMzk5ODkzMDcy','127.0.0.1','2018-11-05 14:38:13','2018-11-05 14:38:30',0),
(174,2,'REVGRU5TT1JfMl8xNTQxMzk5OTE4NDg1','127.0.0.1','2018-11-05 14:38:38','2018-11-05 14:39:56',0),
(175,1,'REVGRU5TT1JfMV8xNTQxNDAwMDA3Nzc2','127.0.0.1','2018-11-05 14:40:07','2018-11-05 14:40:30',0),
(176,1,'REVGRU5TT1JfMV8xNTQxNDAwMDM2OTU4','127.0.0.1','2018-11-05 14:40:36','2018-11-05 14:42:00',0),
(177,2,'REVGRU5TT1JfMl8xNTQxNDAwMTI3MjAz','127.0.0.1','2018-11-05 14:42:07','2018-11-05 14:57:32',0),
(178,1,'REVGRU5TT1JfMV8xNTQxNDAxMDYyODgz','127.0.0.1','2018-11-05 14:57:42','2018-11-05 15:06:05',0),
(179,2,'REVGRU5TT1JfMl8xNTQxNDAxNTc3MTEz','127.0.0.1','2018-11-05 15:06:17','2018-11-05 15:13:05',0),
(180,1,'REVGRU5TT1JfMV8xNTQxNDAxOTkxNjcx','127.0.0.1','2018-11-05 15:13:11','2018-11-05 15:13:49',0),
(181,2,'REVGRU5TT1JfMl8xNTQxNDAyMDM4Mjc4','127.0.0.1','2018-11-05 15:13:58','2018-11-05 15:17:58',0),
(182,2,'REVGRU5TT1JfMl8xNTQxNDAyMjgzMDk4','127.0.0.1','2018-11-05 15:18:03','2018-11-05 15:32:46',0),
(183,1,'REVGRU5TT1JfMV8xNTQxNDAzMTc5MzEy','127.0.0.1','2018-11-05 15:32:59','2018-11-05 15:33:42',0),
(184,10,'REVGRU5TT1JfMTBfMTU0MTQwMzIyOTM4Nw==','127.0.0.1','2018-11-05 15:33:49','2018-11-05 15:37:28',0),
(185,1,'REVGRU5TT1JfMV8xNTQxNDAzNDU0MDA4','127.0.0.1','2018-11-05 15:37:34','2018-11-05 15:37:37',0),
(186,1,'REVGRU5TT1JfMV8xNTQxNDAzNDYyOTYz','127.0.0.1','2018-11-05 15:37:42','2018-11-05 15:39:12',0),
(187,2,'REVGRU5TT1JfMl8xNTQxNDAzNTU4OTEz','127.0.0.1','2018-11-05 15:39:18','2018-11-05 15:39:40',0),
(188,1,'REVGRU5TT1JfMV8xNTQxNDAzNTk5NjY1','127.0.0.1','2018-11-05 15:39:59','2018-11-05 15:40:14',0),
(189,3,'REVGRU5TT1JfM18xNTQxNDAzNjE5Nzgx','127.0.0.1','2018-11-05 15:40:19','2018-11-05 15:41:56',0),
(190,2,'REVGRU5TT1JfMl8xNTQxNDAzNzIzOTMw','127.0.0.1','2018-11-05 15:42:03','2018-11-05 15:44:09',0),
(191,1,'REVGRU5TT1JfMV8xNTQxNDAzODUzODY2','127.0.0.1','2018-11-05 15:44:13','2018-11-05 15:44:26',0),
(192,10,'REVGRU5TT1JfMTBfMTU0MTQwMzg3MDc3OQ==','127.0.0.1','2018-11-05 15:44:30','2018-11-05 15:51:58',0),
(193,2,'REVGRU5TT1JfMl8xNTQxNDA0MzI2NDIz','127.0.0.1','2018-11-05 15:52:06','2018-11-05 15:53:48',0),
(194,1,'REVGRU5TT1JfMV8xNTQxNDA0NDMzMDA4','127.0.0.1','2018-11-05 15:53:53','2018-11-05 15:54:40',0),
(195,2,'REVGRU5TT1JfMl8xNTQxNDA0NDg2OTM5','127.0.0.1','2018-11-05 15:54:46','2018-11-05 15:59:37',0),
(196,1,'REVGRU5TT1JfMV8xNTQxNDA0Nzg0MzI3','127.0.0.1','2018-11-05 15:59:44','2018-11-05 16:00:33',0),
(197,2,'REVGRU5TT1JfMl8xNTQxNDA0ODM5MzMz','127.0.0.1','2018-11-05 16:00:39','2018-11-05 16:10:11',0),
(198,1,'REVGRU5TT1JfMV8xNTQxNDA1NDE4MjQ1','127.0.0.1','2018-11-05 16:10:18','2018-11-05 16:13:33',0),
(199,3,'REVGRU5TT1JfM18xNTQxNDA1NjQxODkx','127.0.0.1','2018-11-05 16:14:01','2018-11-05 16:14:16',0),
(200,1,'REVGRU5TT1JfMV8xNTQxNDA1NjY2NzY2','127.0.0.1','2018-11-05 16:14:26','2018-11-05 16:16:05',0),
(201,2,'REVGRU5TT1JfMl8xNTQxNDA1NzcyMDMy','127.0.0.1','2018-11-05 16:16:12','2018-11-05 16:47:23',0),
(202,1,'REVGRU5TT1JfMV8xNTQxNDA3NjQ5MjM5','127.0.0.1','2018-11-05 16:47:29','2018-11-05 16:59:33',0),
(203,2,'REVGRU5TT1JfMl8xNTQxNDA4Mzg1ODU4','127.0.0.1','2018-11-05 16:59:45','2018-11-05 17:02:04',0),
(204,1,'REVGRU5TT1JfMV8xNTQxNDA4NTI5MjQ0','127.0.0.1','2018-11-05 17:02:09','2018-11-05 17:36:04',0),
(205,2,'REVGRU5TT1JfMl8xNTQxNDEwNTcyNDQ4','127.0.0.1','2018-11-05 17:36:12','2018-11-05 17:38:21',0),
(206,3,'REVGRU5TT1JfM18xNTQxNDEwNzA4ODQ4','127.0.0.1','2018-11-05 17:38:28','2018-11-05 17:39:06',0),
(207,1,'REVGRU5TT1JfMV8xNTQxNDEwNzc1MDcx','127.0.0.1','2018-11-05 17:39:35','2018-11-05 17:52:26',0),
(208,2,'REVGRU5TT1JfMl8xNTQxNDExNTU2MjA2','127.0.0.1','2018-11-05 17:52:36','2018-11-05 17:53:05',0),
(209,3,'REVGRU5TT1JfM18xNTQxNDExNTk0MDIx','127.0.0.1','2018-11-05 17:53:14','2018-11-05 17:58:13',0),
(210,1,'REVGRU5TT1JfMV8xNTQxNDExOTI4ODU0','127.0.0.1','2018-11-05 17:58:48','2018-11-05 18:22:32',0),
(211,1,'REVGRU5TT1JfMV8xNTQxNDEzMzc1NDY0','127.0.0.1','2018-11-05 18:22:55','2018-11-05 18:23:14',0),
(212,15,'REVGRU5TT1JfMTVfMTU0MTQxMzM5OTcyMA==','127.0.0.1','2018-11-05 18:23:19','2018-11-05 18:25:00',0),
(213,1,'REVGRU5TT1JfMV8xNTQxNDEzNTI4MDQz','127.0.0.1','2018-11-05 18:25:28','2018-11-05 18:30:14',0),
(214,17,'REVGRU5TT1JfMTdfMTU0MTQxMzgyMDY5OQ==','127.0.0.1','2018-11-05 18:30:20','2018-11-05 18:31:45',0),
(215,1,'REVGRU5TT1JfMV8xNTQxNDEzOTEwNzc3','127.0.0.1','2018-11-05 18:31:50','2018-11-05 18:32:39',0),
(216,1,'REVGRU5TT1JfMV8xNTQxNDEzOTY0Mzk1','127.0.0.1','2018-11-05 18:32:44','2018-11-05 18:50:01',0),
(217,2,'REVGRU5TT1JfMl8xNTQxNDE1MDEyODE2','127.0.0.1','2018-11-05 18:50:12','2018-11-05 18:50:42',0),
(218,1,'REVGRU5TT1JfMV8xNTQxNDE1MDUxMTUx','127.0.0.1','2018-11-05 18:50:51','2018-11-05 18:54:43',0),
(219,10,'REVGRU5TT1JfMTBfMTU0MTQxNTI5MDY1MQ==','127.0.0.1','2018-11-05 18:54:50','2018-11-05 18:55:34',0),
(220,1,'REVGRU5TT1JfMV8xNTQxNDE1MzQyNDQz','127.0.0.1','2018-11-05 18:55:42','2018-11-05 19:03:04',0),
(221,1,'REVGRU5TT1JfMV8xNTQxNDE1ODE3NzEy','127.0.0.1','2018-11-05 19:03:37','2018-11-05 19:03:56',0),
(222,2,'REVGRU5TT1JfMl8xNTQxNDE1ODQyOTcy','127.0.0.1','2018-11-05 19:04:02','2018-11-05 19:04:55',0),
(223,1,'REVGRU5TT1JfMV8xNTQxNDE1OTAwMzg2','127.0.0.1','2018-11-05 19:05:00','2018-11-05 19:05:55',0),
(224,2,'REVGRU5TT1JfMl8xNTQxNDE1OTYxNzk2','127.0.0.1','2018-11-05 19:06:01','2018-11-05 19:06:35',0),
(225,1,'REVGRU5TT1JfMV8xNTQxNDE2MDAyMzQ5','127.0.0.1','2018-11-05 19:06:42','2018-11-05 19:25:37',0),
(226,1,'REVGRU5TT1JfMV8xNTQxNDE3MjA5MDQ2','127.0.0.1','2018-11-05 19:26:49','2018-11-05 19:30:00',0),
(227,1,'REVGRU5TT1JfMV8xNTQxNDE3NDA2Njc0','127.0.0.1','2018-11-05 19:30:06',NULL,0),
(228,1,'REVGRU5TT1JfMV8xNTQxNDY5MDYwMjc5','127.0.0.1','2018-11-06 09:51:00','2018-11-06 10:39:18',0),
(229,2,'REVGRU5TT1JfMl8xNTQxNDcxOTY2NTg3','127.0.0.1','2018-11-06 10:39:26','2018-11-06 10:41:25',0),
(230,3,'REVGRU5TT1JfM18xNTQxNDcyMDk0MjEx','127.0.0.1','2018-11-06 10:41:34','2018-11-06 10:42:57',0),
(231,1,'REVGRU5TT1JfMV8xNTQxNDcyMTgzMDky','127.0.0.1','2018-11-06 10:43:03','2018-11-06 10:43:14',0),
(232,20,'REVGRU5TT1JfMjBfMTU0MTQ3MjIwMTgyOQ==','127.0.0.1','2018-11-06 10:43:21','2018-11-06 10:44:06',0),
(233,16,'REVGRU5TT1JfMTZfMTU0MTQ3MjI1MTA5MA==','127.0.0.1','2018-11-06 10:44:11','2018-11-06 10:45:42',0),
(234,1,'REVGRU5TT1JfMV8xNTQxNDcyMzQ3NDUy','127.0.0.1','2018-11-06 10:45:47','2018-11-06 11:42:40',0),
(235,2,'REVGRU5TT1JfMl8xNTQxNDc1NzcyMDAw','127.0.0.1','2018-11-06 11:42:52','2018-11-06 11:44:09',0),
(236,3,'REVGRU5TT1JfM18xNTQxNDc1ODU1Njk3','127.0.0.1','2018-11-06 11:44:15','2018-11-06 11:46:31',0),
(237,1,'REVGRU5TT1JfMV8xNTQxNDc1OTk1Nzcy','127.0.0.1','2018-11-06 11:46:35','2018-11-06 12:37:24',0),
(238,1,'REVGRU5TT1JfMV8xNTQxNDc5MDQ5OTk1','127.0.0.1','2018-11-06 12:37:30','2018-11-06 13:24:21',0),
(239,3,'REVGRU5TT1JfM18xNTQxNDgxODY5NzQ4','127.0.0.1','2018-11-06 13:24:29','2018-11-06 13:24:37',0),
(240,2,'REVGRU5TT1JfMl8xNTQxNDgxODgzMjIz','127.0.0.1','2018-11-06 13:24:43','2018-11-06 13:24:49',0),
(241,1,'REVGRU5TT1JfMV8xNTQxNDgxODk0NzEx','127.0.0.1','2018-11-06 13:24:54','2018-11-06 15:11:15',0),
(242,3,'REVGRU5TT1JfM18xNTQxNDg4Mjg3MTkz','127.0.0.1','2018-11-06 15:11:27','2018-11-06 16:01:39',0),
(243,1,'REVGRU5TT1JfMV8xNTQxNDkxMzA0Nzgy','127.0.0.1','2018-11-06 16:01:44','2018-11-06 16:47:16',0),
(244,2,'REVGRU5TT1JfMl8xNTQxNDk0MDQ1NDI1','10.165.109.106','2018-11-06 16:47:25','2018-11-06 16:47:33',0),
(245,3,'REVGRU5TT1JfM18xNTQxNDk0MDU5NTk1','10.165.109.106','2018-11-06 16:47:39','2018-11-06 16:47:56',0),
(246,1,'REVGRU5TT1JfMV8xNTQxNDk0MDg1Nzc3','10.165.109.106','2018-11-06 16:48:05','2018-11-06 16:48:29',0),
(247,20,'REVGRU5TT1JfMjBfMTU0MTQ5NDExNzQzMA==','10.165.109.106','2018-11-06 16:48:37','2018-11-06 16:48:50',0),
(248,1,'REVGRU5TT1JfMV8xNTQxNDk0MTM2NzA2','10.165.109.106','2018-11-06 16:48:56','2018-11-06 16:49:42',0),
(249,20,'REVGRU5TT1JfMjBfMTU0MTQ5NDE5MDk1NA==','10.165.109.106','2018-11-06 16:49:50','2018-11-06 16:50:16',0),
(250,1,'REVGRU5TT1JfMV8xNTQxNDk0MjIxODgw','10.165.109.106','2018-11-06 16:50:21','2018-11-06 17:32:05',0),
(251,3,'REVGRU5TT1JfM18xNTQxNDk2NzMxNjM5','10.165.109.106','2018-11-06 17:32:11','2018-11-06 17:33:13',0),
(252,1,'REVGRU5TT1JfMV8xNTQxNDk2Nzk5NDIz','10.165.109.106','2018-11-06 17:33:19','2018-11-06 17:57:51',0),
(253,5,'REVGRU5TT1JfNV8xNTQxNDk4MjgyOTE3','10.165.109.106','2018-11-06 17:58:02','2018-11-06 17:58:15',0),
(254,1,'REVGRU5TT1JfMV8xNTQxNDk4MzAyMTYx','10.165.109.106','2018-11-06 17:58:22','2018-11-06 18:34:38',0),
(255,5,'REVGRU5TT1JfNV8xNTQxNTAwNDg1OTI5','10.165.109.106','2018-11-06 18:34:45','2018-11-06 18:35:07',0),
(256,1,'REVGRU5TT1JfMV8xNTQxNTAwNTEyMDgy','10.165.109.106','2018-11-06 18:35:12','2018-11-06 18:35:19',0),
(257,5,'REVGRU5TT1JfNV8xNTQxNTAwNTI0MDU3','10.165.109.106','2018-11-06 18:35:24','2018-11-06 19:13:14',0),
(258,1,'REVGRU5TT1JfMV8xNTQxNTAyNzk5NDE4','10.165.109.106','2018-11-06 19:13:19','2018-11-06 19:14:11',0),
(259,5,'REVGRU5TT1JfNV8xNTQxNTAyODU3Njcy','10.165.109.106','2018-11-06 19:14:17','2018-11-06 19:16:05',0),
(260,1,'REVGRU5TT1JfMV8xNTQxNTAyOTcwNzI3','10.165.109.106','2018-11-06 19:16:10','2018-11-07 09:26:39',0),
(261,1,'REVGRU5TT1JfMV8xNTQxNTU0MDQ2OTYz','10.165.109.106','2018-11-07 09:27:26','2018-11-07 10:18:42',0),
(262,5,'REVGRU5TT1JfNV8xNTQxNTU3MTMzMDQx','10.165.109.106','2018-11-07 10:18:53','2018-11-07 10:20:49',0),
(263,1,'REVGRU5TT1JfMV8xNTQxNTU3MjU5MTc5','10.165.109.106','2018-11-07 10:20:59','2018-11-07 10:23:15',0),
(264,5,'REVGRU5TT1JfNV8xNTQxNTU3NDAzNTI2','10.165.109.106','2018-11-07 10:23:23','2018-11-07 13:03:13',0),
(265,5,'REVGRU5TT1JfNV8xNTQxNTY3MDM3Njg1','10.165.109.106','2018-11-07 13:03:57','2018-11-07 14:31:16',0),
(266,1,'REVGRU5TT1JfMV8xNTQxNTcyMjgxMjAx','10.165.109.106','2018-11-07 14:31:21',NULL,0),
(267,1,'REVGRU5TT1JfMV8xNTQxNjQzMTQ3NzY0','127.0.0.1','2018-11-08 10:12:28',NULL,0),
(268,1,'REVGRU5TT1JfMV8xNTQxNjQ2NTA5NzQ1','127.0.0.1','2018-11-08 11:08:29','2018-11-08 11:31:50',0),
(269,1,'REVGRU5TT1JfMV8xNTQxNjQ3OTI2MTI2','127.0.0.1','2018-11-08 11:32:06','2018-11-08 17:28:12',0),
(270,1,'REVGRU5TT1JfMV8xNTQxNjY5MzAwMDcy','127.0.0.1','2018-11-08 17:28:20','2018-11-09 16:59:37',0),
(271,1,'REVGRU5TT1JfMV8xNTQxNzUzOTg2ODU2','127.0.0.1','2018-11-09 16:59:46','2018-11-09 19:23:46',0),
(272,1,'REVGRU5TT1JfMV8xNTQxNzYyNjM2NzE1','127.0.0.1','2018-11-09 19:23:56',NULL,0),
(273,1,'REVGRU5TT1JfMV8xNTQxNzYzODQyMjEw','127.0.0.1','2018-11-09 19:44:02',NULL,0),
(274,1,'REVGRU5TT1JfMV8xNTQxNzYzODQyNDM3','127.0.0.1','2018-11-09 19:44:02',NULL,0),
(275,1,'REVGRU5TT1JfMV8xNTQxOTg5NDY4OTM5','127.0.0.1','2018-11-12 10:24:29',NULL,0),
(276,1,'REVGRU5TT1JfMV8xNTQxOTg5Nzc0MDUw','127.0.0.1','2018-11-12 10:29:34','2018-11-12 10:43:49',0),
(277,1,'REVGRU5TT1JfMV8xNTQxOTg5ODA2OTc2','127.0.0.1','2018-11-12 10:30:06','2018-11-12 11:32:18',0),
(278,1,'REVGRU5TT1JfMV8xNTQxOTkwNjYyNzM3','127.0.0.1','2018-11-12 10:44:22','2018-11-12 12:08:52',0),
(279,3,'REVGRU5TT1JfM18xNTQxOTkzNTQ2MDcz','127.0.0.1','2018-11-12 11:32:26','2018-11-12 11:48:56',0),
(280,1,'REVGRU5TT1JfMV8xNTQxOTk0NTQxNjg3','127.0.0.1','2018-11-12 11:49:01','2018-11-12 11:49:22',0),
(281,1,'REVGRU5TT1JfMV8xNTQxOTk0NTc0MTY0','127.0.0.1','2018-11-12 11:49:34','2018-11-12 11:49:45',0),
(282,14,'REVGRU5TT1JfMTRfMTU0MTk5NDU4OTg1Mw==','127.0.0.1','2018-11-12 11:49:49','2018-11-12 11:54:04',0),
(283,1,'REVGRU5TT1JfMV8xNTQxOTk0ODQ5ODAy','127.0.0.1','2018-11-12 11:54:09','2018-11-12 14:07:23',0),
(284,1,'REVGRU5TT1JfMV8xNTQxOTk1ODczOTgw','127.0.0.1','2018-11-12 12:11:13','2018-11-12 12:11:45',0),
(285,1,'REVGRU5TT1JfMV8xNTQxOTk2MTIyNjQx','127.0.0.1','2018-11-12 12:15:22','2018-11-12 14:25:32',0),
(286,1,'REVGRU5TT1JfMV8xNTQyMDAyNzU5MzQ4','127.0.0.1','2018-11-12 14:05:59',NULL,0),
(287,5,'REVGRU5TT1JfNV8xNTQyMDAyODQ3NzQ0','127.0.0.1','2018-11-12 14:07:27','2018-11-12 14:35:16',0),
(288,5,'REVGRU5TT1JfNV8xNTQyMDAzOTQyNDgw','127.0.0.1','2018-11-12 14:25:42','2018-11-12 14:29:36',0),
(289,1,'REVGRU5TT1JfMV8xNTQyMDA0MTgyMjA1','127.0.0.1','2018-11-12 14:29:42','2018-11-12 16:28:45',0),
(290,1,'REVGRU5TT1JfMV8xNTQyMDA0NTI0Mjg3','127.0.0.1','2018-11-12 14:35:24','2018-11-12 14:47:27',0),
(291,1,'REVGRU5TT1JfMV8xNTQyMDA1Mjk5ODQ5','127.0.0.1','2018-11-12 14:48:19','2018-11-12 17:26:32',0),
(292,1,'REVGRU5TT1JfMV8xNTQyMDA1NDE1Mzcx','127.0.0.1','2018-11-12 14:50:15','2018-11-12 14:50:28',0),
(293,5,'REVGRU5TT1JfNV8xNTQyMDA1NDM1MzIy','127.0.0.1','2018-11-12 14:50:35','2018-11-12 14:55:04',0),
(294,1,'REVGRU5TT1JfMV8xNTQyMDA1NzA5NzY4','127.0.0.1','2018-11-12 14:55:09','2018-11-12 15:13:24',0),
(295,5,'REVGRU5TT1JfNV8xNTQyMDA2ODExNjk5','127.0.0.1','2018-11-12 15:13:31','2018-11-12 16:29:50',0),
(296,1,'REVGRU5TT1JfMV8xNTQyMDExMzk3NDg1','127.0.0.1','2018-11-12 16:29:57','2018-11-12 17:11:23',0),
(297,1,'REVGRU5TT1JfMV8xNTQyMDExNDc2ODQ5','127.0.0.1','2018-11-12 16:31:16','2018-11-12 16:34:07',0),
(298,1,'REVGRU5TT1JfMV8xNTQyMDExNTg1MTk0','127.0.0.1','2018-11-12 16:33:05','2018-11-12 16:45:08',0),
(299,1,'REVGRU5TT1JfMV8xNTQyMDEyNTMyMDY1','127.0.0.1','2018-11-12 16:48:52','2018-11-12 16:49:17',0),
(300,1,'REVGRU5TT1JfMV8xNTQyMDEyNjYxMjIy','127.0.0.1','2018-11-12 16:51:01',NULL,0),
(301,1,'REVGRU5TT1JfMV8xNTQyMDEzMjI0Mzc4','127.0.0.1','2018-11-12 17:00:24','2018-11-12 17:11:56',0),
(302,1,'REVGRU5TT1JfMV8xNTQyMDEzODg4ODUz','127.0.0.1','2018-11-12 17:11:28','2018-11-12 17:15:22',0),
(303,1,'REVGRU5TT1JfMV8xNTQyMDEzOTIzNDgz','127.0.0.1','2018-11-12 17:12:03','2018-11-12 17:15:15',0),
(304,1,'REVGRU5TT1JfMV8xNTQyMDE0MTI1NTkw','127.0.0.1','2018-11-12 17:15:25','2018-11-12 17:19:18',0),
(305,1,'REVGRU5TT1JfMV8xNTQyMDE0MTI3NTAz','127.0.0.1','2018-11-12 17:15:27',NULL,0),
(306,5,'REVGRU5TT1JfNV8xNTQyMDE0MzY5NDA3','127.0.0.1','2018-11-12 17:19:29','2018-11-12 17:26:13',0),
(307,3,'REVGRU5TT1JfM18xNTQyMDE0NzgxMDk2','127.0.0.1','2018-11-12 17:26:21','2018-11-12 17:28:26',0),
(308,22,'REVGRU5TT1JfMjJfMTU0MjAxNDgwNTcyMw==','127.0.0.1','2018-11-12 17:26:45',NULL,0),
(309,1,'REVGRU5TT1JfMV8xNTQyMDE0OTQzNzg3','127.0.0.1','2018-11-12 17:29:03',NULL,0),
(310,1,'REVGRU5TT1JfMV8xNTQyMDE4NTIzNjY1','127.0.0.1','2018-11-12 18:28:43',NULL,0),
(311,1,'REVGRU5TT1JfMV8xNTQyMDE5NDg1NDc2','127.0.0.1','2018-11-12 18:44:45',NULL,0),
(312,1,'REVGRU5TT1JfMV8xNTQyMDE5NzIyMzcz','127.0.0.1','2018-11-12 18:48:42',NULL,0),
(313,1,'REVGRU5TT1JfMV8xNTQyMTY2NTExMzcz','114.247.102.129','2018-11-14 11:35:11','2018-11-14 11:35:38',0),
(314,1,'REVGRU5TT1JfMV8xNTQyMTY2NTQ2OTgy','114.247.102.129','2018-11-14 11:35:47','2018-11-14 11:39:04',0),
(315,1,'REVGRU5TT1JfMV8xNTQyMTY2ODM4MzA1','114.247.102.129','2018-11-14 11:40:38',NULL,0),
(316,1,'REVGRU5TT1JfMV8xNTQyMTY4MDEwOTE0','39.105.44.165','2018-11-14 12:00:11',NULL,0),
(317,1,'REVGRU5TT1JfMV8xNTQyMTY4MDEzNTY3','39.105.44.165','2018-11-14 12:00:13',NULL,0),
(318,1,'REVGRU5TT1JfMV8xNTQyMTY4MDY5MTg0','39.105.44.165','2018-11-14 12:01:09',NULL,0),
(319,1,'REVGRU5TT1JfMV8xNTQyMTY4MTMxMDM0','39.105.44.165','2018-11-14 12:02:11',NULL,0),
(320,1,'REVGRU5TT1JfMV8xNTQyMTY4MTQxNjQw','39.105.44.165','2018-11-14 12:02:21',NULL,0),
(321,1,'REVGRU5TT1JfMV8xNTQyMTcwODM4MjIy','39.105.44.165','2018-11-14 12:47:18','2018-11-14 12:47:51',0),
(322,1,'REVGRU5TT1JfMV8xNTQyMTcxMzI5NjQ3','39.105.44.165','2018-11-14 12:55:29',NULL,0),
(323,1,'REVGRU5TT1JfMV8xNTQyMTcxNDAyNDA4','39.105.44.165','2018-11-14 12:56:42',NULL,0),
(324,1,'REVGRU5TT1JfMV8xNTQyMTcyNDgwNzA3','39.105.44.165','2018-11-14 13:14:40',NULL,0),
(325,1,'REVGRU5TT1JfMV8xNTQyMTczNDMyMTA5','39.105.44.165','2018-11-14 13:30:32',NULL,0),
(326,1,'REVGRU5TT1JfMV8xNTQyMTczODQ2NjAz','39.105.44.165','2018-11-14 13:37:26','2018-11-14 13:38:05',0),
(327,1,'REVGRU5TT1JfMV8xNTQyMTczOTM4OTkx','39.105.44.165','2018-11-14 13:38:59','2018-11-14 13:39:56',0),
(328,1,'REVGRU5TT1JfMV8xNTQyMTc3MDA4NTcw','39.105.44.165','2018-11-14 14:30:08',NULL,0),
(329,1,'REVGRU5TT1JfMV8xNTQyMTc4ODIyOTIy','39.105.44.165','2018-11-14 15:00:22',NULL,0),
(330,1,'REVGRU5TT1JfMV8xNTQyMTgwNTcyODEx','39.105.44.165','2018-11-14 15:29:32','2018-11-14 15:31:28',0),
(331,1,'REVGRU5TT1JfMV8xNTQyMTgwNjk3MDI0','39.105.44.165','2018-11-14 15:31:37',NULL,0),
(332,1,'REVGRU5TT1JfMV8xNTQyMTg4Mjg2MDc1','39.105.44.165','2018-11-14 17:38:06',NULL,0),
(333,1,'REVGRU5TT1JfMV8xNTQyMTg4MzE1MjU0','39.105.44.165','2018-11-14 17:38:35','2018-11-14 17:58:32',0),
(334,1,'REVGRU5TT1JfMV8xNTQyMTg5NTM0NTg5','39.105.44.165','2018-11-14 17:58:54','2018-11-14 17:59:01',0),
(335,1,'REVGRU5TT1JfMV8xNTQyMjQ3OTM3ODEy','39.105.44.165','2018-11-15 10:12:17','2018-11-15 10:38:46',0),
(336,1,'REVGRU5TT1JfMV8xNTQyMjQ5NjA3MTc1','39.105.44.165','2018-11-15 10:40:07',NULL,0),
(337,1,'REVGRU5TT1JfMV8xNTQyMjU4NTc2Mjgz','39.105.44.165','2018-11-15 13:09:36',NULL,0),
(338,1,'REVGRU5TT1JfMV8xNTQyMjYzNjQ5ODQ2','39.105.44.165','2018-11-15 14:34:09','2018-11-15 14:36:14',0),
(339,1,'REVGRU5TT1JfMV8xNTQyMjY5NjE5NTk5','39.105.44.165','2018-11-15 16:13:39','2018-11-16 13:49:37',0),
(340,1,'REVGRU5TT1JfMV8xNTQyMjcyOTEzMDk3','39.105.44.165','2018-11-15 17:08:33',NULL,0),
(341,24,'REVGRU5TT1JfMjRfMTU0MjMzNDgzNjU0Mw==','39.105.44.165','2018-11-16 10:20:36','2018-11-16 14:01:37',0),
(342,1,'REVGRU5TT1JfMV8xNTQyMzM2MDI4NzQy','39.105.44.165','2018-11-16 10:40:28',NULL,0),
(343,1,'REVGRU5TT1JfMV8xNTQyMzQ3NDA1MTIw','39.105.44.165','2018-11-16 13:50:05','2018-11-16 13:50:21',0),
(344,1,'REVGRU5TT1JfMV8xNTQyMzQ3NDI4MDY0','39.105.44.165','2018-11-16 13:50:28',NULL,0),
(345,24,'REVGRU5TT1JfMjRfMTU0MjM0ODkwMzA4MA==','39.105.44.165','2018-11-16 14:15:03',NULL,0),
(346,24,'REVGRU5TT1JfMjRfMTU0MjM0ODkxNjU3MA==','39.105.44.165','2018-11-16 14:15:16',NULL,0),
(347,24,'REVGRU5TT1JfMjRfMTU0MjM0ODkzNjgxNw==','39.105.44.165','2018-11-16 14:15:36',NULL,0),
(348,24,'REVGRU5TT1JfMjRfMTU0MjM0OTY5MTE0MA==','39.105.44.165','2018-11-16 14:28:11',NULL,0),
(349,24,'REVGRU5TT1JfMjRfMTU0MjM0OTY5NTAyNw==','39.105.44.165','2018-11-16 14:28:15','2018-11-16 14:28:22',0),
(350,24,'REVGRU5TT1JfMjRfMTU0MjM0OTczNjI4NA==','39.105.44.165','2018-11-16 14:28:56',NULL,0),
(351,24,'REVGRU5TT1JfMjRfMTU0MjM0OTc2MDEwNA==','39.105.44.165','2018-11-16 14:29:20',NULL,0),
(352,1,'REVGRU5TT1JfMV8xNTQyMzU2MTUxNzY0','39.105.44.165','2018-11-16 16:15:51','2018-11-16 16:16:06',0),
(353,1,'REVGRU5TT1JfMV8xNTQyMzU2MTc1MTk0','39.105.44.165','2018-11-16 16:16:15',NULL,0),
(354,1,'REVGRU5TT1JfMV8xNTQyMzU2MTk1NTgy','39.105.44.165','2018-11-16 16:16:35',NULL,0),
(355,1,'REVGRU5TT1JfMV8xNTQyMzU2MjIxMTc0','39.105.44.165','2018-11-16 16:17:01',NULL,0),
(356,1,'REVGRU5TT1JfMV8xNTQyMzU2MjQwMTc2','39.105.44.165','2018-11-16 16:17:20',NULL,0),
(357,1,'REVGRU5TT1JfMV8xNTQyMzU2OTU4ODEx','39.105.44.165','2018-11-16 16:29:19','2018-11-16 16:29:27',0),
(358,1,'REVGRU5TT1JfMV8xNTQyMzU2OTg1Njgz','39.105.44.165','2018-11-16 16:29:45',NULL,0),
(359,1,'REVGRU5TT1JfMV8xNTQyMzU3NTc2NDIz','127.0.0.1','2018-11-16 16:39:36',NULL,0),
(360,1,'REVGRU5TT1JfMV8xNTQyMzU4ODgyNjMx','39.105.44.165','2018-11-16 17:01:22',NULL,0),
(361,1,'REVGRU5TT1JfMV8xNTQyMzU5MjUzMDU1','39.105.44.165','2018-11-16 17:07:33',NULL,0),
(362,1,'REVGRU5TT1JfMV8xNTQyMzU5NTQ3MTY5','39.105.44.165','2018-11-16 17:12:27',NULL,0),
(363,1,'REVGRU5TT1JfMV8xNTQyMzYxMjg1NTk0','39.105.44.165','2018-11-16 17:41:25',NULL,0),
(364,1,'REVGRU5TT1JfMV8xNTQyMzYyMTI0NTky','39.105.44.165','2018-11-16 17:55:24',NULL,0),
(365,1,'REVGRU5TT1JfMV8xNTQyMzYyMjU5ODM4','39.105.44.165','2018-11-16 17:57:39',NULL,0),
(366,1,'REVGRU5TT1JfMV8xNTQyMzYyNTg5NzA3','39.105.44.165','2018-11-16 18:03:09',NULL,0),
(367,1,'REVGRU5TT1JfMV8xNTQyMzY0NjQ5NDU0','127.0.0.1','2018-11-16 18:37:29','2018-11-16 18:42:22',0),
(368,1,'REVGRU5TT1JfMV8xNTQyMzY0NjcyOTQw','39.105.44.165','2018-11-16 18:37:53','2018-11-16 18:38:02',0),
(369,3,'REVGRU5TT1JfM18xNTQyMzY0Njk3NzEy','39.105.44.165','2018-11-16 18:38:17',NULL,0),
(370,1,'REVGRU5TT1JfMV8xNTQyMzY0ODQ5MzM3','39.105.44.165','2018-11-16 18:40:49','2018-11-16 18:47:35',0),
(371,3,'REVGRU5TT1JfM18xNTQyMzY0OTUwNTk0','127.0.0.1','2018-11-16 18:42:30','2018-11-16 18:47:50',0),
(372,3,'REVGRU5TT1JfM18xNTQyMzY0OTc0MzY1','39.105.44.165','2018-11-16 18:42:54',NULL,0),
(373,3,'REVGRU5TT1JfM18xNTQyMzY1MDc2MjEx','39.105.44.165','2018-11-16 18:44:36','2018-11-16 18:55:54',0),
(374,1,'REVGRU5TT1JfMV8xNTQyMzY1MjYyNjQw','39.105.44.165','2018-11-16 18:47:42',NULL,0),
(375,1,'REVGRU5TT1JfMV8xNTQyMzY1Mjc2MTgx','127.0.0.1','2018-11-16 18:47:56',NULL,0),
(376,1,'REVGRU5TT1JfMV8xNTQyMzY1Mjg5MTYy','39.105.44.165','2018-11-16 18:48:09',NULL,0),
(377,1,'REVGRU5TT1JfMV8xNTQyMzY1MzI1NjE4','39.105.44.165','2018-11-16 18:48:45',NULL,0),
(378,1,'REVGRU5TT1JfMV8xNTQyMzY1Mzc4MzYz','39.105.44.165','2018-11-16 18:49:38',NULL,0),
(379,1,'REVGRU5TT1JfMV8xNTQyMzY1NDAwMjky','39.105.44.165','2018-11-16 18:50:00',NULL,0),
(380,1,'REVGRU5TT1JfMV8xNTQyMzY1NzcyOTY0','39.105.44.165','2018-11-16 18:56:13','2018-11-16 18:57:52',0),
(381,3,'REVGRU5TT1JfM18xNTQyMzY1ODgwODgy','39.105.44.165','2018-11-16 18:58:00',NULL,0),
(382,3,'REVGRU5TT1JfM18xNTQyMzY1OTMwMDQ4','39.105.44.165','2018-11-16 18:58:50','2018-11-16 19:03:55',0),
(383,1,'REVGRU5TT1JfMV8xNTQyMzY2MjU1MDM3','39.105.44.165','2018-11-16 19:04:15',NULL,0),
(384,1,'REVGRU5TT1JfMV8xNTQyNTkyNjQwNTYx','39.105.44.165','2018-11-19 09:57:20',NULL,0),
(385,1,'REVGRU5TT1JfMV8xNTQyNTkyNzM1OTgy','39.105.44.165','2018-11-19 09:58:56',NULL,0),
(386,1,'REVGRU5TT1JfMV8xNTQyNTkyNzc0NTA5','39.105.44.165','2018-11-19 09:59:34',NULL,0),
(387,1,'REVGRU5TT1JfMV8xNTQyNTkzMDc3MjI0','39.105.44.165','2018-11-19 10:04:37',NULL,0),
(388,1,'REVGRU5TT1JfMV8xNTQyNTkzNDQwNTEy','39.105.44.165','2018-11-19 10:10:40',NULL,0),
(389,1,'REVGRU5TT1JfMV8xNTQyNTk0Mjg5Mjk2','39.105.44.165','2018-11-19 10:24:49',NULL,0),
(390,1,'REVGRU5TT1JfMV8xNTQyNTk2Mzc0NzI4','39.105.44.165','2018-11-19 10:59:34',NULL,0),
(391,1,'REVGRU5TT1JfMV8xNTQyNTk2NjMyNTYw','39.105.44.165','2018-11-19 11:03:52',NULL,0),
(392,1,'REVGRU5TT1JfMV8xNTQyNTk5OTcxNTc0','39.105.44.165','2018-11-19 11:59:31',NULL,0),
(393,1,'REVGRU5TT1JfMV8xNTQyNjAwMjc5MTI4','39.105.44.165','2018-11-19 12:04:39',NULL,0),
(394,1,'REVGRU5TT1JfMV8xNTQyNjAwMzAwNjg2','39.105.44.165','2018-11-19 12:05:00',NULL,0),
(395,1,'REVGRU5TT1JfMV8xNTQyNjAwNzA1MjI4','39.105.44.165','2018-11-19 12:11:45',NULL,0),
(396,1,'REVGRU5TT1JfMV8xNTQyNjAwNzEyMDY2','39.105.44.165','2018-11-19 12:11:52',NULL,0),
(397,1,'REVGRU5TT1JfMV8xNTQyNjA3NjEwNzY2','39.105.44.165','2018-11-19 14:06:50',NULL,0),
(398,1,'REVGRU5TT1JfMV8xNTQyNjA3NjEyMzkz','39.105.44.165','2018-11-19 14:06:52',NULL,0),
(399,1,'REVGRU5TT1JfMV8xNTQyNjA3NjEyODEy','39.105.44.165','2018-11-19 14:06:52',NULL,0),
(400,1,'REVGRU5TT1JfMV8xNTQyNjA3NjEzMTgy','39.105.44.165','2018-11-19 14:06:53',NULL,0),
(401,1,'REVGRU5TT1JfMV8xNTQyNjA4MTcxOTU0','39.105.44.165','2018-11-19 14:16:11',NULL,0),
(402,1,'REVGRU5TT1JfMV8xNTQyNjA4NTA1MzMy','39.105.44.165','2018-11-19 14:21:45',NULL,0),
(403,1,'REVGRU5TT1JfMV8xNTQyNjA4NjcwMTUy','39.105.44.165','2018-11-19 14:24:30','2018-11-20 11:48:16',0),
(404,1,'REVGRU5TT1JfMV8xNTQyNjEwNDE0MDQ0','39.105.44.165','2018-11-19 14:53:34',NULL,0),
(405,1,'REVGRU5TT1JfMV8xNTQyNjE1MDIzNTg5','39.105.44.165','2018-11-19 16:10:23',NULL,0),
(406,1,'REVGRU5TT1JfMV8xNTQyNjE1MDI0NjEx','39.105.44.165','2018-11-19 16:10:24',NULL,0),
(407,1,'REVGRU5TT1JfMV8xNTQyNjE1MDI1MDUy','39.105.44.165','2018-11-19 16:10:25',NULL,0),
(408,1,'REVGRU5TT1JfMV8xNTQyNjE1MDI1Mzgw','39.105.44.165','2018-11-19 16:10:25',NULL,0),
(409,1,'REVGRU5TT1JfMV8xNTQyNjE1MDI1NjU4','39.105.44.165','2018-11-19 16:10:25',NULL,0),
(410,1,'REVGRU5TT1JfMV8xNTQyNjE1MDI1ODcz','39.105.44.165','2018-11-19 16:10:25',NULL,0),
(411,1,'REVGRU5TT1JfMV8xNTQyNjE1MDI2MDU5','39.105.44.165','2018-11-19 16:10:26',NULL,0),
(412,1,'REVGRU5TT1JfMV8xNTQyNjE1MDI2MjQ4','39.105.44.165','2018-11-19 16:10:26',NULL,0),
(413,1,'REVGRU5TT1JfMV8xNTQyNjE1MDI2NDEz','39.105.44.165','2018-11-19 16:10:26',NULL,0),
(414,1,'REVGRU5TT1JfMV8xNTQyNjE1MDI2NTg3','39.105.44.165','2018-11-19 16:10:26',NULL,0),
(415,1,'REVGRU5TT1JfMV8xNTQyNjE1MDI2NzY3','39.105.44.165','2018-11-19 16:10:26',NULL,0),
(416,1,'REVGRU5TT1JfMV8xNTQyNjE1MDI2OTQy','39.105.44.165','2018-11-19 16:10:26',NULL,0),
(417,1,'REVGRU5TT1JfMV8xNTQyNjE1MDI3MTEw','39.105.44.165','2018-11-19 16:10:27',NULL,0),
(418,1,'REVGRU5TT1JfMV8xNTQyNjE1MDI3MjY4','39.105.44.165','2018-11-19 16:10:27',NULL,0),
(419,1,'REVGRU5TT1JfMV8xNTQyNjE1MDI3NDIz','39.105.44.165','2018-11-19 16:10:27',NULL,0),
(420,1,'REVGRU5TT1JfMV8xNTQyNjE1MDI3Nzc3','39.105.44.165','2018-11-19 16:10:27',NULL,0),
(421,1,'REVGRU5TT1JfMV8xNTQyNjE1MDI3OTY1','39.105.44.165','2018-11-19 16:10:27',NULL,0),
(422,1,'REVGRU5TT1JfMV8xNTQyNjE1MDI4MTI5','39.105.44.165','2018-11-19 16:10:28',NULL,0),
(423,1,'REVGRU5TT1JfMV8xNTQyNjE1MDI4Mjk4','39.105.44.165','2018-11-19 16:10:28',NULL,0),
(424,1,'REVGRU5TT1JfMV8xNTQyNjE1MDI4NDYx','39.105.44.165','2018-11-19 16:10:28',NULL,0),
(425,1,'REVGRU5TT1JfMV8xNTQyNjE1MDI4NjI3','39.105.44.165','2018-11-19 16:10:28',NULL,0),
(426,1,'REVGRU5TT1JfMV8xNTQyNjE1MDI5MDM1','39.105.44.165','2018-11-19 16:10:29',NULL,0),
(427,1,'REVGRU5TT1JfMV8xNTQyNjE1MDI5NDI5','39.105.44.165','2018-11-19 16:10:29',NULL,0),
(428,1,'REVGRU5TT1JfMV8xNTQyNjE1MDI5NzM1','39.105.44.165','2018-11-19 16:10:29',NULL,0),
(429,1,'REVGRU5TT1JfMV8xNTQyNjE1MDMwMDEy','39.105.44.165','2018-11-19 16:10:30',NULL,0),
(430,1,'REVGRU5TT1JfMV8xNTQyNjE1MDMwMjY5','39.105.44.165','2018-11-19 16:10:30',NULL,0),
(431,1,'REVGRU5TT1JfMV8xNTQyNjE1MDMwNjA1','39.105.44.165','2018-11-19 16:10:30',NULL,0),
(432,1,'REVGRU5TT1JfMV8xNTQyNjE1MDMxMDM3','39.105.44.165','2018-11-19 16:10:31',NULL,0),
(433,1,'REVGRU5TT1JfMV8xNTQyNjE1MDMxMzIx','39.105.44.165','2018-11-19 16:10:31',NULL,0),
(434,1,'REVGRU5TT1JfMV8xNTQyNjE1MDMxNTY5','39.105.44.165','2018-11-19 16:10:31',NULL,0),
(435,1,'REVGRU5TT1JfMV8xNTQyNjE1MDMxNzY1','39.105.44.165','2018-11-19 16:10:31',NULL,0),
(436,1,'REVGRU5TT1JfMV8xNTQyNjE1MDMyMDI4','39.105.44.165','2018-11-19 16:10:32',NULL,0),
(437,1,'REVGRU5TT1JfMV8xNTQyNjE1MDMyMzEy','39.105.44.165','2018-11-19 16:10:32',NULL,0),
(438,1,'REVGRU5TT1JfMV8xNTQyNjE1MDMyNzc0','39.105.44.165','2018-11-19 16:10:32',NULL,0),
(439,1,'REVGRU5TT1JfMV8xNTQyNjE1MDMzMjg3','39.105.44.165','2018-11-19 16:10:33',NULL,0),
(440,1,'REVGRU5TT1JfMV8xNTQyNjE1MDM0MzQ1','39.105.44.165','2018-11-19 16:10:34',NULL,0),
(441,1,'REVGRU5TT1JfMV8xNTQyNjE1MDU0OTMw','39.105.44.165','2018-11-19 16:10:54',NULL,0),
(442,1,'REVGRU5TT1JfMV8xNTQyNjgzNDE0NTE2','39.105.44.165','2018-11-20 11:10:14',NULL,0),
(443,1,'REVGRU5TT1JfMV8xNTQyNjg0NDYyMDAz','39.105.44.165','2018-11-20 11:27:42',NULL,0),
(444,3,'REVGRU5TT1JfM18xNTQyNjg1NzAxNTQ5','39.105.44.165','2018-11-20 11:48:21',NULL,0),
(445,1,'REVGRU5TT1JfMV8xNTQyNzAyNTc0Nzc2','39.105.44.165','2018-11-20 16:29:34','2018-11-20 18:25:03',0),
(446,1,'REVGRU5TT1JfMV8xNTQyNzA5NTExMTM2','39.105.44.165','2018-11-20 18:25:11',NULL,0),
(447,3,'REVGRU5TT1JfM18xNTQyNzA5NTMwMTQ1','39.105.44.165','2018-11-20 18:25:30','2018-11-20 19:09:39',0),
(448,1,'REVGRU5TT1JfMV8xNTQyNzEyMTg0NTUx','39.105.44.165','2018-11-20 19:09:44','2018-11-21 15:20:03',0),
(449,24,'REVGRU5TT1JfMjRfMTU0Mjc2ODUwMTU1Mw==','39.105.44.165','2018-11-21 10:48:21',NULL,0),
(450,1,'REVGRU5TT1JfMV8xNTQyNzg0ODY1ODky','39.105.44.165','2018-11-21 15:21:05',NULL,0),
(451,1,'REVGRU5TT1JfMV8xNTQyNzg0ODc0NDI1','39.105.44.165','2018-11-21 15:21:14','2018-11-21 15:52:19',0),
(452,1,'REVGRU5TT1JfMV8xNTQyNzg2MDI1MTU3','39.105.44.165','2018-11-21 15:40:25','2018-11-22 11:45:52',0),
(453,24,'REVGRU5TT1JfMjRfMTU0Mjc4NjMyNjIwMQ==','39.105.44.165','2018-11-21 15:45:26',NULL,0),
(454,1,'REVGRU5TT1JfMV8xNTQyNzg2NzQ5NzI1','39.105.44.165','2018-11-21 15:52:29','2018-11-21 15:52:44',0),
(455,19,'REVGRU5TT1JfMTlfMTU0Mjc4Njc3MDIwOA==','39.105.44.165','2018-11-21 15:52:50','2018-11-21 16:00:56',0),
(456,1,'REVGRU5TT1JfMV8xNTQyNzg3MjY0MzIx','39.105.44.165','2018-11-21 16:01:04','2018-11-21 16:01:28',0),
(457,5,'REVGRU5TT1JfNV8xNTQyNzg3MjkxNjcw','39.105.44.165','2018-11-21 16:01:31','2018-11-21 16:57:59',0),
(458,1,'REVGRU5TT1JfMV8xNTQyNzkwNjgzOTYw','39.105.44.165','2018-11-21 16:58:03',NULL,0),
(459,1,'REVGRU5TT1JfMV8xNTQyNzkyNDQzNjIy','39.105.44.165','2018-11-21 17:27:23',NULL,0),
(460,1,'REVGRU5TT1JfMV8xNTQyNzkyNzYyNTE1','39.105.44.165','2018-11-21 17:32:42',NULL,0),
(461,1,'REVGRU5TT1JfMV8xNTQyNzkzMjYxMjc3','39.105.44.165','2018-11-21 17:41:01','2018-11-21 17:41:10',0),
(462,5,'REVGRU5TT1JfNV8xNTQyNzkzMjc5NDAw','39.105.44.165','2018-11-21 17:41:19','2018-11-21 17:41:29',0),
(463,19,'REVGRU5TT1JfMTlfMTU0Mjc5MzMwMjkwOA==','39.105.44.165','2018-11-21 17:41:42','2018-11-21 17:42:45',0),
(464,1,'REVGRU5TT1JfMV8xNTQyNzk2MDU4NTk3','39.105.44.165','2018-11-21 18:27:38',NULL,0),
(465,1,'REVGRU5TT1JfMV8xNTQyODU3OTg1ODkx','39.105.44.165','2018-11-22 11:39:45',NULL,0),
(466,1,'REVGRU5TT1JfMV8xNTQyODU4MzU3NDkz','39.105.44.165','2018-11-22 11:45:57',NULL,0),
(467,1,'REVGRU5TT1JfMV8xNTQyODc3MzY0NjA5','39.105.44.165','2018-11-22 17:02:44','2018-11-22 17:23:28',0),
(468,25,'REVGRU5TT1JfMjVfMTU0Mjg3ODYxMzkzOQ==','39.105.44.165','2018-11-22 17:23:33',NULL,0),
(469,1,'REVGRU5TT1JfMV8xNTQyODgyMzYxNzYy','39.105.44.165','2018-11-22 18:26:01',NULL,0),
(470,1,'REVGRU5TT1JfMV8xNTQyOTM5NDU1OTMx','39.105.44.165','2018-11-23 10:17:35','2018-11-23 11:07:33',0),
(471,5,'REVGRU5TT1JfNV8xNTQyOTQxODEyMjgw','39.105.44.165','2018-11-23 10:56:52','2018-11-23 11:33:50',0),
(472,25,'REVGRU5TT1JfMjVfMTU0Mjk0MjQ2MTc1Nw==','39.105.44.165','2018-11-23 11:07:41','2018-11-23 13:59:16',0),
(473,25,'REVGRU5TT1JfMjVfMTU0Mjk0NDA0MTk1OA==','39.105.44.165','2018-11-23 11:34:01','2018-11-23 11:34:15',0),
(474,25,'REVGRU5TT1JfMjVfMTU0Mjk0NDA2NDQyNA==','39.105.44.165','2018-11-23 11:34:24','2018-11-23 11:34:43',0),
(475,1,'REVGRU5TT1JfMV8xNTQyOTQ0MTA0MDk2','39.105.44.165','2018-11-23 11:35:04','2018-11-23 11:35:35',0),
(476,14,'REVGRU5TT1JfMTRfMTU0Mjk0NDEzOTYyMw==','39.105.44.165','2018-11-23 11:35:39','2018-11-23 11:35:46',0),
(477,25,'REVGRU5TT1JfMjVfMTU0Mjk0NDE1Mzg2NQ==','39.105.44.165','2018-11-23 11:35:53',NULL,0),
(478,1,'REVGRU5TT1JfMV8xNTQyOTUyNzU5MTE5','39.105.44.165','2018-11-23 13:59:19','2018-11-23 16:22:03',0),
(479,25,'REVGRU5TT1JfMjVfMTU0Mjk2MTMzNDQxMw==','39.105.44.165','2018-11-23 16:22:14',NULL,0),
(480,1,'REVGRU5TT1JfMV8xNTQyOTYxOTczMzQ4','39.105.44.165','2018-11-23 16:32:53',NULL,0),
(481,24,'REVGRU5TT1JfMjRfMTU0Mjk3MTI3Mzk1OA==','39.105.44.165','2018-11-23 19:07:53',NULL,0),
(482,1,'REVGRU5TT1JfMV8xNTQzMjAyNDc0NTI3','39.105.44.165','2018-11-26 11:21:14',NULL,0),
(483,1,'REVGRU5TT1JfMV8xNTQzMjA2Mjg0MDgx','39.105.44.165','2018-11-26 12:24:44','2018-11-26 12:25:20',0),
(484,23,'REVGRU5TT1JfMjNfMTU0MzIwNjMyNzc5MA==','39.105.44.165','2018-11-26 12:25:27','2018-11-26 12:29:50',0),
(485,1,'REVGRU5TT1JfMV8xNTQzMjA2NTk1NTU1','39.105.44.165','2018-11-26 12:29:55','2018-11-26 12:43:11',0),
(486,23,'REVGRU5TT1JfMjNfMTU0MzIwNzM5NTM5Mg==','39.105.44.165','2018-11-26 12:43:15','2018-11-26 12:43:45',0),
(487,25,'REVGRU5TT1JfMjVfMTU0MzIwNzQyODc5OQ==','39.105.44.165','2018-11-26 12:43:48','2018-11-26 14:08:20',0),
(488,1,'REVGRU5TT1JfMV8xNTQzMjEyNTA0ODI4','39.105.44.165','2018-11-26 14:08:24','2018-11-26 14:17:47',0),
(489,25,'REVGRU5TT1JfMjVfMTU0MzIxMzA3NzE3Mw==','39.105.44.165','2018-11-26 14:17:57',NULL,0),
(490,1,'REVGRU5TT1JfMV8xNTQzMjI1NzcwMzY2','39.105.44.165','2018-11-26 17:49:30',NULL,0),
(491,1,'REVGRU5TT1JfMV8xNTQzMjI2OTEyMDM2','39.105.44.165','2018-11-26 18:08:32','2018-11-26 18:09:49',0),
(492,3,'REVGRU5TT1JfM18xNTQzMjI3MTA3NTEx','39.105.44.165','2018-11-26 18:11:47','2018-11-26 18:38:54',0),
(493,3,'REVGRU5TT1JfM18xNTQzMjI3MTU4OTU5','127.0.0.1','2018-11-26 18:12:39',NULL,0),
(494,1,'REVGRU5TT1JfMV8xNTQzMjI3MjA0ODU3','127.0.0.1','2018-11-26 18:13:24','2018-11-26 18:13:45',0),
(495,5,'REVGRU5TT1JfNV8xNTQzMjI3MjMyNzU0','127.0.0.1','2018-11-26 18:13:52',NULL,0),
(496,1,'REVGRU5TT1JfMV8xNTQzMjI4NzM4NzQ0','39.105.44.165','2018-11-26 18:38:58',NULL,0),
(497,5,'REVGRU5TT1JfNV8xNTQzMjI5NTE4ODMx','39.105.44.165','2018-11-26 18:51:58',NULL,0),
(498,1,'REVGRU5TT1JfMV8xNTQzMjg0NzYzMzY5','39.105.44.165','2018-11-27 10:12:43',NULL,0),
(499,1,'REVGRU5TT1JfMV8xNTQzMjkyMTA1MTYz','39.105.44.165','2018-11-27 12:15:05',NULL,0),
(500,1,'REVGRU5TT1JfMV8xNTQzMjk3MzE1MDIw','39.105.44.165','2018-11-27 13:41:55',NULL,0),
(501,1,'REVGRU5TT1JfMV8xNTQzMjk5NzYyMjE2','127.0.0.1','2018-11-27 14:22:42',NULL,0),
(502,1,'REVGRU5TT1JfMV8xNTQzMjk5NzgyMjYy','127.0.0.1','2018-11-27 14:23:02','2018-11-27 14:23:16',0),
(503,1,'REVGRU5TT1JfMV8xNTQzMzA4NjQxNzA1','39.105.44.165','2018-11-27 16:50:41',NULL,0),
(504,1,'REVGRU5TT1JfMV8xNTQzMzY5OTUyMDI2','39.105.44.165','2018-11-28 09:52:32',NULL,0),
(505,24,'REVGRU5TT1JfMjRfMTU0MzM3MjE2MjMyOQ==','39.105.44.165','2018-11-28 10:29:22',NULL,0),
(506,1,'REVGRU5TT1JfMV8xNTQzMzc0MTUzMDU4','39.105.44.165','2018-11-28 11:02:33',NULL,0),
(507,1,'REVGRU5TT1JfMV8xNTQzMzgzNDE0MzM4','39.105.44.165','2018-11-28 13:36:54','2018-11-28 15:39:10',0),
(508,1,'REVGRU5TT1JfMV8xNTQzMzg2NTU5NzI5','39.105.44.165','2018-11-28 14:29:19',NULL,0),
(509,1,'REVGRU5TT1JfMV8xNTQzMzg3MjAzMDc0','39.105.44.165','2018-11-28 14:40:03',NULL,0),
(510,23,'REVGRU5TT1JfMjNfMTU0MzM4ODgzODA0OA==','39.105.44.165','2018-11-28 15:07:18',NULL,0),
(511,24,'REVGRU5TT1JfMjRfMTU0MzM5MDMyNTgwNQ==','39.105.44.165','2018-11-28 15:32:05','2018-11-28 15:33:07',0),
(512,24,'REVGRU5TT1JfMjRfMTU0MzM5MDQyMzE5NA==','39.105.44.165','2018-11-28 15:33:43','2018-11-28 18:24:34',0),
(513,23,'REVGRU5TT1JfMjNfMTU0MzM5MDc1OTU5OA==','39.105.44.165','2018-11-28 15:39:19',NULL,0),
(514,1,'REVGRU5TT1JfMV8xNTQzMzkzMDg3ODgz','39.105.44.165','2018-11-28 16:18:07',NULL,0),
(515,23,'REVGRU5TT1JfMjNfMTU0MzQxNTk1NTg0NQ==','39.105.44.165','2018-11-28 22:39:15','2018-11-28 22:43:19',0),
(516,23,'REVGRU5TT1JfMjNfMTU0MzQxNjIwNDU5MQ==','39.105.44.165','2018-11-28 22:43:24','2018-11-28 22:44:31',0),
(517,1,'REVGRU5TT1JfMV8xNTQzNDE2Mjg0OTc2','39.105.44.165','2018-11-28 22:44:44','2018-11-28 22:48:09',0),
(518,23,'REVGRU5TT1JfMjNfMTU0MzQxNjQ5NDYxMg==','39.105.44.165','2018-11-28 22:48:14',NULL,0),
(519,1,'REVGRU5TT1JfMV8xNTQzNDE2NzcyMDMz','39.105.44.165','2018-11-28 22:52:52','2018-11-28 22:53:58',0),
(520,23,'REVGRU5TT1JfMjNfMTU0MzQxNjg0MzMyOA==','39.105.44.165','2018-11-28 22:54:03','2018-11-28 23:05:13',0),
(521,1,'REVGRU5TT1JfMV8xNTQzNDE3NTIxMTIx','39.105.44.165','2018-11-28 23:05:21',NULL,0),
(522,1,'REVGRU5TT1JfMV8xNTQzNDE4OTQ0NjY5','39.105.44.165','2018-11-28 23:29:04',NULL,0),
(523,23,'REVGRU5TT1JfMjNfMTU0MzQ1NzE5NzYxNg==','39.105.44.165','2018-11-29 10:06:37','2018-11-29 10:27:25',0),
(524,28,'REVGRU5TT1JfMjhfMTU0MzQ1ODQ2MzQzMQ==','39.105.44.165','2018-11-29 10:27:43','2018-11-29 10:30:39',0),
(525,26,'REVGRU5TT1JfMjZfMTU0MzQ1ODY1MjI4Mg==','39.105.44.165','2018-11-29 10:30:52',NULL,0),
(526,23,'REVGRU5TT1JfMjNfMTU0MzQ1ODcyMzE0MQ==','39.105.44.165','2018-11-29 10:32:03',NULL,0),
(527,1,'REVGRU5TT1JfMV8xNTQzNDYwNjg4OTI2','39.105.44.165','2018-11-29 11:04:48','2018-11-29 11:06:31',0),
(528,24,'REVGRU5TT1JfMjRfMTU0MzQ3NTMwMTIxOA==','39.105.44.165','2018-11-29 15:08:21',NULL,0),
(529,23,'REVGRU5TT1JfMjNfMTU0MzQ4OTE5MjI2Ng==','39.105.44.165','2018-11-29 18:59:52','2018-11-29 19:00:02',0),
(530,25,'REVGRU5TT1JfMjVfMTU0MzQ4OTIxMTEyOQ==','39.105.44.165','2018-11-29 19:00:11',NULL,0),
(531,25,'REVGRU5TT1JfMjVfMTU0MzU0Mjg0MjAwMA==','39.105.44.165','2018-11-30 09:54:02',NULL,0),
(532,23,'REVGRU5TT1JfMjNfMTU0MzU1OTM5NjI0Nw==','39.105.44.165','2018-11-30 14:29:56','2018-11-30 14:30:10',0),
(533,28,'REVGRU5TT1JfMjhfMTU0MzU1OTQxNTA0MQ==','39.105.44.165','2018-11-30 14:30:15','2018-11-30 16:44:37',0),
(534,1,'REVGRU5TT1JfMV8xNTQzNTYwODUxMTMy','127.0.0.1','2018-11-30 14:54:11',NULL,0),
(535,1,'REVGRU5TT1JfMV8xNTQzNTYyNzE2NzU5','39.105.44.165','2018-11-30 15:25:16','2018-11-30 15:25:26',0),
(536,1,'REVGRU5TT1JfMV8xNTQzNTYyNzQ2MTA3','39.105.44.165','2018-11-30 15:25:46','2018-11-30 15:26:43',0),
(537,29,'REVGRU5TT1JfMjlfMTU0MzU2MjgxMDIxOQ==','39.105.44.165','2018-11-30 15:26:50','2018-11-30 15:27:16',0),
(538,1,'REVGRU5TT1JfMV8xNTQzNTYyODQxMjEy','39.105.44.165','2018-11-30 15:27:21','2018-11-30 15:27:51',0),
(539,1,'REVGRU5TT1JfMV8xNTQzNTYyODQ0MzQw','39.105.44.165','2018-11-30 15:27:24',NULL,0),
(540,27,'REVGRU5TT1JfMjdfMTU0MzU2Mjg3ODQ4OA==','39.105.44.165','2018-11-30 15:27:58','2018-11-30 16:42:44',0),
(541,24,'REVGRU5TT1JfMjRfMTU0MzU2NDU3NjYzOA==','39.105.44.165','2018-11-30 15:56:16',NULL,0),
(542,1,'REVGRU5TT1JfMV8xNTQzNTY3MzY5MzQ5','39.105.44.165','2018-11-30 16:42:49','2018-11-30 16:43:52',0),
(543,25,'REVGRU5TT1JfMjVfMTU0MzU2NzQzOTYwMg==','39.105.44.165','2018-11-30 16:43:59',NULL,0),
(544,23,'REVGRU5TT1JfMjNfMTU0MzU2NzQ4OTM1MQ==','39.105.44.165','2018-11-30 16:44:49','2018-11-30 16:44:54',0),
(545,25,'REVGRU5TT1JfMjVfMTU0MzU2NzUwMDUyMA==','39.105.44.165','2018-11-30 16:45:00',NULL,0),
(546,24,'REVGRU5TT1JfMjRfMTU0MzU5MTgwMzM2OQ==','39.105.44.165','2018-11-30 23:30:03',NULL,0),
(547,24,'REVGRU5TT1JfMjRfMTU0MzYzMTU5ODI2Ng==','39.105.44.165','2018-12-01 10:33:18',NULL,0),
(548,24,'REVGRU5TT1JfMjRfMTU0MzYzMjY2NTYxMg==','39.105.44.165','2018-12-01 10:51:05',NULL,0),
(549,25,'REVGRU5TT1JfMjVfMTU0MzczMDg0NDQ1Nw==','39.105.44.165','2018-12-02 14:07:24',NULL,0),
(550,26,'REVGRU5TT1JfMjZfMTU0Mzc1MDc3NjAyNg==','39.105.44.165','2018-12-02 19:39:36','2018-12-02 19:47:16',0),
(551,28,'REVGRU5TT1JfMjhfMTU0Mzc1MTI1MzgzMg==','39.105.44.165','2018-12-02 19:47:33',NULL,0),
(552,23,'REVGRU5TT1JfMjNfMTU0Mzc1MzA4NjMwOA==','39.105.44.165','2018-12-02 20:18:06','2018-12-02 20:31:11',0),
(553,28,'REVGRU5TT1JfMjhfMTU0Mzc1Mzg3ODc3Mw==','39.105.44.165','2018-12-02 20:31:18','2018-12-02 20:31:33',0),
(554,1,'REVGRU5TT1JfMV8xNTQzODAyNTg0MDYz','39.105.44.165','2018-12-03 10:03:04',NULL,0),
(555,23,'REVGRU5TT1JfMjNfMTU0MzgxNzk4NjUyOQ==','39.105.44.165','2018-12-03 14:19:46','2018-12-03 14:22:06',0),
(556,23,'REVGRU5TT1JfMjNfMTU0MzgxODE3NDcwMQ==','39.105.44.165','2018-12-03 14:22:54',NULL,0),
(557,30,'REVGRU5TT1JfMzBfMTU0MzgxODIxMzI2MQ==','39.105.44.165','2018-12-03 14:23:33',NULL,0),
(558,23,'REVGRU5TT1JfMjNfMTU0MzgxODM0NjYwMw==','39.105.44.165','2018-12-03 14:25:46',NULL,0),
(559,25,'REVGRU5TT1JfMjVfMTU0MzgzMjQzNjk1NA==','39.105.44.165','2018-12-03 18:20:36',NULL,0),
(560,25,'REVGRU5TT1JfMjVfMTU0MzkwNjM2MjE4Nw==','39.105.44.165','2018-12-04 14:52:42',NULL,0),
(561,23,'REVGRU5TT1JfMjNfMTU0MzkwODQyMjkyNg==','39.105.44.165','2018-12-04 15:27:02',NULL,0),
(562,1,'REVGRU5TT1JfMV8xNTQzOTc5NTI5OTQ5','39.105.44.165','2018-12-05 11:12:10','2018-12-05 11:16:53',0),
(563,1,'REVGRU5TT1JfMV8xNTQzOTc5Njg4Mjc1','127.0.0.1','2018-12-05 11:14:48',NULL,0),
(564,1,'REVGRU5TT1JfMV8xNTQzOTc5ODE4NDE2','39.105.44.165','2018-12-05 11:16:58','2018-12-05 11:20:22',0),
(565,1,'REVGRU5TT1JfMV8xNTQzOTgwMDI2Njkx','39.105.44.165','2018-12-05 11:20:26','2018-12-05 11:35:03',0),
(566,1,'REVGRU5TT1JfMV8xNTQzOTgwMTgyMzc4','39.105.44.165','2018-12-05 11:23:02','2018-12-05 11:25:34',0),
(567,1,'REVGRU5TT1JfMV8xNTQzOTgwMzQyNDQ2','39.105.44.165','2018-12-05 11:25:42',NULL,0),
(568,1,'REVGRU5TT1JfMV8xNTQzOTgwODYxOTc1','39.105.44.165','2018-12-05 11:34:21','2018-12-05 11:54:58',0),
(569,1,'REVGRU5TT1JfMV8xNTQzOTgwOTA4NjY0','39.105.44.165','2018-12-05 11:35:08','2018-12-05 11:36:07',0),
(570,1,'REVGRU5TT1JfMV8xNTQzOTgwOTY1ODU0','39.105.44.165','2018-12-05 11:36:05','2018-12-05 11:55:26',0),
(571,1,'REVGRU5TT1JfMV8xNTQzOTgwOTcxNjc1','39.105.44.165','2018-12-05 11:36:11','2018-12-05 13:47:46',0),
(572,1,'REVGRU5TT1JfMV8xNTQzOTgyMTA0MjAw','39.105.44.165','2018-12-05 11:55:04',NULL,0),
(573,1,'REVGRU5TT1JfMV8xNTQzOTgyMTI4NDE5','39.105.44.165','2018-12-05 11:55:28','2018-12-05 11:56:21',0),
(574,1,'REVGRU5TT1JfMV8xNTQzOTgyMTgxNzY0','39.105.44.165','2018-12-05 11:56:21','2018-12-05 12:01:33',0),
(575,1,'REVGRU5TT1JfMV8xNTQzOTgyNDk1NjYx','39.105.44.165','2018-12-05 12:01:35','2018-12-05 12:02:58',0),
(576,1,'REVGRU5TT1JfMV8xNTQzOTgyNTEwMzAx','39.105.44.165','2018-12-05 12:01:50','2018-12-05 12:02:10',0),
(577,1,'REVGRU5TT1JfMV8xNTQzOTgyNTQwMjE0','39.105.44.165','2018-12-05 12:02:20','2018-12-05 12:04:22',0),
(578,1,'REVGRU5TT1JfMV8xNTQzOTgyNjA3NTY4','39.105.44.165','2018-12-05 12:03:27',NULL,0),
(579,1,'REVGRU5TT1JfMV8xNTQzOTgyNjYzMzg4','39.105.44.165','2018-12-05 12:04:23',NULL,0),
(580,1,'REVGRU5TT1JfMV8xNTQzOTgyNjg5NDgz','39.105.44.165','2018-12-05 12:04:49',NULL,0),
(581,1,'REVGRU5TT1JfMV8xNTQzOTgyNzEzNzQz','39.105.44.165','2018-12-05 12:05:13',NULL,0),
(582,1,'REVGRU5TT1JfMV8xNTQzOTg4ODcxNjEx','39.105.44.165','2018-12-05 13:47:51',NULL,0),
(583,1,'REVGRU5TT1JfMV8xNTQzOTkwNjA2NDUx','127.0.0.1','2018-12-05 14:16:46','2018-12-05 14:16:57',0),
(584,1,'REVGRU5TT1JfMV8xNTQzOTkyMzAyNjc1','39.105.44.165','2018-12-05 14:45:02','2018-12-05 17:07:01',0),
(585,25,'REVGRU5TT1JfMjVfMTU0Mzk5NDkwMDEzMg==','39.105.44.165','2018-12-05 15:28:20','2018-12-05 16:03:12',0),
(586,31,'REVGRU5TT1JfMzFfMTU0Mzk5Njk5NDI5NQ==','39.105.44.165','2018-12-05 16:03:14',NULL,0),
(587,1,'REVGRU5TT1JfMV8xNTQ0MDA2MjExMzc4','39.105.44.165','2018-12-05 18:36:51',NULL,0),
(588,1,'REVGRU5TT1JfMV8xNTQ0MDA2NDMyNzEx','39.105.44.165','2018-12-05 18:40:32','2018-12-05 18:41:27',0),
(589,1,'REVGRU5TT1JfMV8xNTQ0MDA2NDkxODk5','39.105.44.165','2018-12-05 18:41:31',NULL,0),
(590,1,'REVGRU5TT1JfMV8xNTQ0MDYxMzYzMzgy','39.105.44.165','2018-12-06 09:56:03','2018-12-06 10:11:15',0),
(591,1,'REVGRU5TT1JfMV8xNTQ0MDYyMjgzMzI3','39.105.44.165','2018-12-06 10:11:23','2018-12-06 10:11:52',0),
(592,1,'REVGRU5TT1JfMV8xNTQ0MDYyMzE4NzE3','39.105.44.165','2018-12-06 10:11:58','2018-12-06 10:27:27',0),
(593,23,'REVGRU5TT1JfMjNfMTU0NDA2MzE3NzM2Mg==','39.105.44.165','2018-12-06 10:26:17','2018-12-06 10:27:29',0),
(594,1,'REVGRU5TT1JfMV8xNTQ0MDYzMjUyNTUx','39.105.44.165','2018-12-06 10:27:32','2018-12-06 10:28:47',0),
(595,23,'REVGRU5TT1JfMjNfMTU0NDA2MzI1Nzg4Mw==','39.105.44.165','2018-12-06 10:27:37','2018-12-06 11:36:51',0),
(596,32,'REVGRU5TT1JfMzJfMTU0NDA2MzMzNjE1NA==','39.105.44.165','2018-12-06 10:28:56','2018-12-06 10:37:22',0),
(597,1,'REVGRU5TT1JfMV8xNTQ0MDYzODQ3NTQz','39.105.44.165','2018-12-06 10:37:27',NULL,0),
(598,1,'REVGRU5TT1JfMV8xNTQ0MDY0MTI1MjE1','39.105.44.165','2018-12-06 10:42:05','2018-12-06 10:50:44',0),
(599,32,'REVGRU5TT1JfMzJfMTU0NDA2NDY1MDg5Nw==','39.105.44.165','2018-12-06 10:50:50','2018-12-06 11:08:31',0),
(600,1,'REVGRU5TT1JfMV8xNTQ0MDY1NTg2MTIw','39.105.44.165','2018-12-06 11:06:26','2018-12-06 11:06:36',0),
(601,32,'REVGRU5TT1JfMzJfMTU0NDA2NTYwOTkyMA==','39.105.44.165','2018-12-06 11:06:49',NULL,0),
(602,32,'REVGRU5TT1JfMzJfMTU0NDA2NTcxNjUzNw==','39.105.44.165','2018-12-06 11:08:36',NULL,0),
(603,26,'REVGRU5TT1JfMjZfMTU0NDA2NzQyMjAzMA==','39.105.44.165','2018-12-06 11:37:02',NULL,0),
(604,23,'REVGRU5TT1JfMjNfMTU0NDA2NzQ3Njg1Mg==','39.105.44.165','2018-12-06 11:37:56','2018-12-06 11:38:54',0),
(605,23,'REVGRU5TT1JfMjNfMTU0NDA2NzU0OTYzOQ==','39.105.44.165','2018-12-06 11:39:09','2018-12-06 11:39:59',0),
(606,25,'REVGRU5TT1JfMjVfMTU0NDA2NzYwNjU4Mg==','39.105.44.165','2018-12-06 11:40:06',NULL,0),
(607,1,'REVGRU5TT1JfMV8xNTQ0MDc3MDQ2NzY4','39.105.44.165','2018-12-06 14:17:26','2018-12-06 14:59:03',0),
(608,25,'REVGRU5TT1JfMjVfMTU0NDA3NzI0MDU3Mg==','39.105.44.165','2018-12-06 14:20:40','2018-12-06 14:22:03',0),
(609,31,'REVGRU5TT1JfMzFfMTU0NDA3NzMyNzE5Mg==','39.105.44.165','2018-12-06 14:22:07','2018-12-06 14:24:35',0),
(610,25,'REVGRU5TT1JfMjVfMTU0NDA3NzQ3Nzc2Nw==','39.105.44.165','2018-12-06 14:24:37','2018-12-06 14:25:19',0),
(611,25,'REVGRU5TT1JfMjVfMTU0NDA3NzUyODg2Ng==','39.105.44.165','2018-12-06 14:25:28','2018-12-06 14:25:38',0),
(612,33,'REVGRU5TT1JfMzNfMTU0NDA3NzU0MDAwNg==','39.105.44.165','2018-12-06 14:25:40','2018-12-06 14:26:10',0),
(613,25,'REVGRU5TT1JfMjVfMTU0NDA3NzU3MjkzMQ==','39.105.44.165','2018-12-06 14:26:12','2018-12-06 14:27:04',0),
(614,31,'REVGRU5TT1JfMzFfMTU0NDA3NzYyNTg3OQ==','39.105.44.165','2018-12-06 14:27:05','2018-12-06 14:27:12',0),
(615,33,'REVGRU5TT1JfMzNfMTU0NDA3NzYzNDExMw==','39.105.44.165','2018-12-06 14:27:14','2018-12-06 14:27:40',0),
(616,25,'REVGRU5TT1JfMjVfMTU0NDA3NzY2MDc1NA==','39.105.44.165','2018-12-06 14:27:40','2018-12-06 14:28:23',0),
(617,33,'REVGRU5TT1JfMzNfMTU0NDA3NzcwNTc3Mw==','39.105.44.165','2018-12-06 14:28:25','2018-12-06 14:28:50',0),
(618,25,'REVGRU5TT1JfMjVfMTU0NDA3NzczMTY1Mw==','39.105.44.165','2018-12-06 14:28:51','2018-12-06 14:29:04',0),
(619,1,'REVGRU5TT1JfMV8xNTQ0MDc3NzM4NTA1','39.105.44.165','2018-12-06 14:28:58','2018-12-06 14:30:57',0),
(620,33,'REVGRU5TT1JfMzNfMTU0NDA3Nzc0NjUxNg==','39.105.44.165','2018-12-06 14:29:06','2018-12-06 14:33:17',0),
(621,25,'REVGRU5TT1JfMjVfMTU0NDA3Nzg2MjM3Nw==','39.105.44.165','2018-12-06 14:31:02','2018-12-06 14:31:24',0),
(622,33,'REVGRU5TT1JfMzNfMTU0NDA3Nzg4OTQyNw==','39.105.44.165','2018-12-06 14:31:29','2018-12-06 14:40:49',0),
(623,25,'REVGRU5TT1JfMjVfMTU0NDA3Nzk5ODY4NA==','39.105.44.165','2018-12-06 14:33:18','2018-12-06 14:33:53',0),
(624,33,'REVGRU5TT1JfMzNfMTU0NDA3ODAzNTc3OA==','39.105.44.165','2018-12-06 14:33:55','2018-12-06 14:39:10',0),
(625,25,'REVGRU5TT1JfMjVfMTU0NDA3ODM1MTE3Mw==','39.105.44.165','2018-12-06 14:39:11','2018-12-06 14:40:12',0),
(626,31,'REVGRU5TT1JfMzFfMTU0NDA3ODQxNTEzMQ==','39.105.44.165','2018-12-06 14:40:15','2018-12-06 14:44:01',0),
(627,33,'REVGRU5TT1JfMzNfMTU0NDA3ODQ2MDc5OQ==','39.105.44.165','2018-12-06 14:41:00','2018-12-06 15:12:06',0),
(628,33,'REVGRU5TT1JfMzNfMTU0NDA3ODY0NDE1OQ==','39.105.44.165','2018-12-06 14:44:04','2018-12-06 14:44:21',0),
(629,31,'REVGRU5TT1JfMzFfMTU0NDA3ODY2NzQ2Nw==','39.105.44.165','2018-12-06 14:44:27','2018-12-06 14:45:12',0),
(630,33,'REVGRU5TT1JfMzNfMTU0NDA3ODcxNDczOA==','39.105.44.165','2018-12-06 14:45:14','2018-12-06 14:51:13',0),
(631,31,'REVGRU5TT1JfMzFfMTU0NDA3OTA3NjIxNg==','39.105.44.165','2018-12-06 14:51:16','2018-12-06 15:02:42',0),
(632,32,'REVGRU5TT1JfMzJfMTU0NDA3OTU1NjI5Ng==','39.105.44.165','2018-12-06 14:59:16',NULL,0),
(633,33,'REVGRU5TT1JfMzNfMTU0NDA3OTc2NDg2OA==','39.105.44.165','2018-12-06 15:02:44','2018-12-06 15:02:50',0),
(634,31,'REVGRU5TT1JfMzFfMTU0NDA3OTc3MjI2NA==','39.105.44.165','2018-12-06 15:02:52','2018-12-06 15:07:55',0),
(635,25,'REVGRU5TT1JfMjVfMTU0NDA4MDA4MDM1OA==','39.105.44.165','2018-12-06 15:08:00','2018-12-06 15:08:14',0),
(636,33,'REVGRU5TT1JfMzNfMTU0NDA4MDA5NTk1NA==','39.105.44.165','2018-12-06 15:08:15',NULL,0),
(637,1,'REVGRU5TT1JfMV8xNTQ0MDgwMzM0Mjc2','39.105.44.165','2018-12-06 15:12:14','2018-12-06 15:40:14',0),
(638,25,'REVGRU5TT1JfMjVfMTU0NDA4MTUxMzY2MA==','39.105.44.165','2018-12-06 15:31:53','2018-12-06 16:26:59',0),
(639,32,'REVGRU5TT1JfMzJfMTU0NDA4MjAyMjI3OQ==','39.105.44.165','2018-12-06 15:40:22','2018-12-06 16:51:45',0),
(640,32,'REVGRU5TT1JfMzJfMTU0NDA4NDE1MTk4NQ==','127.0.0.1','2018-12-06 16:15:52',NULL,0),
(641,23,'REVGRU5TT1JfMjNfMTU0NDA4NDgzNjkyNg==','39.105.44.165','2018-12-06 16:27:16','2018-12-06 17:21:02',0),
(642,27,'REVGRU5TT1JfMjdfMTU0NDA4NDk3OTg0MA==','39.105.44.165','2018-12-06 16:29:39','2018-12-06 17:20:02',0),
(643,1,'REVGRU5TT1JfMV8xNTQ0MDg2MzE2MDUw','39.105.44.165','2018-12-06 16:51:56','2018-12-06 17:56:54',0),
(644,23,'REVGRU5TT1JfMjNfMTU0NDA4ODAxMzY0MQ==','39.105.44.165','2018-12-06 17:20:13',NULL,0),
(645,27,'REVGRU5TT1JfMjdfMTU0NDA4ODA3OTU3MQ==','39.105.44.165','2018-12-06 17:21:19','2018-12-06 17:21:55',0),
(646,27,'REVGRU5TT1JfMjdfMTU0NDA4ODExNzA5OQ==','39.105.44.165','2018-12-06 17:21:57','2018-12-06 17:58:37',0),
(647,32,'REVGRU5TT1JfMzJfMTU0NDA4ODExODA0NQ==','39.105.44.165','2018-12-06 17:21:58',NULL,0),
(648,31,'REVGRU5TT1JfMzFfMTU0NDA4OTg3MDcwNQ==','39.105.44.165','2018-12-06 17:51:10','2018-12-06 17:54:22',0),
(649,33,'REVGRU5TT1JfMzNfMTU0NDA5MDA2NDY5NQ==','39.105.44.165','2018-12-06 17:54:24',NULL,0),
(650,32,'REVGRU5TT1JfMzJfMTU0NDA5MDIyNDAxOA==','39.105.44.165','2018-12-06 17:57:04','2018-12-06 18:14:23',0),
(651,27,'REVGRU5TT1JfMjdfMTU0NDA5MDMxODgyMA==','39.105.44.165','2018-12-06 17:58:38','2018-12-06 18:12:15',0),
(652,27,'REVGRU5TT1JfMjdfMTU0NDA5MTEzNjE4Mg==','39.105.44.165','2018-12-06 18:12:16',NULL,0),
(653,1,'REVGRU5TT1JfMV8xNTQ0MDkxMjkyMzM0','39.105.44.165','2018-12-06 18:14:52','2018-12-06 18:39:31',0),
(654,32,'REVGRU5TT1JfMzJfMTU0NDA5Mjc4OTE1Mg==','39.105.44.165','2018-12-06 18:39:49',NULL,0),
(655,32,'REVGRU5TT1JfMzJfMTU0NDA5NDkzMTUzNw==','39.105.44.165','2018-12-06 19:15:31',NULL,0),
(656,23,'REVGRU5TT1JfMjNfMTU0NDE0NTE0NTcwMA==','39.105.44.165','2018-12-07 09:12:25','2018-12-07 09:14:16',0),
(657,27,'REVGRU5TT1JfMjdfMTU0NDE0NTI2NDk5OA==','39.105.44.165','2018-12-07 09:14:25',NULL,0),
(658,32,'REVGRU5TT1JfMzJfMTU0NDE0NzMzMzMzMA==','39.105.44.165','2018-12-07 09:48:53','2018-12-07 11:20:25',0),
(659,1,'REVGRU5TT1JfMV8xNTQ0MTUyODMyNzIz','39.105.44.165','2018-12-07 11:20:32','2018-12-07 11:30:24',0),
(660,29,'REVGRU5TT1JfMjlfMTU0NDE1MzQzMDAzMw==','39.105.44.165','2018-12-07 11:30:30','2018-12-07 12:51:49',0),
(661,32,'REVGRU5TT1JfMzJfMTU0NDE1ODMxODk1MQ==','39.105.44.165','2018-12-07 12:51:58','2018-12-07 12:52:23',0),
(662,32,'REVGRU5TT1JfMzJfMTU0NDE1ODQ3NzA5NQ==','39.105.44.165','2018-12-07 12:54:37',NULL,0),
(663,27,'REVGRU5TT1JfMjdfMTU0NDE2OTA3OTc1MQ==','39.105.44.165','2018-12-07 15:51:19','2018-12-07 17:54:31',0),
(664,1,'REVGRU5TT1JfMV8xNTQ0MTcxNDY0MDcz','39.105.44.165','2018-12-07 16:31:04','2018-12-07 18:44:19',0),
(665,23,'REVGRU5TT1JfMjNfMTU0NDE3NjQ3NzAzNA==','39.105.44.165','2018-12-07 17:54:37',NULL,0),
(666,1,'REVGRU5TT1JfMV8xNTQ0MTc5NDY2NjU1','39.105.44.165','2018-12-07 18:44:26','2018-12-07 18:45:48',0),
(667,1,'REVGRU5TT1JfMV8xNTQ0NDE0MTc1NDYz','39.105.44.165','2018-12-10 11:56:15',NULL,0),
(668,1,'REVGRU5TT1JfMV8xNTQ0NDIyMjAzODAx','39.105.44.165','2018-12-10 14:10:03','2018-12-10 14:10:17',0),
(669,32,'REVGRU5TT1JfMzJfMTU0NDQyMjIyMzQwNw==','39.105.44.165','2018-12-10 14:10:23',NULL,0),
(670,1,'REVGRU5TT1JfMV8xNTQ0NDMwMTUxMzAw','39.105.44.165','2018-12-10 16:22:31','2018-12-10 16:22:55',0),
(671,32,'REVGRU5TT1JfMzJfMTU0NDQzMDE4MTUwNQ==','39.105.44.165','2018-12-10 16:23:01',NULL,0),
(672,1,'REVGRU5TT1JfMV8xNTQ0NDk0NjUyNDI0','39.105.44.165','2018-12-11 10:17:32','2018-12-11 10:18:06',0),
(673,32,'REVGRU5TT1JfMzJfMTU0NDQ5NDY5NzM3Mw==','39.105.44.165','2018-12-11 10:18:17',NULL,0),
(674,23,'REVGRU5TT1JfMjNfMTU0NDUyMDU0NjMxMw==','39.105.44.165','2018-12-11 17:29:06','2018-12-11 17:32:11',0),
(675,28,'REVGRU5TT1JfMjhfMTU0NDUyMDczOTE3OA==','39.105.44.165','2018-12-11 17:32:19','2018-12-11 17:51:23',0),
(676,23,'REVGRU5TT1JfMjNfMTU0NDUyMTg5NDk2Nw==','39.105.44.165','2018-12-11 17:51:34','2018-12-11 18:04:03',0),
(677,22,'REVGRU5TT1JfMjJfMTU0NDUyMjAwNzIyNg==','39.105.44.165','2018-12-11 17:53:27',NULL,0),
(678,34,'REVGRU5TT1JfMzRfMTU0NDUyMjY1MDc0NQ==','39.105.44.165','2018-12-11 18:04:10','2018-12-11 18:04:56',0),
(679,23,'REVGRU5TT1JfMjNfMTU0NDUyMjcxNTQ2OQ==','39.105.44.165','2018-12-11 18:05:15','2018-12-11 18:07:48',0),
(680,34,'REVGRU5TT1JfMzRfMTU0NDUyMjg3Nzg1MQ==','39.105.44.165','2018-12-11 18:07:57','2018-12-11 18:20:03',0),
(681,34,'REVGRU5TT1JfMzRfMTU0NDUyMzYwNzkxNA==','39.105.44.165','2018-12-11 18:20:07','2018-12-11 18:20:10',0),
(682,25,'REVGRU5TT1JfMjVfMTU0NDUyMzYyNDE4Ng==','39.105.44.165','2018-12-11 18:20:24','2018-12-11 18:21:44',0),
(683,25,'REVGRU5TT1JfMjVfMTU0NDUyMzcwNjY1Nw==','39.105.44.165','2018-12-11 18:21:46','2018-12-11 18:21:51',0),
(684,31,'REVGRU5TT1JfMzFfMTU0NDUyMzcxMzY5OQ==','39.105.44.165','2018-12-11 18:21:53','2018-12-11 18:22:01',0),
(685,33,'REVGRU5TT1JfMzNfMTU0NDUyMzcyMzU0MA==','39.105.44.165','2018-12-11 18:22:03','2018-12-11 18:22:08',0),
(686,25,'REVGRU5TT1JfMjVfMTU0NDUyMzcyOTQ4Mw==','39.105.44.165','2018-12-11 18:22:09','2018-12-11 18:22:48',0),
(687,31,'REVGRU5TT1JfMzFfMTU0NDUyMzc3MDM2NQ==','39.105.44.165','2018-12-11 18:22:50','2018-12-11 18:23:16',0),
(688,25,'REVGRU5TT1JfMjVfMTU0NDUyMzc5NzU5Mw==','39.105.44.165','2018-12-11 18:23:17','2018-12-11 18:32:43',0),
(689,33,'REVGRU5TT1JfMzNfMTU0NDUyNDM2NjE2MQ==','39.105.44.165','2018-12-11 18:32:46',NULL,0),
(690,35,'REVGRU5TT1JfMzVfMTU0NDUyNDcwNzQ1OA==','39.105.44.165','2018-12-11 18:38:27',NULL,0),
(691,22,'REVGRU5TT1JfMjJfMTU0NDU4NTg1NTgzNA==','39.105.44.165','2018-12-12 11:37:35',NULL,0),
(692,22,'REVGRU5TT1JfMjJfMTU0NDU4NTg4Njc3Ng==','39.105.44.165','2018-12-12 11:38:06',NULL,0),
(693,1,'REVGRU5TT1JfMV8xNTQ0NjAzMDQ4Nzg2','39.105.44.165','2018-12-12 16:24:08',NULL,0),
(694,25,'REVGRU5TT1JfMjVfMTU0NDY3MTkyOTMwOA==','39.105.44.165','2018-12-13 11:32:09','2018-12-13 11:43:27',0),
(695,33,'REVGRU5TT1JfMzNfMTU0NDY3MjYxMDUwOQ==','39.105.44.165','2018-12-13 11:43:30',NULL,0),
(696,1,'REVGRU5TT1JfMV8xNTQ0NjcyNjcyOTc4','39.105.44.165','2018-12-13 11:44:32',NULL,0),
(697,23,'REVGRU5TT1JfMjNfMTU0NDY3MzgwMzQyNg==','39.105.44.165','2018-12-13 12:03:23','2018-12-13 12:06:35',0),
(698,28,'REVGRU5TT1JfMjhfMTU0NDY3NDAwMDQ5Ng==','39.105.44.165','2018-12-13 12:06:40',NULL,0),
(699,23,'REVGRU5TT1JfMjNfMTU0NDY3NDA1MDgzMA==','39.105.44.165','2018-12-13 12:07:30',NULL,0),
(700,1,'REVGRU5TT1JfMV8xNTQ0Njc3MTEwMDA2','39.105.44.165','2018-12-13 12:58:30',NULL,0),
(701,25,'REVGRU5TT1JfMjVfMTU0NDY5MTI1NDI3OQ==','39.105.44.165','2018-12-13 16:54:14','2018-12-13 16:54:18',0),
(702,33,'REVGRU5TT1JfMzNfMTU0NDY5MTI2MTIxOA==','39.105.44.165','2018-12-13 16:54:21',NULL,0),
(703,28,'REVGRU5TT1JfMjhfMTU0NDY5MTU2Njg5Mw==','39.105.44.165','2018-12-13 16:59:26','2018-12-13 18:21:54',0),
(704,23,'REVGRU5TT1JfMjNfMTU0NDY5MjQ4Mjg2OA==','39.105.44.165','2018-12-13 17:14:42',NULL,0),
(705,1,'REVGRU5TT1JfMV8xNTQ0NjkzNDQ2ODA1','39.105.44.165','2018-12-13 17:30:46','2018-12-13 17:45:56',0),
(706,28,'REVGRU5TT1JfMjhfMTU0NDY5NDM2ODMzMg==','39.105.44.165','2018-12-13 17:46:08',NULL,0),
(707,28,'REVGRU5TT1JfMjhfMTU0NDY5NjUxNTM3OQ==','39.105.44.165','2018-12-13 18:21:55',NULL,0),
(708,1,'REVGRU5TT1JfMV8xNTQ0Njk3MDk1MTU5','39.105.44.165','2018-12-13 18:31:35',NULL,0),
(709,1,'REVGRU5TT1JfMV8xNTQ0NzUyNDgzNDUz','39.105.44.165','2018-12-14 09:54:43',NULL,0),
(710,25,'REVGRU5TT1JfMjVfMTU0NDc1NjU2NjA0Mg==','39.105.44.165','2018-12-14 11:02:46','2018-12-14 11:06:12',0),
(711,33,'REVGRU5TT1JfMzNfMTU0NDc1Njc3NjMwNg==','39.105.44.165','2018-12-14 11:06:16','2018-12-14 11:07:01',0),
(712,25,'REVGRU5TT1JfMjVfMTU0NDc1NjgyMzg2NQ==','39.105.44.165','2018-12-14 11:07:03',NULL,0),
(713,1,'REVGRU5TT1JfMV8xNTQ0NzY4MzAyMDgw','39.105.44.165','2018-12-14 14:18:22',NULL,0),
(714,28,'REVGRU5TT1JfMjhfMTU0NDc4MDQzMTk1Mw==','39.105.44.165','2018-12-14 17:40:31','2018-12-14 19:51:37',0),
(715,23,'REVGRU5TT1JfMjNfMTU0NDc4MDUwMjI0NQ==','39.105.44.165','2018-12-14 17:41:42',NULL,0),
(716,1,'REVGRU5TT1JfMV8xNTQ0NzgwNzQ2NTcz','39.105.44.165','2018-12-14 17:45:46',NULL,0),
(717,43,'REVGRU5TT1JfNDNfMTU0NDc4ODMwNjI0OA==','39.105.44.165','2018-12-14 19:51:46','2018-12-14 19:56:18',0),
(718,42,'REVGRU5TT1JfNDJfMTU0NDc4ODU4MjM3Ng==','39.105.44.165','2018-12-14 19:56:22','2018-12-14 19:58:35',0),
(719,41,'REVGRU5TT1JfNDFfMTU0NDc4ODcxODc5OQ==','39.105.44.165','2018-12-14 19:58:38','2018-12-14 19:59:14',0),
(720,40,'REVGRU5TT1JfNDBfMTU0NDc4ODc1NzYzOA==','39.105.44.165','2018-12-14 19:59:17','2018-12-14 20:00:14',0),
(721,39,'REVGRU5TT1JfMzlfMTU0NDc4ODgxODQ0NQ==','39.105.44.165','2018-12-14 20:00:18','2018-12-14 20:00:36',0),
(722,39,'REVGRU5TT1JfMzlfMTU0NDg2NDE2MDU4MQ==','39.105.44.165','2018-12-15 16:56:00','2018-12-15 16:58:21',0),
(723,23,'REVGRU5TT1JfMjNfMTU0NDg2NDI2MDkwOQ==','39.105.44.165','2018-12-15 16:57:40',NULL,0),
(724,38,'REVGRU5TT1JfMzhfMTU0NDg2NDMwOTQ5OQ==','39.105.44.165','2018-12-15 16:58:29','2018-12-15 17:57:31',0),
(725,37,'REVGRU5TT1JfMzdfMTU0NDg2Nzg1NDY2Ng==','39.105.44.165','2018-12-15 17:57:34','2018-12-15 18:31:12',0),
(726,36,'REVGRU5TT1JfMzZfMTU0NDg2OTg3NjEyMg==','39.105.44.165','2018-12-15 18:31:16','2018-12-15 18:33:55',0),
(727,36,'REVGRU5TT1JfMzZfMTU0NDg3MDA0NDAyNg==','39.105.44.165','2018-12-15 18:34:04','2018-12-15 18:34:20',0),
(728,27,'REVGRU5TT1JfMjdfMTU0NDg3MDA3NDA2Mg==','39.105.44.165','2018-12-15 18:34:34',NULL,0),
(729,1,'REVGRU5TT1JfMV8xNTQ1MDIwNzU5MzIw','39.105.44.165','2018-12-17 12:25:59','2018-12-17 12:26:06',0),
(730,32,'REVGRU5TT1JfMzJfMTU0NTAyMDc3NzM0NQ==','39.105.44.165','2018-12-17 12:26:17','2018-12-17 12:33:40',0),
(731,1,'REVGRU5TT1JfMV8xNTQ1MDIxMjI0NzY5','39.105.44.165','2018-12-17 12:33:44','2018-12-17 15:33:59',0),
(732,1,'REVGRU5TT1JfMV8xNTQ1MDI0NzM2NDgz','39.105.44.165','2018-12-17 13:32:16','2018-12-17 14:13:27',0),
(733,1,'REVGRU5TT1JfMV8xNTQ1MDI5NTY3MTI3','39.105.44.165','2018-12-17 14:52:47',NULL,0),
(734,32,'REVGRU5TT1JfMzJfMTU0NTAzMjA0MjkxMA==','39.105.44.165','2018-12-17 15:34:02',NULL,0),
(735,1,'REVGRU5TT1JfMV8xNTQ1MDM4MDgxMTE0','39.105.44.165','2018-12-17 17:14:41',NULL,0),
(736,1,'REVGRU5TT1JfMV8xNTQ1MDM4MzI1NTgw','39.105.44.165','2018-12-17 17:18:45',NULL,0),
(737,1,'REVGRU5TT1JfMV8xNTQ1MDQzMDgxMTY1','39.105.44.165','2018-12-17 18:38:01',NULL,0),
(738,1,'REVGRU5TT1JfMV8xNTQ1MDQzODg3MDk3','39.105.44.165','2018-12-17 18:51:27',NULL,0),
(739,1,'REVGRU5TT1JfMV8xNTQ1MDQ0MDU3MjU3','39.105.44.165','2018-12-17 18:54:17',NULL,0),
(740,1,'REVGRU5TT1JfMV8xNTQ1MDk5NDM2MDYx','39.105.44.165','2018-12-18 10:17:16',NULL,0),
(741,1,'REVGRU5TT1JfMV8xNTQ1MTg5NDE0OTQ4','39.105.44.165','2018-12-19 11:16:54',NULL,0),
(742,1,'REVGRU5TT1JfMV8xNTQ1MTg5NjE1MDgy','39.105.44.165','2018-12-19 11:20:15',NULL,0),
(743,22,'REVGRU5TT1JfMjJfMTU0NTIwOTY4ODk1Nw==','39.105.44.165','2018-12-19 16:54:48',NULL,0),
(744,25,'REVGRU5TT1JfMjVfMTU0NTIxMDkxNTAyNg==','39.105.44.165','2018-12-19 17:15:15','2018-12-19 18:04:58',0),
(745,31,'REVGRU5TT1JfMzFfMTU0NTIxMzkwMTg2Mw==','39.105.44.165','2018-12-19 18:05:01','2018-12-19 18:06:15',0),
(746,44,'REVGRU5TT1JfNDRfMTU0NTIxMzk3ODQ5Mw==','39.105.44.165','2018-12-19 18:06:18','2018-12-19 18:07:21',0),
(747,31,'REVGRU5TT1JfMzFfMTU0NTIxNDA0OTc5Mw==','39.105.44.165','2018-12-19 18:07:29','2018-12-19 18:07:55',0),
(748,44,'REVGRU5TT1JfNDRfMTU0NTIxNDA5MTk3Nw==','39.105.44.165','2018-12-19 18:08:11','2018-12-19 18:08:21',0),
(749,33,'REVGRU5TT1JfMzNfMTU0NTIxNDExMTc5NA==','39.105.44.165','2018-12-19 18:08:31','2018-12-19 18:08:46',0),
(750,31,'REVGRU5TT1JfMzFfMTU0NTIxNDEzMTE0OQ==','39.105.44.165','2018-12-19 18:08:51','2018-12-19 18:09:28',0),
(751,33,'REVGRU5TT1JfMzNfMTU0NTIxNDE3NDIyNw==','39.105.44.165','2018-12-19 18:09:34','2018-12-19 18:10:17',0),
(752,31,'REVGRU5TT1JfMzFfMTU0NTIxNDIyMTc4NQ==','39.105.44.165','2018-12-19 18:10:21','2018-12-19 18:11:05',0),
(753,33,'REVGRU5TT1JfMzNfMTU0NTIxNDI2ODk4NA==','39.105.44.165','2018-12-19 18:11:09','2018-12-19 18:11:14',0),
(754,31,'REVGRU5TT1JfMzFfMTU0NTIxNDI3NzkxMA==','39.105.44.165','2018-12-19 18:11:17','2018-12-19 18:12:20',0),
(755,1,'REVGRU5TT1JfMV8xNTQ1MjE0Mjk4MjE0','39.105.44.165','2018-12-19 18:11:38',NULL,0),
(756,33,'REVGRU5TT1JfMzNfMTU0NTIxNDM0NTg2MQ==','39.105.44.165','2018-12-19 18:12:25','2018-12-19 18:22:20',0),
(757,25,'REVGRU5TT1JfMjVfMTU0NTIxNDk0NzcyNQ==','39.105.44.165','2018-12-19 18:22:27',NULL,0),
(758,45,'REVGRU5TT1JfNDVfMTU0NTI2ODM5OTk3Ng==','39.105.44.165','2018-12-20 09:13:19',NULL,0),
(759,46,'REVGRU5TT1JfNDZfMTU0NTI2ODQwMjUxNA==','39.105.44.165','2018-12-20 09:13:22',NULL,0),
(760,45,'REVGRU5TT1JfNDVfMTU0NTI2ODQ4NzE4NA==','39.105.44.165','2018-12-20 09:14:47',NULL,0),
(761,25,'REVGRU5TT1JfMjVfMTU0NTI2OTEwOTA0NQ==','39.105.44.165','2018-12-20 09:25:09','2018-12-20 09:53:13',0),
(762,31,'REVGRU5TT1JfMzFfMTU0NTI3MDc5ODQ2NQ==','39.105.44.165','2018-12-20 09:53:18','2018-12-20 09:56:53',0),
(763,25,'REVGRU5TT1JfMjVfMTU0NTI3MTAxNTAzMg==','39.105.44.165','2018-12-20 09:56:55','2018-12-20 09:57:23',0),
(764,31,'REVGRU5TT1JfMzFfMTU0NTI3MTA0NjE5NA==','39.105.44.165','2018-12-20 09:57:26','2018-12-20 10:48:35',0),
(765,22,'REVGRU5TT1JfMjJfMTU0NTI3NDAyMTkyOQ==','39.105.44.165','2018-12-20 10:47:01',NULL,0),
(766,25,'REVGRU5TT1JfMjVfMTU0NTI3NDExNTgzNA==','39.105.44.165','2018-12-20 10:48:35',NULL,0),
(767,46,'REVGRU5TT1JfNDZfMTU0NTI4Mzc0MzQ0OQ==','39.105.44.165','2018-12-20 13:29:03','2018-12-20 13:39:12',0),
(768,22,'REVGRU5TT1JfMjJfMTU0NTI4NTMzMTE3Mw==','39.105.44.165','2018-12-20 13:55:31',NULL,0),
(769,22,'REVGRU5TT1JfMjJfMTU0NTI4NTM5MjcwNw==','39.105.44.165','2018-12-20 13:56:32',NULL,0),
(770,46,'REVGRU5TT1JfNDZfMTU0NTI4NTQ4Nzk3OA==','39.105.44.165','2018-12-20 13:58:08','2018-12-20 14:52:57',0),
(771,45,'REVGRU5TT1JfNDVfMTU0NTI4NTc1MzY3OQ==','39.105.44.165','2018-12-20 14:02:33',NULL,0),
(772,1,'REVGRU5TT1JfMV8xNTQ1Mjg4Njk3MjAy','39.105.44.165','2018-12-20 14:51:37',NULL,0),
(773,47,'REVGRU5TT1JfNDdfMTU0NTI4ODgxNTcwNA==','39.105.44.165','2018-12-20 14:53:35','2018-12-20 15:22:57',0),
(774,25,'REVGRU5TT1JfMjVfMTU0NTI4OTg1NjczMQ==','39.105.44.165','2018-12-20 15:10:56','2018-12-20 15:11:19',0),
(775,31,'REVGRU5TT1JfMzFfMTU0NTI4OTg4MTMwMg==','39.105.44.165','2018-12-20 15:11:21',NULL,0),
(776,47,'REVGRU5TT1JfNDdfMTU0NTI5MDYwNjA0MQ==','39.105.44.165','2018-12-20 15:23:26',NULL,0),
(777,1,'REVGRU5TT1JfMV8xNTQ1MjkwNjQwNTgx','39.105.44.165','2018-12-20 15:24:00',NULL,0),
(778,47,'REVGRU5TT1JfNDdfMTU0NTI5MzA2MDg5NQ==','39.105.44.165','2018-12-20 16:04:20',NULL,0),
(779,1,'REVGRU5TT1JfMV8xNTQ1MjkzMTU4MzU2','39.105.44.165','2018-12-20 16:05:58','2018-12-20 16:06:04',0),
(780,1,'REVGRU5TT1JfMV8xNTQ1Mjk2ODgzNTk4','39.105.44.165','2018-12-20 17:08:03','2018-12-20 17:08:26',0),
(781,32,'REVGRU5TT1JfMzJfMTU0NTI5NjkxMzU0Mg==','39.105.44.165','2018-12-20 17:08:33',NULL,0),
(782,46,'REVGRU5TT1JfNDZfMTU0NTI5NzgyMzA0Ng==','39.105.44.165','2018-12-20 17:23:43',NULL,0),
(783,46,'REVGRU5TT1JfNDZfMTU0NTM1Mzg3MTY0NQ==','39.105.44.165','2018-12-21 08:57:51','2018-12-21 08:58:25',0),
(784,47,'REVGRU5TT1JfNDdfMTU0NTM1MzkxNzA1OA==','39.105.44.165','2018-12-21 08:58:37',NULL,0),
(785,1,'REVGRU5TT1JfMV8xNTQ1MzU3NDYxNzQx','39.105.44.165','2018-12-21 09:57:41','2018-12-21 11:03:47',0),
(786,32,'REVGRU5TT1JfMzJfMTU0NTM1ODU5NDg4NQ==','39.105.44.165','2018-12-21 10:16:34',NULL,0),
(787,32,'REVGRU5TT1JfMzJfMTU0NTM1OTQwNDI0MA==','39.105.44.165','2018-12-21 10:30:04',NULL,0),
(788,32,'REVGRU5TT1JfMzJfMTU0NTM1OTY1ODc0Ng==','39.105.44.165','2018-12-21 10:34:18','2018-12-21 15:32:34',0),
(789,32,'REVGRU5TT1JfMzJfMTU0NTM2MTQzMDM5OQ==','39.105.44.165','2018-12-21 11:03:50',NULL,0),
(790,46,'REVGRU5TT1JfNDZfMTU0NTM2ODYxMTk2OQ==','39.105.44.165','2018-12-21 13:03:32','2018-12-21 14:07:56',0),
(791,25,'REVGRU5TT1JfMjVfMTU0NTM3MDc5MjkzMA==','39.105.44.165','2018-12-21 13:39:52',NULL,0),
(792,32,'REVGRU5TT1JfMzJfMTU0NTM3MjE3ODIyMg==','39.105.44.165','2018-12-21 14:02:58','2018-12-21 14:03:55',0),
(793,32,'REVGRU5TT1JfMzJfMTU0NTM3MjI0NTUyMg==','39.105.44.165','2018-12-21 14:04:05','2018-12-21 14:18:52',0),
(794,32,'REVGRU5TT1JfMzJfMTU0NTM3MjI3NDY1Mg==','39.105.44.165','2018-12-21 14:04:34',NULL,0),
(795,47,'REVGRU5TT1JfNDdfMTU0NTM3MjQ4NDkyMQ==','39.105.44.165','2018-12-21 14:08:04',NULL,0),
(796,32,'REVGRU5TT1JfMzJfMTU0NTM3Mjk0MDM1NA==','39.105.44.165','2018-12-21 14:15:40',NULL,0),
(797,32,'REVGRU5TT1JfMzJfMTU0NTM3MzE0MDYxOA==','39.105.44.165','2018-12-21 14:19:00','2018-12-21 14:38:13',0),
(798,1,'REVGRU5TT1JfMV8xNTQ1MzczMTgwNzUw','39.105.44.165','2018-12-21 14:19:40','2018-12-21 14:20:03',0),
(799,32,'REVGRU5TT1JfMzJfMTU0NTM3MzIwODgzNw==','39.105.44.165','2018-12-21 14:20:08',NULL,0),
(800,1,'REVGRU5TT1JfMV8xNTQ1Mzc0MzAxMzcx','39.105.44.165','2018-12-21 14:38:21',NULL,0),
(801,22,'REVGRU5TT1JfMjJfMTU0NTM3NDM3NDQ2Ng==','39.105.44.165','2018-12-21 14:39:34',NULL,0),
(802,32,'REVGRU5TT1JfMzJfMTU0NTM3NTUwNDk5Nw==','39.105.44.165','2018-12-21 14:58:25',NULL,0),
(803,47,'REVGRU5TT1JfNDdfMTU0NTM3Njg1Nzk1Ng==','39.105.44.165','2018-12-21 15:20:57',NULL,0),
(804,32,'REVGRU5TT1JfMzJfMTU0NTM3NzU1NTcxNA==','39.105.44.165','2018-12-21 15:32:35',NULL,0),
(805,1,'REVGRU5TT1JfMV8xNTQ1Mzc5NDc4NTgw','10.165.107.250','2018-12-21 16:04:38',NULL,0),
(806,27,'REVGRU5TT1JfMjdfMTU0NTM4MjI4NTQ4Ng==','39.105.44.165','2018-12-21 16:51:25',NULL,0),
(807,1,'REVGRU5TT1JfMV8xNTQ1MzgyODcwNzMz','39.105.44.165','2018-12-21 17:01:10',NULL,0),
(808,1,'REVGRU5TT1JfMV8xNTQ1Mzg1NDA1NDQ2','39.105.44.165','2018-12-21 17:43:25','2018-12-21 17:43:37',0),
(809,32,'REVGRU5TT1JfMzJfMTU0NTM4NTQyNTE1Ng==','39.105.44.165','2018-12-21 17:43:45',NULL,0),
(810,1,'REVGRU5TT1JfMV8xNTQ1Mzg2NDA3NDU5','39.105.44.165','2018-12-21 18:00:07','2018-12-21 18:00:25',0),
(811,32,'REVGRU5TT1JfMzJfMTU0NTM4NjQzMjYxNw==','39.105.44.165','2018-12-21 18:00:32',NULL,0),
(812,1,'REVGRU5TT1JfMV8xNTQ1NjE2ODMyMDQ1','39.105.44.165','2018-12-24 10:00:32','2018-12-24 10:00:39',0),
(813,32,'REVGRU5TT1JfMzJfMTU0NTYxNjg1MDM3NA==','39.105.44.165','2018-12-24 10:00:50','2018-12-24 10:47:44',0),
(814,32,'REVGRU5TT1JfMzJfMTU0NTYxNzk0MzcxNA==','39.105.44.165','2018-12-24 10:19:03',NULL,0),
(815,1,'REVGRU5TT1JfMV8xNTQ1NjE5NTY5ODE1','39.105.44.165','2018-12-24 10:46:09','2018-12-24 11:09:38',0),
(816,1,'REVGRU5TT1JfMV8xNTQ1NjE5NjcwMzky','39.105.44.165','2018-12-24 10:47:50',NULL,0),
(817,25,'REVGRU5TT1JfMjVfMTU0NTYyMDk4NTAxMw==','39.105.44.165','2018-12-24 11:09:45',NULL,0),
(818,46,'REVGRU5TT1JfNDZfMTU0NTYyMTY1NTI4MA==','39.105.44.165','2018-12-24 11:20:55',NULL,0),
(819,45,'REVGRU5TT1JfNDVfMTU0NTYyMTk0MDI2OQ==','39.105.44.165','2018-12-24 11:25:40',NULL,0),
(820,1,'REVGRU5TT1JfMV8xNTQ1NjI4MjYyNjEz','39.105.44.165','2018-12-24 13:11:02',NULL,0),
(821,46,'REVGRU5TT1JfNDZfMTU0NTYzMDUyMDA2NA==','39.105.44.165','2018-12-24 13:48:40',NULL,0),
(822,1,'REVGRU5TT1JfMV8xNTQ1NjM0MTU4OTI4','39.105.44.165','2018-12-24 14:49:18',NULL,0),
(823,1,'REVGRU5TT1JfMV8xNTQ1NjM2NjMwOTE3','39.105.44.165','2018-12-24 15:30:30',NULL,0),
(824,25,'REVGRU5TT1JfMjVfMTU0NTYzNzQ0MDIxNw==','39.105.44.165','2018-12-24 15:44:00','2018-12-24 15:44:09',0),
(825,31,'REVGRU5TT1JfMzFfMTU0NTYzNzQ1MjUzNg==','39.105.44.165','2018-12-24 15:44:12','2018-12-24 15:44:18',0),
(826,25,'REVGRU5TT1JfMjVfMTU0NTYzNzQ2MTY4Ng==','39.105.44.165','2018-12-24 15:44:21',NULL,0),
(827,1,'REVGRU5TT1JfMV8xNTQ1NjM4ODg0MTI1','39.105.44.165','2018-12-24 16:08:04',NULL,0),
(828,1,'REVGRU5TT1JfMV8xNTQ1NjQ1MTk2OTk4','39.105.44.165','2018-12-24 17:53:17',NULL,0),
(829,1,'REVGRU5TT1JfMV8xNTQ1NjQ2MTgyOTU3','10.165.104.194','2018-12-24 18:09:43',NULL,0),
(830,46,'REVGRU5TT1JfNDZfMTU0NTY5OTE5NTUxNg==','39.105.44.165','2018-12-25 08:53:15',NULL,0),
(831,23,'REVGRU5TT1JfMjNfMTU0NTcwMDk3NTc2Mw==','39.105.44.165','2018-12-25 09:22:55','2018-12-25 09:30:33',0),
(832,26,'REVGRU5TT1JfMjZfMTU0NTcwMTQ0NDc3OA==','39.105.44.165','2018-12-25 09:30:44','2018-12-25 09:31:54',0),
(833,23,'REVGRU5TT1JfMjNfMTU0NTcwMTUzNjM1MQ==','39.105.44.165','2018-12-25 09:32:16','2018-12-25 12:17:47',0),
(834,46,'REVGRU5TT1JfNDZfMTU0NTcwMTYxODU5Mg==','39.105.44.165','2018-12-25 09:33:38','2018-12-25 09:36:15',0),
(835,47,'REVGRU5TT1JfNDdfMTU0NTcwMTc4NDM0OA==','39.105.44.165','2018-12-25 09:36:24','2018-12-25 09:40:21',0),
(836,47,'REVGRU5TT1JfNDdfMTU0NTcwMjAzOTMzMQ==','39.105.44.165','2018-12-25 09:40:39','2018-12-25 10:33:58',0),
(837,1,'REVGRU5TT1JfMV8xNTQ1NzAyNzU3NDA3','39.105.44.165','2018-12-25 09:52:37',NULL,0),
(838,25,'REVGRU5TT1JfMjVfMTU0NTcwNDQ2MDQxMw==','39.105.44.165','2018-12-25 10:21:00','2018-12-25 10:21:07',0),
(839,33,'REVGRU5TT1JfMzNfMTU0NTcwNDQ3MDg0MQ==','39.105.44.165','2018-12-25 10:21:10','2018-12-25 10:21:14',0),
(840,31,'REVGRU5TT1JfMzFfMTU0NTcwNDQ3NzAyNg==','39.105.44.165','2018-12-25 10:21:17','2018-12-25 11:50:26',0),
(841,46,'REVGRU5TT1JfNDZfMTU0NTcwNTM2NDc5Mg==','39.105.44.165','2018-12-25 10:36:04',NULL,0),
(842,46,'REVGRU5TT1JfNDZfMTU0NTcwOTA5NzcyOQ==','39.105.44.165','2018-12-25 11:38:17','2018-12-25 11:42:40',0),
(843,46,'REVGRU5TT1JfNDZfMTU0NTcwOTM2OTE1NQ==','39.105.44.165','2018-12-25 11:42:49',NULL,0),
(844,25,'REVGRU5TT1JfMjVfMTU0NTcwOTgyODMxNA==','39.105.44.165','2018-12-25 11:50:28','2018-12-25 11:50:31',0),
(845,33,'REVGRU5TT1JfMzNfMTU0NTcwOTgzNTE1Nw==','39.105.44.165','2018-12-25 11:50:35','2018-12-25 11:50:38',0),
(846,31,'REVGRU5TT1JfMzFfMTU0NTcwOTg0MDM1Nw==','39.105.44.165','2018-12-25 11:50:40','2018-12-25 11:53:09',0),
(847,25,'REVGRU5TT1JfMjVfMTU0NTcxMDg3NDQwNg==','39.105.44.165','2018-12-25 12:07:54','2018-12-25 12:07:57',0),
(848,31,'REVGRU5TT1JfMzFfMTU0NTcxMDg3ODk2NA==','39.105.44.165','2018-12-25 12:07:58',NULL,0),
(849,25,'REVGRU5TT1JfMjVfMTU0NTcxMTUwMjEwOA==','39.105.44.165','2018-12-25 12:18:22','2018-12-25 12:18:33',0),
(850,46,'REVGRU5TT1JfNDZfMTU0NTcxMTUyODQyMA==','39.105.44.165','2018-12-25 12:18:48',NULL,0),
(851,1,'REVGRU5TT1JfMV8xNTQ1NzE1MDkyMTY0','39.105.44.165','2018-12-25 13:18:12',NULL,0),
(852,1,'REVGRU5TT1JfMV8xNTQ1NzE1NzczMDM0','39.105.44.165','2018-12-25 13:29:33',NULL,0),
(853,1,'REVGRU5TT1JfMV8xNTQ1NzE1ODU5NTU5','39.105.44.165','2018-12-25 13:30:59',NULL,0),
(854,1,'REVGRU5TT1JfMV8xNTQ1NzMwNzQ1NjQ0','127.0.0.1','2018-12-25 17:39:05',NULL,0),
(855,1,'REVGRU5TT1JfMV8xNTQ1ODIyMjI2Mjcw','127.0.0.1','2018-12-26 19:03:46',NULL,0),
(856,1,'REVGRU5TT1JfMV8xNTQ1ODIyNjUxNzQ0','127.0.0.1','2018-12-26 19:10:51',NULL,0),
(857,1,'REVGRU5TT1JfMV8xNTQ1ODgzNjY4Mjc5','127.0.0.1','2018-12-27 12:07:48',NULL,0),
(858,1,'REVGRU5TT1JfMV8xNTQ1ODg5Njc2NTkx','127.0.0.1','2018-12-27 13:47:56',NULL,0),
(859,1,'REVGRU5TT1JfMV8xNTQ1ODkyNTgzODU0','127.0.0.1','2018-12-27 14:36:23',NULL,0),
(860,1,'REVGRU5TT1JfMV8xNTQ1ODkyNzU0ODcz','127.0.0.1','2018-12-27 14:39:14',NULL,0),
(861,1,'REVGRU5TT1JfMV8xNTQ1OTYxNjEyNDQ4','127.0.0.1','2018-12-28 09:46:52',NULL,0),
(862,1,'REVGRU5TT1JfMV8xNTQ1OTYzNDgzMjY5','127.0.0.1','2018-12-28 10:18:03',NULL,0),
(863,1,'REVGRU5TT1JfMV8xNTQ1OTcwMDg3NTMz','127.0.0.1','2018-12-28 12:08:07','2018-12-28 12:59:26',0),
(864,32,'REVGRU5TT1JfMzJfMTU0NTk3MzE4MjM4MQ==','127.0.0.1','2018-12-28 12:59:42',NULL,0),
(865,1,'REVGRU5TT1JfMV8xNTQ1OTc2Mzc2NjI4','127.0.0.1','2018-12-28 13:52:56','2018-12-28 13:53:16',0),
(866,32,'REVGRU5TT1JfMzJfMTU0NTk3NjQ1MDEyMg==','127.0.0.1','2018-12-28 13:54:10',NULL,0),
(867,32,'REVGRU5TT1JfMzJfMTU0NTk4NTE0MDc5Ng==','127.0.0.1','2018-12-28 16:19:00',NULL,0),
(868,1,'REVGRU5TT1JfMV8xNTQ1OTg1MjYyNzU3','127.0.0.1','2018-12-28 16:21:02','2018-12-28 16:23:20',0),
(869,32,'REVGRU5TT1JfMzJfMTU0NTk4NTQwNzc2Nw==','127.0.0.1','2018-12-28 16:23:27',NULL,0),
(870,1,'REVGRU5TT1JfMV8xNTQ1OTg2Njk2NTQz','127.0.0.1','2018-12-28 16:44:56',NULL,0),
(871,1,'REVGRU5TT1JfMV8xNTQ1OTk2OTI2ODU2','127.0.0.1','2018-12-28 19:35:26',NULL,0),
(872,32,'REVGRU5TT1JfMzJfMTU0NjA1Mjg2Mzc5MA==','127.0.0.1','2018-12-29 11:07:43',NULL,0),
(873,32,'REVGRU5TT1JfMzJfMTU0NjA2MzIwNzc1Nw==','127.0.0.1','2018-12-29 14:00:07',NULL,0),
(874,1,'REVGRU5TT1JfMV8xNTQ2MTM2MDQ5MDcx','127.0.0.1','2018-12-30 10:14:09',NULL,0),
(875,1,'REVGRU5TT1JfMV8xNTQ2MjU3OTU1NTE2','127.0.0.1','2018-12-31 20:05:55',NULL,0),
(876,1,'REVGRU5TT1JfMV8xNTQ2NDAwOTgxNzQ3','127.0.0.1','2019-01-02 11:49:41',NULL,0),
(877,1,'REVGRU5TT1JfMV8xNTQ2NDAyMTQxNzE4','127.0.0.1','2019-01-02 12:09:01','2019-01-02 12:09:07',0),
(878,1,'REVGRU5TT1JfMV8xNTQ2NDAyMTU4NjMz','127.0.0.1','2019-01-02 12:09:18','2019-01-02 12:09:34',0),
(879,32,'REVGRU5TT1JfMzJfMTU0NjQwMjE3OTczMw==','127.0.0.1','2019-01-02 12:09:39',NULL,0),
(880,32,'REVGRU5TT1JfMzJfMTU0NjQ4MjE4MzI0NQ==','127.0.0.1','2019-01-03 10:23:03',NULL,0),
(881,1,'REVGRU5TT1JfMV8xNTQ2NDg1OTQwMTE1','127.0.0.1','2019-01-03 11:25:40','2019-01-03 11:26:48',0),
(882,32,'REVGRU5TT1JfMzJfMTU0NjQ4NjAxMjA0NA==','127.0.0.1','2019-01-03 11:26:52',NULL,0),
(883,32,'REVGRU5TT1JfMzJfMTU0NjUwODE2NDY5Ng==','127.0.0.1','2019-01-03 17:36:04',NULL,0),
(884,1,'REVGRU5TT1JfMV8xNTQ2ODgyODk2NDE5','127.0.0.1','2019-01-08 01:41:36',NULL,0),
(885,1,'REVGRU5TT1JfMV8xNTQ2OTE5NDg0MTUx','127.0.0.1','2019-01-08 11:51:24',NULL,0),
(886,1,'REVGRU5TT1JfMV8xNTQ3MDE1NTM0NDE5','127.0.0.1','2019-01-09 14:32:14',NULL,0),
(887,1,'REVGRU5TT1JfMV8xNTQ3MTczNjgyMDQ3','127.0.0.1','2019-01-11 10:28:02',NULL,0),
(888,1,'REVGRU5TT1JfMV8xNTQ3MTc1OTkyOTk0','127.0.0.1','2019-01-11 11:06:33',NULL,0),
(889,25,'REVGRU5TT1JfMjVfMTU0ODMxNTM5NTg5OQ==','127.0.0.1','2019-01-24 15:36:35',NULL,0),
(890,1,'REVGRU5TT1JfMV8xNTQ4ODQ5ODAwMDk1','127.0.0.1','2019-01-30 20:03:20',NULL,0),
(891,1,'REVGRU5TT1JfMV8xNTQ4ODUxNDY3MTgx','127.0.0.1','2019-01-30 20:31:07',NULL,0),
(892,1,'REVGRU5TT1JfMV8xNTQ4ODUxNzEzMzU2','127.0.0.1','2019-01-30 20:35:13',NULL,0),
(893,1,'REVGRU5TT1JfMV8xNTQ4ODUxOTg5Njg2','127.0.0.1','2019-01-30 20:39:49',NULL,0),
(894,1,'REVGRU5TT1JfMV8xNTQ4OTAwNDg4NTY4','127.0.0.1','2019-01-31 10:08:08',NULL,0),
(895,1,'REVGRU5TT1JfMV8xNTQ4OTAxNDUyMTIy','127.0.0.1','2019-01-31 10:24:12','2019-01-31 10:50:05',0),
(896,1,'REVGRU5TT1JfMV8xNTQ4OTAzMDEwMDA0','127.0.0.1','2019-01-31 10:50:10',NULL,0),
(897,1,'REVGRU5TT1JfMV8xNTUwMTM4ODk0MDcz','127.0.0.1','2019-02-14 18:08:14',NULL,0),
(898,1,'REVGRU5TT1JfMV8xNTUwMjMzNDk1MDIw','127.0.0.1','2019-02-15 20:24:55',NULL,0),
(899,1,'REVGRU5TT1JfMV8xNTUwMjMzNjA5NTU2','127.0.0.1','2019-02-15 20:26:49','2019-02-15 20:32:03',0),
(900,1,'REVGRU5TT1JfMV8xNTUwMjMzOTI0NjUz','127.0.0.1','2019-02-15 20:32:04','2019-02-15 20:34:48',0),
(901,1,'REVGRU5TT1JfMV8xNTUwMjM0MDg5NTAw','127.0.0.1','2019-02-15 20:34:49',NULL,0),
(902,1,'REVGRU5TT1JfMV8xNTUwMjM1NDkyMjIw','127.0.0.1','2019-02-15 20:58:12',NULL,0),
(903,1,'REVGRU5TT1JfMV8xNTUwMjM3ODIwMDY3','127.0.0.1','2019-02-15 21:37:00',NULL,0),
(904,1,'REVGRU5TT1JfMV8xNTUwMjM4OTEyNzk4','127.0.0.1','2019-02-15 21:55:12',NULL,0),
(905,1,'REVGRU5TT1JfMV8xNTUwMjM4OTc5MTI1','127.0.0.1','2019-02-15 21:56:19','2019-02-15 22:19:44',0),
(906,1,'REVGRU5TT1JfMV8xNTUwMjM5MDkxODE0','127.0.0.1','2019-02-15 21:58:11',NULL,0),
(907,1,'REVGRU5TT1JfMV8xNTUwMzg2Mjg0Njc1','127.0.0.1','2019-02-17 14:51:24',NULL,0),
(908,1,'REVGRU5TT1JfMV8xNTUwNjQ3NjY5Njg1','127.0.0.1','2019-02-20 15:27:49',NULL,0),
(909,1,'REVGRU5TT1JfMV8xNTUwNzI5NjUxMDI1','127.0.0.1','2019-02-21 14:14:11',NULL,0),
(910,1,'REVGRU5TT1JfMV8xNTUwODk0NTg4OTU0','127.0.0.1','2019-02-23 12:03:09',NULL,0),
(911,1,'REVGRU5TT1JfMV8xNTUxMzQ3MjI3NTI2','192.168.6.247','2019-02-28 17:47:06','2019-02-28 17:47:46',0),
(912,1,'REVGRU5TT1JfMV8xNTUxMzQ3ODkwMjcz','192.168.6.247','2019-02-28 17:58:09','2019-02-28 18:00:34',0),
(913,1,'REVGRU5TT1JfMV8xNTUxMzQ4MDM1Nzg4','192.168.6.247','2019-02-28 18:00:34',NULL,0),
(914,1,'REVGRU5TT1JfMV8xNTUxMzUzNjI3Nzk3','192.168.6.247','2019-02-28 19:33:46',NULL,0),
(915,1,'REVGRU5TT1JfMV8xNTUxMzU0MDY4MTYw','127.0.0.1','2019-02-28 19:41:08',NULL,0),
(916,1,'REVGRU5TT1JfMV8xNTUxNDA5ODc5NTMw','192.168.6.247','2019-03-01 11:11:18',NULL,0),
(917,1,'REVGRU5TT1JfMV8xNTUxNDEwMDk5NDU5','127.0.0.1','2019-03-01 11:14:59',NULL,0),
(918,1,'REVGRU5TT1JfMV8xNTUxNDE4MDUwNTQ0','127.0.0.1','2019-03-01 13:27:30',NULL,0),
(919,1,'REVGRU5TT1JfMV8xNTUxNDMwMjU2MjA2','127.0.0.1','2019-03-01 16:50:56',NULL,0),
(920,1,'REVGRU5TT1JfMV8xNTUxNTA1MTMzMTkz','192.168.6.247','2019-03-02 13:38:51',NULL,0),
(921,1,'REVGRU5TT1JfMV8xNTUxNjg3MjY2MjY3','127.0.0.1','2019-03-04 16:14:26',NULL,0),
(922,32,'REVGRU5TT1JfMzJfMTU1MTY4NzMzOTEyOQ==','127.0.0.1','2019-03-04 16:15:39',NULL,0),
(923,1,'REVGRU5TT1JfMV8xNTUxNjkyMjQyNDEz','36.112.14.18','2019-03-04 17:37:23',NULL,0),
(924,1,'REVGRU5TT1JfMV8xNTUxNzYxMjg4NTcw','111.206.170.9','2019-03-05 12:48:09',NULL,0),
(925,1,'REVGRU5TT1JfMV8xNTUxNzc5NzM4NjMy','111.206.170.9','2019-03-05 17:55:39',NULL,0),
(926,1,'REVGRU5TT1JfMV8xNTUxODQwMjUzNDIw','36.112.14.18','2019-03-06 10:44:14',NULL,0),
(927,1,'REVGRU5TT1JfMV8xNTUxODUxNjg4OTQ4','127.0.0.1','2019-03-06 13:54:48',NULL,0),
(928,1,'REVGRU5TT1JfMV8xNTUxODUyMTQwNzc5','36.112.14.18','2019-03-06 14:02:22',NULL,0),
(929,1,'REVGRU5TT1JfMV8xNTUxODU0MTM5NzM3','127.0.0.1','2019-03-06 14:35:39',NULL,0),
(930,1,'REVGRU5TT1JfMV8xNTUxODYyMjQ4ODAz','36.112.14.18','2019-03-06 16:50:50',NULL,0),
(931,1,'REVGRU5TT1JfMV8xNTUxOTM0ODY0NzA1','192.168.6.247','2019-03-07 13:01:03',NULL,0),
(932,1,'REVGRU5TT1JfMV8xNTUxOTM1MDI3MDM0','36.112.14.18','2019-03-07 13:03:48',NULL,0),
(933,1,'REVGRU5TT1JfMV8xNTUxOTU3NTc2MzA3','36.112.14.18','2019-03-07 19:19:37',NULL,0),
(934,1,'REVGRU5TT1JfMV8xNTUyMDI0ODgwMjc2','36.112.14.18','2019-03-08 14:01:21',NULL,0),
(935,1,'REVGRU5TT1JfMV8xNTUyMDM0MTU0NjM1','36.112.14.18','2019-03-08 16:35:56',NULL,0),
(936,1,'REVGRU5TT1JfMV8xNTUyMDM1MzIwMjMw','36.112.14.18','2019-03-08 16:55:21',NULL,0),
(937,1,'REVGRU5TT1JfMV8xNTUyMDM1NTQ4MDcz','36.112.14.18','2019-03-08 16:59:09',NULL,0),
(938,1,'REVGRU5TT1JfMV8xNTUyMDM3NjIxMzE1','36.112.14.18','2019-03-08 17:33:42',NULL,0),
(939,1,'REVGRU5TT1JfMV8xNTUyMDUwMzY3Nzk5','36.112.14.18','2019-03-08 21:06:09',NULL,0),
(940,1,'REVGRU5TT1JfMV8xNTUyMDU5NzM1MzIz','111.206.170.9','2019-03-08 23:42:16',NULL,0),
(941,1,'REVGRU5TT1JfMV8xNTUyMTA5MzI0NjEy','36.112.14.18','2019-03-09 13:28:45',NULL,0),
(942,1,'REVGRU5TT1JfMV8xNTUyMTI2NzEzNTM0','36.112.14.18','2019-03-09 18:18:34',NULL,0),
(943,1,'REVGRU5TT1JfMV8xNTUyMTMyNTkyNzkx','36.112.14.18','2019-03-09 19:56:34',NULL,0),
(944,1,'REVGRU5TT1JfMV8xNTUyMjcyMTczMjA1','36.112.14.18','2019-03-11 10:42:54',NULL,0),
(945,25,'REVGRU5TT1JfMjVfMTU1MjI3MjIzNzYyMA==','117.107.130.142','2019-03-11 10:43:58','2019-03-11 10:44:22',0),
(946,1,'REVGRU5TT1JfMV8xNTUyMjcyNjE1MjM3','117.107.130.142','2019-03-11 10:50:16',NULL,0),
(947,1,'REVGRU5TT1JfMV8xNTUyMjcyNzQ2NTI2','117.107.130.142','2019-03-11 10:52:27','2019-03-11 12:55:44',0),
(948,1,'REVGRU5TT1JfMV8xNTUyMjgwMTUxODIz','117.107.130.142','2019-03-11 12:55:53',NULL,0),
(949,1,'REVGRU5TT1JfMV8xNTUyMjgwMjE4MDcz','123.115.238.17','2019-03-11 12:56:59',NULL,0),
(950,1,'REVGRU5TT1JfMV8xNTUyMjgwMjIyNjgy','123.115.238.17','2019-03-11 12:57:03',NULL,0),
(951,1,'REVGRU5TT1JfMV8xNTUyMjgwMjc2NjA0','123.115.238.17','2019-03-11 12:57:57',NULL,0),
(952,1,'REVGRU5TT1JfMV8xNTUyMjgwMzEzODIz','123.115.238.17','2019-03-11 12:58:35',NULL,0),
(953,1,'REVGRU5TT1JfMV8xNTUyMjgwMzU3OTQ4','123.115.238.17','2019-03-11 12:59:19',NULL,0),
(954,1,'REVGRU5TT1JfMV8xNTUyMjgwMzk3NDQw','123.115.238.17','2019-03-11 12:59:58',NULL,0),
(955,1,'REVGRU5TT1JfMV8xNTUyMjgwNDI1OTAx','123.115.238.17','2019-03-11 13:00:27',NULL,0),
(956,1,'REVGRU5TT1JfMV8xNTUyMjgwNTM5Njgy','123.115.238.17','2019-03-11 13:02:20',NULL,0),
(957,1,'REVGRU5TT1JfMV8xNTUyMjgwODEwMDQ5','123.115.238.17','2019-03-11 13:06:51',NULL,0),
(958,1,'REVGRU5TT1JfMV8xNTUyMjgxNDM3NDc5','117.107.130.142','2019-03-11 13:17:18',NULL,0),
(959,1,'REVGRU5TT1JfMV8xNTUyMjgxOTE2NDc5','117.107.130.142','2019-03-11 13:25:17',NULL,0),
(960,1,'REVGRU5TT1JfMV8xNTUyMjgyNjYxMjY4','36.112.14.18','2019-03-11 13:37:42',NULL,0),
(961,1,'REVGRU5TT1JfMV8xNTUyMjgyOTg3ODkz','36.112.14.18','2019-03-11 13:43:09',NULL,0),
(962,1,'REVGRU5TT1JfMV8xNTUyMjgzNzc3MTIw','123.115.238.17','2019-03-11 13:56:18',NULL,0),
(963,1,'REVGRU5TT1JfMV8xNTUyMjg1NDU5NDAx','36.112.14.18','2019-03-11 14:24:20',NULL,0),
(964,1,'REVGRU5TT1JfMV8xNTUyMjg5MjcwMjEz','123.115.238.17','2019-03-11 15:27:51','2019-03-11 17:18:11',0),
(965,1,'REVGRU5TT1JfMV8xNTUyMjkxNDUxNzYw','117.107.130.142','2019-03-11 16:04:13',NULL,0),
(966,1,'REVGRU5TT1JfMV8xNTUyMjk3MzQ1ODMw','36.112.14.18','2019-03-11 17:42:27',NULL,0),
(967,1,'REVGRU5TT1JfMV8xNTUyMzY3NDk4MTc0','117.107.130.142','2019-03-12 13:11:39',NULL,0),
(968,1,'REVGRU5TT1JfMV8xNTUyMzY5MDY4NzY4','36.112.14.18','2019-03-12 13:37:50',NULL,0),
(969,1,'REVGRU5TT1JfMV8xNTUyMzY5ODE5MzIz','36.112.14.18','2019-03-12 13:50:20','2019-03-12 14:50:48',0),
(970,1,'REVGRU5TT1JfMV8xNTUyMzczNDc5OTk1','36.112.14.18','2019-03-12 14:51:21',NULL,0),
(971,1,'REVGRU5TT1JfMV8xNTUyMzczNTA3NjUx','36.112.14.18','2019-03-12 14:51:48',NULL,0),
(972,1,'REVGRU5TT1JfMV8xNTUyMzgwNDM5MTQz','117.107.130.142','2019-03-12 16:47:20',NULL,0),
(973,1,'REVGRU5TT1JfMV8xNTUyMzgwNzc4MzU0','36.112.14.18','2019-03-12 16:52:59',NULL,0),
(974,1,'REVGRU5TT1JfMV8xNTUyMzg0NDQ4OTcx','36.112.14.18','2019-03-12 17:54:10','2019-03-12 17:54:47',0),
(975,1,'REVGRU5TT1JfMV8xNTUyMzg1MDY4MDU3','36.112.14.18','2019-03-12 18:04:29',NULL,0),
(976,1,'REVGRU5TT1JfMV8xNTUyMzg1ODg4Mzcw','36.112.14.18','2019-03-12 18:18:09','2019-03-12 19:03:31',0),
(977,1,'REVGRU5TT1JfMV8xNTUyMzg4NjE1NTY1','36.112.14.18','2019-03-12 19:03:36',NULL,0),
(978,1,'REVGRU5TT1JfMV8xNTUyNDQ0Mjk3MDE2','36.112.14.18','2019-03-13 10:31:38',NULL,0),
(979,1,'REVGRU5TT1JfMV8xNTUyNDQ5NzUwNjU3','36.112.14.18','2019-03-13 12:02:31',NULL,0),
(980,1,'REVGRU5TT1JfMV8xNTUyNDYyNjU4NDg1','36.112.14.18','2019-03-13 15:37:39',NULL,0),
(981,1,'REVGRU5TT1JfMV8xNTUyNDYzMjM1NjE4','36.112.14.18','2019-03-13 15:47:16',NULL,0),
(982,1,'REVGRU5TT1JfMV8xNTUyNTQyNzYwNDUz','36.112.14.18','2019-03-14 13:52:41',NULL,0),
(983,1,'REVGRU5TT1JfMV8xNTUyNTUyOTc1Njc5','36.112.14.18','2019-03-14 16:42:56',NULL,0),
(984,1,'REVGRU5TT1JfMV8xNTUyNTUzODIzMDM4','36.112.14.18','2019-03-14 16:57:04',NULL,0),
(985,1,'REVGRU5TT1JfMV8xNTUyNTU4MDAwNzQy','36.112.14.18','2019-03-14 18:06:42',NULL,0),
(986,1,'REVGRU5TT1JfMV8xNTUyNTY1MTE0NDM3','36.112.14.18','2019-03-14 20:05:15',NULL,0),
(987,1,'REVGRU5TT1JfMV8xNTUyNjIxODM1MjE4','36.112.14.18','2019-03-15 11:50:36',NULL,0),
(988,1,'REVGRU5TT1JfMV8xNTUyNjM5Nzk0MTI0','36.112.14.18','2019-03-15 16:49:55',NULL,0),
(989,1,'REVGRU5TT1JfMV8xNTUyNjQ4NTYwMzEy','36.112.14.18','2019-03-15 19:16:01',NULL,0),
(990,1,'REVGRU5TT1JfMV8xNTUyNjQ5MDg2Mzkw','36.112.14.18','2019-03-15 19:24:47',NULL,0),
(991,1,'REVGRU5TT1JfMV8xNTU0MjkwNzM0MjE2','127.0.0.1','2019-04-03 19:25:34',NULL,0),
(992,1,'REVGRU5TT1JfMV8xNTU0MzM2NjY5MzAw','127.0.0.1','2019-04-04 08:11:09','2019-04-04 08:18:18',0),
(993,1,'REVGRU5TT1JfMV8xNTU0MzM3MTAyODA5','127.0.0.1','2019-04-04 08:18:22','2019-04-04 08:18:56',0),
(994,1,'REVGRU5TT1JfMV8xNTU0MzM3MTQ1MTky','127.0.0.1','2019-04-04 08:19:05','2019-04-04 08:25:04',0),
(995,1,'REVGRU5TT1JfMV8xNTU0MzM3NTA3MDQy','127.0.0.1','2019-04-04 08:25:07',NULL,0),
(996,1,'REVGRU5TT1JfMV8xNTU0MzQwMTM0MTY3','127.0.0.1','2019-04-04 09:08:54','2019-04-04 09:10:03',0),
(997,1,'REVGRU5TT1JfMV8xNTU0MzQwMjA0Nzg4','127.0.0.1','2019-04-04 09:10:04','2019-04-04 09:10:23',0),
(998,1,'REVGRU5TT1JfMV8xNTU0MzQyMDc2MzE2','127.0.0.1','2019-04-04 09:41:16',NULL,0),
(999,1,'REVGRU5TT1JfMV8xNTU0MzQ4MDk2ODU1','127.0.0.1','2019-04-04 11:21:36','2019-04-04 11:21:50',0),
(1000,1,'REVGRU5TT1JfMV8xNTU0MzQ4MTIwNDEy','127.0.0.1','2019-04-04 11:22:00','2019-04-04 11:52:53',0),
(1001,1,'REVGRU5TT1JfMV8xNTU0MzQ5OTgzNjQx','127.0.0.1','2019-04-04 11:53:03',NULL,0),
(1002,1,'REVGRU5TT1JfMV8xNTU0Mzc5NzYwMzk0','127.0.0.1','2019-04-04 20:09:20','2019-04-04 20:51:27',0),
(1003,1,'REVGRU5TT1JfMV8xNTU0MzgyMDY1MDY5','127.0.0.1','2019-04-04 20:47:45','2019-04-04 20:47:58',0),
(1004,1,'REVGRU5TT1JfMV8xNTU0MzgyMDc5NTIy','127.0.0.1','2019-04-04 20:47:59',NULL,0),
(1005,1,'REVGRU5TT1JfMV8xNTU0MzgyNDA0NDcw','127.0.0.1','2019-04-04 20:53:24','2019-04-04 20:53:31',0),
(1006,1,'REVGRU5TT1JfMV8xNTU0MzgyNDYzMzQ1','127.0.0.1','2019-04-04 20:54:23','2019-04-04 21:58:34',0),
(1007,1,'REVGRU5TT1JfMV8xNTU0Mzg0MTQ0NDky','127.0.0.1','2019-04-04 21:22:24','2019-04-04 21:24:33',0),
(1008,1,'REVGRU5TT1JfMV8xNTU0Mzg0Mjc1MTgw','127.0.0.1','2019-04-04 21:24:35','2019-04-04 21:29:36',0),
(1009,1,'REVGRU5TT1JfMV8xNTU0Mzg0NTQ4MDA3','127.0.0.1','2019-04-04 21:29:08','2019-04-04 22:01:38',0),
(1010,1,'REVGRU5TT1JfMV8xNTU0Mzg2NTAzMjc1','127.0.0.1','2019-04-04 22:01:43','2019-04-04 22:01:48',0),
(1011,1,'REVGRU5TT1JfMV8xNTU0Mzg2NTEzMDA1','127.0.0.1','2019-04-04 22:01:53','2019-04-04 22:04:04',0),
(1012,1,'REVGRU5TT1JfMV8xNTU0Mzg2NTI2NDAz','127.0.0.1','2019-04-04 22:02:06',NULL,0),
(1013,1,'REVGRU5TT1JfMV8xNTU0Mzg2NTU1NDYx','127.0.0.1','2019-04-04 22:02:35',NULL,0),
(1014,1,'REVGRU5TT1JfMV8xNTU0Mzg2NjM3NDIw','127.0.0.1','2019-04-04 22:03:57',NULL,0),
(1015,1,'REVGRU5TT1JfMV8xNTU0Mzg2NjU3MDU0','127.0.0.1','2019-04-04 22:04:17','2019-04-04 22:05:34',0),
(1016,1,'REVGRU5TT1JfMV8xNTU0Mzg2NzM5MDUz','127.0.0.1','2019-04-04 22:05:39','2019-04-04 22:07:04',0),
(1017,1,'REVGRU5TT1JfMV8xNTU0Mzg2ODMxMDMz','127.0.0.1','2019-04-04 22:07:11',NULL,0),
(1018,1,'REVGRU5TT1JfMV8xNTU0Mzg2OTA2MjU5','127.0.0.1','2019-04-04 22:08:26',NULL,0),
(1019,1,'REVGRU5TT1JfMV8xNTU0NjkwMjYzNTE2','127.0.0.1','2019-04-08 10:24:23',NULL,0),
(1020,1,'REVGRU5TT1JfMV8xNTU0NjkwMjc5NzA1','127.0.0.1','2019-04-08 10:24:39','2019-04-08 10:25:08',0),
(1021,1,'REVGRU5TT1JfMV8xNTU0NjkwMzEzMTM0','127.0.0.1','2019-04-08 10:25:13','2019-04-08 10:25:51',0),
(1022,1,'REVGRU5TT1JfMV8xNTU0NjkwMzU3MDMx','127.0.0.1','2019-04-08 10:25:57',NULL,0),
(1023,1,'REVGRU5TT1JfMV8xNTU1ODA0MzkyODMz','127.0.0.1','2019-04-21 07:53:12',NULL,0),
(1024,1,'REVGRU5TT1JfMV8xNTU1ODk2MTIxNjk1','127.0.0.1','2019-04-22 09:22:01',NULL,0),
(1025,1,'REVGRU5TT1JfMV8xNTYwNzQyNzg3NTg4','127.0.0.1','2019-06-17 11:39:47',NULL,0);

/*Table structure for table `sys_user_operate_log` */

DROP TABLE IF EXISTS `sys_user_operate_log`;

CREATE TABLE `sys_user_operate_log` (
  `id` int(11) NOT NULL AUTO_INCREMENT,
  `user_id` int(11) DEFAULT NULL,
  `data_id` int(11) DEFAULT NULL COMMENT '数据id',
  `interface_name` varchar(20) CHARACTER SET utf8mb4 COLLATE utf8mb4_bin DEFAULT NULL COMMENT '操作名',
  `request_url` varchar(100) CHARACTER SET utf8mb4 COLLATE utf8mb4_bin DEFAULT NULL COMMENT '请求的url',
  `request_json` varchar(3000) CHARACTER SET utf8mb4 COLLATE utf8mb4_bin DEFAULT NULL COMMENT '请求入参',
  `response_json` varchar(1000) CHARACTER SET utf8mb4 COLLATE utf8mb4_bin DEFAULT NULL COMMENT '请求出参',
  `create_time` timestamp NOT NULL DEFAULT CURRENT_TIMESTAMP COMMENT '创建时间',
  PRIMARY KEY (`id`)
) ENGINE=InnoDB DEFAULT CHARSET=utf8mb4 COLLATE=utf8mb4_bin COMMENT='操作记录表';

/*Data for the table `sys_user_operate_log` */

/*Table structure for table `white_list` */

DROP TABLE IF EXISTS `white_list`;

CREATE TABLE `white_list` (
  `white_id` int(11) NOT NULL AUTO_INCREMENT COMMENT '主键',
  `car_number` varchar(10) CHARACTER SET utf8mb4 COLLATE utf8mb4_bin NOT NULL COMMENT '车牌号码',
  `white_state` tinyint(4) NOT NULL DEFAULT '1' COMMENT '状态(0:关闭;1:启用)',
  `white_name` varchar(5) CHARACTER SET utf8mb4 COLLATE utf8mb4_bin DEFAULT NULL COMMENT '车主姓名',
  `white_tel` varchar(11) CHARACTER SET utf8mb4 COLLATE utf8mb4_bin DEFAULT NULL COMMENT '联系电话',
  `white_type` tinyint(4) NOT NULL DEFAULT '0' COMMENT '业务类型(0 行政 1 销售 2 售后)',
  `add_userid` int(11) DEFAULT NULL COMMENT '添加人id',
  `add_time` timestamp NOT NULL DEFAULT CURRENT_TIMESTAMP COMMENT '创建时间',
  `update_userid` int(11) DEFAULT NULL COMMENT '修改人id',
  `update_time` timestamp NULL DEFAULT NULL COMMENT '修改时间',
  `store_id` int(11) DEFAULT NULL COMMENT '门店id',
  `department_id` int(11) DEFAULT NULL,
  PRIMARY KEY (`white_id`),
  KEY `i_store_id` (`store_id`)
) ENGINE=InnoDB AUTO_INCREMENT=24 DEFAULT CHARSET=utf8mb4 COLLATE=utf8mb4_bin COMMENT='白名单';

/*Data for the table `white_list` */

insert  into `white_list`(`white_id`,`car_number`,`white_state`,`white_name`,`white_tel`,`white_type`,`add_userid`,`add_time`,`update_userid`,`update_time`,`store_id`,`department_id`) values 
(1,'京E23456',1,'1','1',0,2222,'2018-09-25 10:23:32',NULL,NULL,1,1),
(2,'京H23211',1,'2','2',0,NULL,'2018-09-25 10:23:54',NULL,NULL,2,1),
(8,'黑A12345',1,'12344','1234424',0,NULL,'2018-09-25 16:35:31',NULL,NULL,1,NULL),
(9,'黑A13345',1,'王三','1234424',1,NULL,'2018-09-25 16:35:55',1,'2018-11-06 15:02:09',1,NULL),
(10,'京ABC212',0,'niu','15127910289',0,3,'2018-11-06 15:39:57',1,'2018-11-28 14:56:39',1,1),
(11,'京123',1,'niu','',0,3,'2018-11-06 15:40:58',NULL,NULL,1,1),
(12,'京12345',1,'wang','15127910234',0,3,'2018-11-06 15:45:17',NULL,NULL,1,1),
(13,'京123uuu',1,'','',0,3,'2018-11-06 15:45:51',NULL,NULL,1,1),
(14,'京G66668',1,'','',1,3,'2018-11-06 15:51:01',1,'2018-11-12 13:10:09',1,1),
(15,'京99999',0,'','',0,3,'2018-11-06 15:56:37',NULL,NULL,1,1),
(16,'京G88881',1,'你好','18810540976',1,3,'2018-11-06 16:00:37',3,'2018-11-12 11:40:51',1,1),
(17,'京887444',0,'哈哈哈','',2,3,'2018-11-06 16:01:00',1,'2018-11-06 16:52:07',1,1),
(18,'京1232',0,'','',1,20,'2018-11-06 16:50:08',1,'2018-11-06 17:30:57',5,6),
(19,'京NJ8159',1,'张静','13552848876',2,22,'2018-11-12 17:51:04',NULL,NULL,14,18),
(20,'京C56529',1,'老铁','13601363377',0,30,'2018-12-03 16:44:56',NULL,NULL,5,24),
(21,'苏NJJ848',1,'老王','13333109876',0,30,'2018-12-03 16:58:02',NULL,NULL,5,24),
(22,'京A12433',1,'','',1,32,'2018-12-17 15:34:50',NULL,NULL,5,6),
(23,' 京MY9999',1,'','',0,47,'2018-12-20 16:08:25',NULL,NULL,5,6);

/*Table structure for table `wx_user_info` */

DROP TABLE IF EXISTS `wx_user_info`;

CREATE TABLE `wx_user_info` (
  `id` int(11) unsigned NOT NULL AUTO_INCREMENT COMMENT '记录id',
  `open_id` varchar(100) CHARACTER SET utf8mb4 COLLATE utf8mb4_bin DEFAULT NULL COMMENT '微信用户标时',
  `mobile` varchar(11) CHARACTER SET utf8mb4 COLLATE utf8mb4_bin DEFAULT NULL COMMENT '用户手机号',
  `union_id` varchar(120) CHARACTER SET utf8mb4 COLLATE utf8mb4_bin DEFAULT NULL,
  `nick_name` varchar(150) CHARACTER SET utf8mb4 COLLATE utf8mb4_unicode_ci DEFAULT NULL COMMENT '用户昵称',
  `sign_name` varchar(300) CHARACTER SET utf8mb4 COLLATE utf8mb4_bin DEFAULT NULL,
  `province` varchar(100) CHARACTER SET utf8mb4 COLLATE utf8mb4_bin DEFAULT NULL COMMENT '省份',
  `city` varchar(50) CHARACTER SET utf8mb4 COLLATE utf8mb4_bin DEFAULT NULL COMMENT '城市',
  `country` varchar(50) CHARACTER SET utf8mb4 COLLATE utf8mb4_bin DEFAULT NULL COMMENT '国家',
  `head_img_url` varchar(300) CHARACTER SET utf8mb4 COLLATE utf8mb4_bin DEFAULT NULL COMMENT '用户头像',
  `group_id` int(11) DEFAULT NULL,
  `sex` int(2) DEFAULT '0' COMMENT '性别 0未知 1 男 2 女',
  `remark` varchar(500) CHARACTER SET utf8mb4 COLLATE utf8mb4_bin DEFAULT NULL,
  `create_time` timestamp NULL DEFAULT CURRENT_TIMESTAMP COMMENT '关注时间',
  `update_time` timestamp NULL DEFAULT NULL,
  `deleted` bit(1) DEFAULT b'0',
  `user_id` int(11) DEFAULT NULL COMMENT '用户表的ID',
  PRIMARY KEY (`id`) USING BTREE,
  UNIQUE KEY `UK_WX_USER_OPEN_ID` (`open_id`),
  KEY `i_user_id` (`user_id`)
) ENGINE=InnoDB AUTO_INCREMENT=24 DEFAULT CHARSET=utf8mb4 COLLATE=utf8mb4_bin ROW_FORMAT=COMPACT COMMENT='微信基本信息';

/*Data for the table `wx_user_info` */

insert  into `wx_user_info`(`id`,`open_id`,`mobile`,`union_id`,`nick_name`,`sign_name`,`province`,`city`,`country`,`head_img_url`,`group_id`,`sex`,`remark`,`create_time`,`update_time`,`deleted`,`user_id`) values 
(1,'orli75l1rwbwvEZ320mQzBBpAZJw','15663893379',NULL,'.',NULL,'萨尔茨堡','','奥地利','http://thirdwx.qlogo.cn/mmopen/VlVq7iah3P1way6Nt7661Qd8IZ0wCpuibt75oMnvsTKgibxqQ4rFIO9yfdX04kWK4oFDrAtSwSrbIJ80u7GQcPDicCMFJXzibJ2Hp/132',0,1,'','2018-10-31 14:55:11','2018-12-24 11:04:15','\0',25),
(2,'orli75txAgb977dtfhpxqZa4-2Oo',NULL,NULL,'懒懒的仰望',NULL,'黑龙江','哈尔滨','中国','http://thirdwx.qlogo.cn/mmopen/ULKwRyASQ3DxNtQicfbaQicuAHia6n10ZtHC75mWttYRXic7WO3kkmdDsAFf3oSzUAYCJ7MfbLt9ib31Cz0TMWVOAKib95qsET8NhN/132',0,2,'','2018-10-31 16:17:35','2018-10-31 16:17:53','',NULL),
(4,'orli75rGbdEIFyH4Fr5p6Q9lr-vQ',NULL,NULL,'Fanta',NULL,'北京','朝阳','中国','http://thirdwx.qlogo.cn/mmopen/3Lqm1xHojtblqE0Gop50aDkhvmFXjEZ5xrVAhPiaicXeib5rro9MTwRA9qyUTTdpZlcSMaRKibY3hyXdwZiczcYxnhw/132',0,1,'','2018-11-23 10:54:03','2018-12-24 19:00:51','\0',25),
(5,'orli75jMvJUA_NIZmrJLqBFgpKFg',NULL,NULL,'姜盼盼',NULL,'北京','海淀','中国','http://thirdwx.qlogo.cn/mmopen/WzSZVODwnxB80nuBdNyx0lWc1aXY6oRwblFzKKqibibybhQ9V8s20y1AcMHnBttturATG38peWoSmichjst8ucxEftg5icbznzS2/132',0,2,'','2018-11-28 14:52:34','2018-12-24 10:26:44','\0',23),
(6,'orli75v4GFr1gIksDRyZriXzBWuc',NULL,NULL,'崔文延',NULL,'北京','朝阳','中国','http://thirdwx.qlogo.cn/mmopen/WzSZVODwnxB80nuBdNyx0rGBFicrv2licE6csULbsuR3EA4zqX60l9bSCu3bLE7r0JCybLaUWiaBQXPrV38LzrXgxlwe0uf61Oh/132',0,2,'','2018-11-28 14:56:30',NULL,'\0',24),
(7,'orli75uDJm1NEBJH7umRQHeL0uUg',NULL,NULL,'Jerry',NULL,'法兰克福','','德国','http://thirdwx.qlogo.cn/mmopen/NudRlmZWq1EBX1DQXRrU63wYibZVxTaOllicMNbCmhibjAUll5mHI2bfGVNw1kVnFZzfVnEQrLqiaTnicOIBSukI9EhkPRNL5OKaD/132',0,1,'','2018-11-28 15:10:41','2018-12-24 11:03:50','\0',32),
(8,'orli75gRoGxRw4_niWk73zOQeEyc',NULL,NULL,'forever',NULL,'北京','朝阳','中国','http://thirdwx.qlogo.cn/mmopen/VlVq7iah3P1way6Nt7661QRMrGGaUUAEnFiaFF51eOf8GG4yTKGqce4eALJo34BNbEVv7WFN7Wf38rOyot80OdzRVOISQNhcwb/132',0,1,'','2018-11-28 15:38:45','2018-11-29 15:23:19','\0',NULL),
(9,'orli75keWnM1thil6jLAibW69Zhs',NULL,NULL,'Eternal',NULL,'山东','济宁','中国','http://thirdwx.qlogo.cn/mmopen/ULKwRyASQ3AsXf77Cdp8ibia5mbypKz1OzYWq1OnboXgPkYzPG3EEEqxCibtBSF9yTrg1O8LPeN8aCibV7jdgAjYibL8DhKIgdYwX/132',0,1,'','2018-11-28 17:13:54','2018-12-24 11:15:10','\0',NULL),
(10,'orli75pRk3RvUsvYCiMXqnVHMgWo',NULL,NULL,'宁静志远',NULL,'','','','http://thirdwx.qlogo.cn/mmopen/ULKwRyASQ3DJDOh5SURNO2YK8Idl9ZQMRSo9gxZdno2cdGrRuuWebs4hP9bP1iagrTJbfmZycaZqgp2pOgBBBIic5JafhmMqHv/132',0,0,'','2018-11-28 17:22:38','2018-12-24 11:12:25','\0',32),
(11,'orli75k5hcoe3Osc92Vo6v3YluJc',NULL,NULL,'mo了然后',NULL,'四川','成都','中国','http://thirdwx.qlogo.cn/mmopen/ULKwRyASQ3CQKNzIk1icxtQ40Mbn6jbvYHQQvavTe1ib4M1bCD8PuAfYpdqTSZdky93OEP6wkP8sVCkv8eUtpycC8SpkXU0ejr/132',0,2,'','2018-11-28 17:24:55','2018-12-06 14:50:58','\0',NULL),
(14,'orli75ktqwvHMap5TTGgvuQjMkCk',NULL,NULL,'蜡笔小新没有笔',NULL,'陕西','西安','中国','http://thirdwx.qlogo.cn/mmopen/ULKwRyASQ3AJCZVgkU6j6RSYVDz3WCwDpoj2ZB01LCKaI5KVC3S1LJ6lV5rJsDDmQKWMAsxEg5ng0dLIiaM0t3sDRtqZlqIgS/132',0,2,'','2018-11-29 15:22:04',NULL,'',NULL),
(15,'orli75vbOh1OYj74w3Vm70XXED1o',NULL,NULL,'寰',NULL,'北京','海淀','中国','http://thirdwx.qlogo.cn/mmopen/PiajxSqBRaEJqgibeb2ZwVoahcHxiahazjuCySVTd7jkUoEzicmoHyViaAm3c9KjAkDeYTFHtPSu0AjJbzHkKicojX1A/132',0,2,'','2018-12-19 15:30:03',NULL,'\0',NULL),
(16,'orli75hFatt_lr9lBOAjMB7Onq4I',NULL,NULL,'丹丹',NULL,'北京','大兴','中国','http://thirdwx.qlogo.cn/mmopen/VlVq7iah3P1way6Nt7661QcPccaUstttW5T13zsqPmRbtlY83FYmLE2wPGF9kLLpM00Q9BUbOUiawOh0NMbHeLicR3z0SsD7exN/132',0,2,'','2018-12-20 10:27:34',NULL,'\0',45),
(17,'orli75nY3Q0bXMOxLeYF_TxyiDwE',NULL,NULL,'燕子',NULL,'北京','海淀','中国','http://thirdwx.qlogo.cn/mmopen/KLZqjU0pYozp2Kibf5pwpCa9cT8WdZdIibOTBnSRvaq5ibK07Vm9u0fhHdU7ibFyEr23c6NtfYgvJlnibC5GWEibk1VpSEzcra5abia/132',0,2,'','2018-12-20 10:50:49','2018-12-25 11:29:46','\0',47),
(18,'orli75iOsdsaiSl7e_Ao-UBwaaXA',NULL,NULL,'.',NULL,'','','','http://thirdwx.qlogo.cn/mmopen/ULKwRyASQ3CefXjHLkTIeRNNyKypsnr5JzjSNLNZl7R1uia4icxBxhvgumqnn09Knrxb1op4w1mXXI85EIaGMiaLA/132',0,0,'','2018-12-20 11:21:07',NULL,'\0',NULL),
(19,'orli75vubFDyTwdMTo4612MSgaqY',NULL,NULL,'王铁军',NULL,'','','百慕大','http://thirdwx.qlogo.cn/mmopen/3Lqm1xHojtb6DeIm5Hw0k1h8wGX95w0BtiaavXMQ7vBYjDib1PL8QQsXzh1icgwZ4T9Vy2peiaKYelbWCvQuBAdLmA/132',0,1,'','2018-12-21 11:41:49',NULL,'\0',NULL),
(20,'orli75vOcPfH-1vSlvVeCH8Z2YwU',NULL,NULL,'张静',NULL,'北京','','中国','http://thirdwx.qlogo.cn/mmopen/3Lqm1xHojtaux42g2Gk7KjTFAFf1zyckLQpKoSM4l451YeLTfS3NJzxcb1IvZLAAtHaNibBLktXL7ZkgaEdKZQYiaNsbNr6adr/132',0,2,'','2018-12-24 13:57:55',NULL,'\0',NULL),
(21,'orli75sXkRZp2I-Ay3RjLtMcaewM',NULL,NULL,'万事如意',NULL,'北京','','中国','http://thirdwx.qlogo.cn/mmopen/O7h3KbEXfvZFoLIIOhpNxj9OjB3QLpT8yibt5oATrwObe7rrjExdGf6rkzGnHibhlW9JsR8Wbq3XNb8QxAyFq1jmwt4tBGvZ3I/132',0,1,'','2018-12-25 10:34:59',NULL,'\0',48),
(22,'orli75rHK3m5HkAvwvgLKmjzj2v4',NULL,NULL,'晓涛',NULL,'北京',NULL,'中国',NULL,0,1,NULL,'2019-03-15 15:38:40',NULL,'\0',49);

/*!40101 SET SQL_MODE=@OLD_SQL_MODE */;
/*!40014 SET FOREIGN_KEY_CHECKS=@OLD_FOREIGN_KEY_CHECKS */;
/*!40014 SET UNIQUE_CHECKS=@OLD_UNIQUE_CHECKS */;
/*!40111 SET SQL_NOTES=@OLD_SQL_NOTES */;
